ID,‰^—p,•Ö‰ñ,—ñŽÔ”Ô†,ŽÔŽí,”­‰w,’…‰w,Š‘®‹æ,Žd‹Æ”Ô†,Žd‹Æ‡,Œ`Ž®,‡Œv—¼”,•Ò¬ˆÊ’u,æŒpŽž,”­ŽÔŽž,“ž’…Žž,ŽŸ•Ö‰ñ,ŽŸ—ñŽÔ”Ô†,ŽŸŽÔŽí,ŽŸæŒpŽž,ŽŸ”­ŽÔŽž
8970,C,,3021,M,¬‘q    ,‘å•ª    ,–åŽiŽÔ¶‹æ    ,10,1,,,,,1242,1402,,3044,M,1555,1610
8971,C,,3044,M,‘å•ª    ,”Ž‘½    ,–åŽiŽÔ¶‹æ    ,10,2,,,,1555,1610,1831,,4154,M,1927,1928
8972,C,,4154,M,”Ž‘½    ,¬‘q    ,–åŽiŽÔ¶‹æ    ,10,3,,,,1927,1928,2055,,147,M,,2240
8973,C,,147,M,¬‘q    ,“ì•Ÿ‰ª  ,–åŽiŽÔ¶‹æ    ,10,4,,,,,2240,25,,2122,M,607,623
8974,C,,2122,M,“ì•Ÿ‰ª  ,ŠC˜V’Ã  ,–åŽiŽÔ¶‹æ    ,10,5,,,,607,623,738,,2133,M,,750
8975,C,,2133,M,ŠC˜V’Ã  ,”Ž‘½    ,–åŽiŽÔ¶‹æ    ,10,6,,,,,750,847,,4124,M,1008,1009
8976,C,,4124,M,”Ž‘½    ,¬‘q    ,–åŽiŽÔ¶‹æ    ,10,7,,,,1008,1009,1131,I,,,,
8977,C,,4127,M,¬‘q    ,”Ž‘½    ,–åŽiŽÔ¶‹æ    ,11,1,,,,954,955,1123,,3023,M,1213,1220
8978,C,,3023,M,”Ž‘½    ,‘å•ª    ,–åŽiŽÔ¶‹æ    ,11,2,,,,1213,1220,1438,,3046,M,1629,1644
8979,C,,3046,M,‘å•ª    ,”Ž‘½    ,–åŽiŽÔ¶‹æ    ,11,3,,,,1629,1644,1852,,3053,M,1955,2000
8980,C,,3053,M,”Ž‘½    ,¬‘q    ,–åŽiŽÔ¶‹æ    ,11,4,,,,1955,2000,2048,,2357,M,,2211
8981,C,,2357,M,¬‘q    ,”Ž‘½    ,–åŽiŽÔ¶‹æ    ,11,5,,,,,2211,2343,,128,M,,714
8982,C,,128,M,”Ž‘½    ,–åŽi`  ,–åŽiŽÔ¶‹æ    ,11,6,,,,,714,903,,4127,M,928,938
8983,C,,4127,M,–åŽi`  ,¬‘q    ,–åŽiŽÔ¶‹æ    ,11,7,,,,928,938,951,I,,,,
8984,C,,3123,M,¬‘q    ,”Ž‘½    ,–åŽiŽÔ¶‹æ    ,12,1,,,,1044,1045,1159,,2029,H,1245,1254
8985,C,,2029,H,”Ž‘½    ,•—Y‰·ò,–åŽiŽÔ¶‹æ    ,12,2,,,,1245,1254,1355,,2034,H,1411,1416
8986,C,,2034,H,•—Y‰·ò,”Ž‘½    ,–åŽiŽÔ¶‹æ    ,12,3,,,,1411,1416,1514,,3039,M,1613,1620
8987,C,,3039,M,”Ž‘½    ,‘å•ª    ,–åŽiŽÔ¶‹æ    ,12,4,,,,1613,1620,1839,,5016,M,2053,2055
8988,C,,5016,M,‘å•ª    ,¬‘q    ,–åŽiŽÔ¶‹æ    ,12,5,,,,2053,2055,2227,,5003,M,628,639
8989,C,,5003,M,¬‘q    ,‘å•ª    ,–åŽiŽÔ¶‹æ    ,12,6,,,,628,639,817,,3018,M,925,939
8990,C,,3018,M,‘å•ª    ,¬‘q    ,–åŽiŽÔ¶‹æ    ,12,7,,,,925,939,1103,I,,,,
8991,C,‰ü,3008,M,¬‘q    ,”Ž‘½    ,–åŽiŽÔ¶‹æ    ,13,1,,,,,845,939,,2340,M,1039,1040
8992,C,,2340,M,”Ž‘½    ,•ŸŠÔ    ,–åŽiŽÔ¶‹æ    ,13,2,,,,1039,1040,1110,,2333,M,,1115
8993,C,,2333,M,•ŸŠÔ    ,”Ž‘½    ,–åŽiŽÔ¶‹æ    ,13,3,,,,,1115,1145,,3025,M,1250,1300
8994,C,,3025,M,”Ž‘½    ,‘å•ª    ,–åŽiŽÔ¶‹æ    ,13,4,,,,1250,1300,1502,•Ö,3050,M,,1744
8995,C,•Ö,3050,M,‘å•ª    ,•Ê•{    ,–åŽiŽÔ¶‹æ    ,13,5,,,,,1744,1752,,86,D,1801,1809
8996,C,,86,D,•Ê•{    ,”Ž‘½    ,–åŽiŽÔ¶‹æ    ,13,6,,,,1801,1809,2134,,122,M,512,522
8997,C,,122,M,”Ž‘½    ,¬‘q    ,–åŽiŽÔ¶‹æ    ,13,7,,,,512,522,650,,2223,M,,702
8998,C,,2223,M,¬‘q    ,‰“‰êì  ,–åŽiŽÔ¶‹æ    ,13,8,,,,,702,738,,2226,M,,744
8999,C,,2226,M,‰“‰êì  ,–åŽi`  ,–åŽiŽÔ¶‹æ    ,13,9,,,,,744,834,,4125,M,904,914
9000,C,,4125,M,–åŽi`  ,¬‘q    ,–åŽiŽÔ¶‹æ    ,13,10,,,,904,914,927,I,,,,
9001,C,•Ö,4132,M,¬‘q    ,–åŽi`  ,–åŽiŽÔ¶‹æ    ,14,1,,,,,1434,1447,,4145,M,1517,1524
9002,C,,4145,M,–åŽi`  ,”Ž‘½    ,–åŽiŽÔ¶‹æ    ,14,2,,,,1517,1524,1702,,2051,H,1753,1800
9003,C,,2051,H,”Ž‘½    ,•—Y‰·ò,–åŽiŽÔ¶‹æ    ,14,3,,,,1753,1800,1901,,2054,H,1915,1918
9004,C,,2054,H,•—Y‰·ò,”Ž‘½    ,–åŽiŽÔ¶‹æ    ,14,4,,,,1915,1918,2017,,60,M,2119,2130
9005,C,,60,M,”Ž‘½    ,–åŽi`  ,–åŽiŽÔ¶‹æ    ,14,5,,,,2119,2130,2239,,129,M,550,557
9006,C,,129,M,–åŽi`  ,“ì•Ÿ‰ª  ,–åŽiŽÔ¶‹æ    ,14,6,,,,550,557,813,•Ö,2130,M,,832
9007,C,•Ö,2130,M,“ì•Ÿ‰ª  ,”Ž‘½    ,–åŽiŽÔ¶‹æ    ,14,7,,,,,832,841,,4122,M,927,928
9008,C,,4122,M,”Ž‘½    ,–åŽi`  ,–åŽiŽÔ¶‹æ    ,14,8,,,,927,928,1113,,4133,M,1138,1148
9009,C,,4133,M,–åŽi`  ,¬‘q    ,–åŽiŽÔ¶‹æ    ,14,9,,,,1138,1148,1201,I,,,,
9010,C,,5134,M,¬‘q    ,‰ºŠÖ    ,–åŽiŽÔ¶‹æ    ,15,1,,,,,817,834,,5139,M,,849
9011,C,,5139,M,‰ºŠÖ    ,–åŽi    ,–åŽiŽÔ¶‹æ    ,15,2,,,,,849,856,,5140,M,,908
9012,C,,5140,M,–åŽi    ,‰ºŠÖ    ,–åŽiŽÔ¶‹æ    ,15,3,,,,,908,915,,5145,M,,921
9013,C,,5145,M,‰ºŠÖ    ,¬‘q    ,–åŽiŽÔ¶‹æ    ,15,4,,,,,921,934,,3011,M,,1012
9014,C,,3011,M,¬‘q    ,‘å•ª    ,–åŽiŽÔ¶‹æ    ,15,5,,,,,1012,1144,,3030,M,1229,1244
9015,C,,3030,M,‘å•ª    ,¬‘q    ,–åŽiŽÔ¶‹æ    ,15,6,,,,1229,1244,1403,,4147,M,1622,1627
9016,C,,4147,M,¬‘q    ,”Ž‘½    ,–åŽiŽÔ¶‹æ    ,15,7,,,,1622,1627,1800,,56,M,1830,1839
9017,C,,56,M,”Ž‘½    ,–åŽi`  ,–åŽiŽÔ¶‹æ    ,15,8,,,,1830,1839,1950,•Ö,2235,M,,2045
9018,C,•Ö,2235,M,–åŽi`  ,¬‘q    ,–åŽiŽÔ¶‹æ    ,15,9,,,,,2045,2059,,2237,M,2219,2224
9019,C,,2237,M,¬‘q    ,•ŸŠÔ    ,–åŽiŽÔ¶‹æ    ,15,10,,,,2219,2224,2321,,2121,M,512,516
9020,C,,2121,M,•ŸŠÔ    ,”Ž‘½    ,–åŽiŽÔ¶‹æ    ,15,11,,,,512,516,550,,3003,M,653,700
9021,C,,3003,M,”Ž‘½    ,¬‘q    ,–åŽiŽÔ¶‹æ    ,15,12,,,,653,700,758,I,,,,
9022,C,,3015,M,¬‘q    ,‘å•ª    ,–åŽiŽÔ¶‹æ    ,16,1,,,,,1109,1236,,3036,M,1356,1411
9023,C,,3036,M,‘å•ª    ,”Ž‘½    ,–åŽiŽÔ¶‹æ    ,16,2,,,,1356,1411,1628,,3047,M,1815,1820
9024,C,,3047,M,”Ž‘½    ,‘å•ª    ,–åŽiŽÔ¶‹æ    ,16,3,,,,1815,1820,2042,,3002,M,507,512
9025,C,,3002,M,‘å•ª    ,”Ž‘½    ,–åŽiŽÔ¶‹æ    ,16,4,,,,507,512,737,,4222,M,848,849
9026,C,,4222,M,”Ž‘½    ,–åŽi`  ,–åŽiŽÔ¶‹æ    ,16,5,,,,848,849,1015,•Ö,4129,M,,1048
9027,C,•Ö,4129,M,–åŽi`  ,¬‘q    ,–åŽiŽÔ¶‹æ    ,16,6,,,,,1048,1101,I,,,,
9028,C,‰ü,91,M,¬‘q    ,”Ž‘½    ,–åŽiŽÔ¶‹æ    ,17,1,,,,,1024,1119,,2143,M,1208,1209
9029,C,,2143,M,”Ž‘½    ,“ñ“úŽs  ,–åŽiŽÔ¶‹æ    ,17,2,,,,1208,1209,1233,,2150,M,,1256
9030,C,,2150,M,“ñ“úŽs  ,”Ž‘½    ,–åŽiŽÔ¶‹æ    ,17,3,,,,,1256,1320,,3031,M,1413,1420
9031,C,,3031,M,”Ž‘½    ,‘å•ª    ,–åŽiŽÔ¶‹æ    ,17,4,,,,1413,1420,1637,,3054,M,1828,1843
9032,C,,3054,M,‘å•ª    ,”Ž‘½    ,–åŽiŽÔ¶‹æ    ,17,5,,,,1828,1843,2050,,3059,M,2159,2206
9033,C,,3059,M,”Ž‘½    ,¬‘q    ,–åŽiŽÔ¶‹æ    ,17,6,,,,2159,2206,2257,•Ö,3222,M,,2303
9034,C,•Ö,3222,M,¬‘q    ,–åŽi`  ,–åŽiŽÔ¶‹æ    ,17,7,,,,,2303,2317,,3225,M,634,644
9035,C,,3225,M,–åŽi`  ,”Ž‘½    ,–åŽiŽÔ¶‹æ    ,17,8,,,,634,644,817,,3011,M,914,921
9036,C,,3011,M,”Ž‘½    ,¬‘q    ,–åŽiŽÔ¶‹æ    ,17,9,,,,914,921,1010,I,,,,
9037,C,‰ü,3028,M,¬‘q    ,”Ž‘½    ,–åŽiŽÔ¶‹æ    ,20,1,,,,,1340,1428,,2157,M,1536,1537
9038,C,,2157,M,”Ž‘½    ,’¹²    ,–åŽiŽÔ¶‹æ    ,20,2,,,,1536,1537,1620,,4226,M,,1625
9039,C,,4226,M,’¹²    ,”Ž‘½    ,–åŽiŽÔ¶‹æ    ,20,3,,,,,1625,1653,,4150,M,1731,1732
9040,C,,4150,M,”Ž‘½    ,–åŽi`  ,–åŽiŽÔ¶‹æ    ,20,4,,,,1731,1732,1930,,2235,M,2035,2045
9041,C,,2235,M,–åŽi`  ,¬‘q    ,–åŽiŽÔ¶‹æ    ,20,5,,,,2035,2045,2059,,4159,M,,2123
9042,C,,4159,M,¬‘q    ,”Ž‘½    ,–åŽiŽÔ¶‹æ    ,20,6,,,,,2123,2249,,2066,H,2341,2344
9043,C,,2066,H,”Ž‘½    ,–åŽi`  ,–åŽiŽÔ¶‹æ    ,20,7,,,,2341,2344,52,•Ö,523,M,,715
9044,C,•Ö,523,M,–åŽi`  ,¬‘q    ,–åŽiŽÔ¶‹æ    ,20,8,,,,,715,728,,3227,M,,749
9045,C,,3227,M,¬‘q    ,“ì•Ÿ‰ª  ,–åŽiŽÔ¶‹æ    ,20,9,,,,,749,911,•Ö,2338,M,,927
9046,C,•Ö,2338,M,“ì•Ÿ‰ª  ,”Ž‘½    ,–åŽiŽÔ¶‹æ    ,20,10,,,,,927,935,,4126,M,1031,1032
9047,C,,4126,M,”Ž‘½    ,¬‘q    ,–åŽiŽÔ¶‹æ    ,20,11,,,,1031,1032,1149,I,,,,
9048,C,,3014,M,¬‘q    ,”Ž‘½    ,–åŽiŽÔ¶‹æ    ,21,1,,,,,1005,1049,,2025,H,1142,1153
9049,C,,2025,H,”Ž‘½    ,•—Y‰·ò,–åŽiŽÔ¶‹æ    ,21,2,,,,1142,1153,1253,,2030,H,1310,1315
9050,C,,2030,H,•—Y‰·ò,”Ž‘½    ,–åŽiŽÔ¶‹æ    ,21,3,,,,1310,1315,1414,,2158,M,1523,1524
9051,C,,2158,M,”Ž‘½    ,Ü”ö@Ž­,–åŽiŽÔ¶‹æ    ,21,4,,,,1523,1524,1633,,2345,M,,1639
9052,C,,2345,M,Ü”ö@Ž­,”Ž‘½    ,–åŽiŽÔ¶‹æ    ,21,5,,,,,1639,1743,,3049,M,1855,1900
9053,C,,3049,M,”Ž‘½    ,‘å•ª    ,–åŽiŽÔ¶‹æ    ,21,6,,,,1855,1900,2110,,3092,M,2241,2256
9054,C,,3092,M,‘å•ª    ,’†’Ã    ,–åŽiŽÔ¶‹æ    ,21,7,,,,2241,2256,2353,,3082,M,529,534
9055,C,,3082,M,’†’Ã    ,”Ž‘½    ,–åŽiŽÔ¶‹æ    ,21,8,,,,529,534,713,,3005,M,747,802
9056,C,,3005,M,”Ž‘½    ,¬‘q    ,–åŽiŽÔ¶‹æ    ,21,9,,,,747,802,856,I,,,,
9057,C,‰ü,3029,M,¬‘q    ,‘å•ª    ,–åŽiŽÔ¶‹æ    ,22,1,,,,,1442,1604,,3048,M,1655,1710
9058,C,,3048,M,‘å•ª    ,”Ž‘½    ,–åŽiŽÔ¶‹æ    ,22,2,,,,1655,1710,1929,,2063,H,2052,2102
9059,C,,2063,H,”Ž‘½    ,•—Y‰·ò,–åŽiŽÔ¶‹æ    ,22,3,,,,2052,2102,2201,,2066,H,2238,2243
9060,C,,2066,H,•—Y‰·ò,”Ž‘½    ,–åŽiŽÔ¶‹æ    ,22,4,,,,2238,2243,2341,\,2627,H,,716
9061,C,\,2627,H,”Ž‘½    ,”Ž‘½    ,–åŽiŽÔ¶‹æ    ,22,5,,,,,716,723,,132,M,758,759
9062,C,,132,M,”Ž‘½    ,–åŽi`  ,–åŽiŽÔ¶‹æ    ,22,6,,,,758,759,959,•Ö,3123,M,,1023
9063,C,•Ö,3123,M,–åŽi`  ,¬‘q    ,–åŽiŽÔ¶‹æ    ,22,7,,,,,1023,1037,I,,,,
9064,C,,3005,M,¬‘q    ,‘å•ª    ,–åŽiŽÔ¶‹æ    ,23,1,,,,,858,1026,,3026,M,1129,1144
9065,C,,3026,M,‘å•ª    ,”Ž‘½    ,–åŽiŽÔ¶‹æ    ,23,2,,,,1129,1144,1349,,2041,H,1544,1555
9066,C,,2041,H,”Ž‘½    ,•—Y‰·ò,–åŽiŽÔ¶‹æ    ,23,3,,,,1544,1555,1655,,2046,H,1708,1713
9067,C,,2046,H,•—Y‰·ò,”Ž‘½    ,–åŽiŽÔ¶‹æ    ,23,4,,,,1708,1713,1813,,1010,M,1935,1940
9068,C,,1010,M,”Ž‘½    ,–åŽi`  ,–åŽiŽÔ¶‹æ    ,23,5,,,,1935,1940,2051,,575,M,2254,2304
9069,C,,575,M,–åŽi`  ,¬‘q    ,–åŽiŽÔ¶‹æ    ,23,6,,,,2254,2304,2318,,577,M,2350,2357
9070,C,,577,M,¬‘q    ,s‹´    ,–åŽiŽÔ¶‹æ    ,23,7,,,,2350,2357,28,,5522,M,552,557
9071,C,,5522,M,s‹´    ,‰ºŠÖ    ,–åŽiŽÔ¶‹æ    ,23,8,,,,552,557,650,,5127,M,,706
9072,C,,5127,M,‰ºŠÖ    ,¬‘q    ,–åŽiŽÔ¶‹æ    ,23,9,,,,,706,719,,5128,M,,733
9073,C,,5128,M,¬‘q    ,‰ºŠÖ    ,–åŽiŽÔ¶‹æ    ,23,10,,,,,733,750,,5133,M,,756
9074,C,,5133,M,‰ºŠÖ    ,¬‘q    ,–åŽiŽÔ¶‹æ    ,23,11,,,,,756,809,I,,,,
9075,C,,3017,M,¬‘q    ,‘å•ª    ,–åŽiŽÔ¶‹æ    ,24,1,,,,,1142,1301,,3040,M,1456,1511
9076,C,,3040,M,‘å•ª    ,”Ž‘½    ,–åŽiŽÔ¶‹æ    ,24,2,,,,1456,1511,1728,‰ü,3045,M,,1800
9077,C,‰ü,3045,M,”Ž‘½    ,¬‘q    ,–åŽiŽÔ¶‹æ    ,24,3,,,,,1800,1846,,3052,M,,1940
9078,C,,3052,M,¬‘q    ,”Ž‘½    ,–åŽiŽÔ¶‹æ    ,24,4,,,,,1940,2028,,1092,H,2124,2137
9079,C,,1092,H,”Ž‘½    ,’¼•û    ,–åŽiŽÔ¶‹æ    ,24,5,,,,2124,2137,2229,,1091,H,659,705
9080,C,,1091,H,’¼•û    ,”Ž‘½    ,–åŽiŽÔ¶‹æ    ,24,6,,,,659,705,802,‰ü,3007,M,,820
9081,C,‰ü,3007,M,”Ž‘½    ,¬‘q    ,–åŽiŽÔ¶‹æ    ,24,7,,,,,820,914,I,,,,
9082,C,,2824,M,¬‘q    ,–åŽi`  ,–åŽiŽÔ¶‹æ    ,25,1,,,,1020,1021,1035,,4131,M,,1123
9083,C,,4131,M,–åŽi`  ,”Ž‘½    ,–åŽiŽÔ¶‹æ    ,25,2,,,,,1123,1258,,4138,M,1431,1432
9084,C,,4138,M,”Ž‘½    ,–åŽi`  ,–åŽiŽÔ¶‹æ    ,25,3,,,,1431,1432,1610,,2229,M,,1726
9085,C,,2229,M,–åŽi`  ,‰“‰êì  ,–åŽiŽÔ¶‹æ    ,25,4,,,,,1726,1812,,2232,M,,1818
9086,C,,2232,M,‰“‰êì  ,–åŽi`  ,–åŽiŽÔ¶‹æ    ,25,5,,,,,1818,1911,,3229,M,2009,2019
9087,C,,3229,M,–åŽi`  ,”Ž‘½    ,–åŽiŽÔ¶‹æ    ,25,6,,,,2009,2019,2148,•Ö,2879,M,,2200
9088,C,•Ö,2879,M,”Ž‘½    ,“ì•Ÿ‰ª  ,–åŽiŽÔ¶‹æ    ,25,7,,,,,2200,2210,,2182,M,2311,2318
9089,C,,2182,M,“ì•Ÿ‰ª  ,Ü”ö@Ž­,–åŽiŽÔ¶‹æ    ,25,8,,,,2311,2318,31,,2327,M,631,636
9090,C,,2327,M,Ü”ö@Ž­,”Ž‘½    ,–åŽiŽÔ¶‹æ    ,25,9,,,,631,636,748,,4120,M,834,835
9091,C,,4120,M,”Ž‘½    ,–åŽi`  ,–åŽiŽÔ¶‹æ    ,25,10,,,,834,835,1010,,4129,M,1038,1048
9092,C,,4129,M,–åŽi`  ,¬‘q    ,–åŽiŽÔ¶‹æ    ,25,11,,,,1038,1048,1101,I,,,,
9093,C,,3016,M,¬‘q    ,”Ž‘½    ,–åŽiŽÔ¶‹æ    ,26,1,,,,,1040,1129,,2335,M,1300,1301
9094,C,,2335,M,”Ž‘½    ,‹v—¯•Ä  ,–åŽiŽÔ¶‹æ    ,26,2,,,,1300,1301,1355,,2350,M,,1406
9095,C,,2350,M,‹v—¯•Ä  ,”Ž‘½    ,–åŽiŽÔ¶‹æ    ,26,3,,,,,1406,1500,,3037,M,1550,1600
9096,C,,3037,M,”Ž‘½    ,‘å•ª    ,–åŽiŽÔ¶‹æ    ,26,4,,,,1550,1600,1805,,3058,M,1959,2010
9097,C,,3058,M,‘å•ª    ,”Ž‘½    ,–åŽiŽÔ¶‹æ    ,26,5,,,,1959,2010,2230,,3001,M,611,621
9098,C,,3001,M,”Ž‘½    ,‘å•ª    ,–åŽiŽÔ¶‹æ    ,26,6,,,,611,621,844,‰ü,3018,M,,939
9099,C,‰ü,3018,M,‘å•ª    ,¬‘q    ,–åŽiŽÔ¶‹æ    ,26,7,,,,,939,1103,I,,,,
9100,C,,5005,M,¬‘q    ,‘å•ª    ,–åŽiŽÔ¶‹æ    ,27,1,,,,,835,1004,,3024,M,1056,1111
9101,C,,3024,M,‘å•ª    ,”Ž‘½    ,–åŽiŽÔ¶‹æ    ,27,2,,,,1056,1111,1328,,2037,H,1445,1454
9102,C,,2037,H,”Ž‘½    ,•—Y‰·ò,–åŽiŽÔ¶‹æ    ,27,3,,,,1445,1454,1554,,2042,H,1610,1615
9103,C,,2042,H,•—Y‰·ò,”Ž‘½    ,–åŽiŽÔ¶‹æ    ,27,4,,,,1610,1615,1714,,85,D,1817,1830
9104,C,,85,D,”Ž‘½    ,‘å•ª    ,–åŽiŽÔ¶‹æ    ,27,5,,,,1817,1830,2143,,3010,M,730,746
9105,C,,3010,M,‘å•ª    ,¬‘q    ,–åŽiŽÔ¶‹æ    ,27,6,,,,730,746,915,I,,,,
9106,C,,4124,M,¬‘q    ,–åŽi`  ,–åŽiŽÔ¶‹æ    ,30,1,,,,1132,1133,1146,,4135,M,1213,1223
9107,C,,4135,M,–åŽi`  ,”Ž‘½    ,–åŽiŽÔ¶‹æ    ,30,2,,,,1213,1223,1358,,2350,M,1501,1502
9108,C,,2350,M,”Ž‘½    ,•ŸŠÔ    ,–åŽiŽÔ¶‹æ    ,30,3,,,,1501,1502,1532,,2163,M,1558,1603
9109,C,,2163,M,•ŸŠÔ    ,“ñ“úŽs  ,–åŽiŽÔ¶‹æ    ,30,4,,,,1558,1603,1700,,2168,M,,1716
9110,C,,2168,M,“ñ“úŽs  ,”Ž‘½    ,–åŽiŽÔ¶‹æ    ,30,5,,,,,1716,1743,,2174,M,1841,1842
9111,C,,2174,M,”Ž‘½    ,•ŸŠÔ    ,–åŽiŽÔ¶‹æ    ,30,6,,,,1841,1842,1923,,2179,M,,1937
9112,C,,2179,M,•ŸŠÔ    ,”Ž‘½    ,–åŽiŽÔ¶‹æ    ,30,7,,,,,1937,2010,,2366,M,2131,2132
9113,C,,2366,M,”Ž‘½    ,¬‘q    ,–åŽiŽÔ¶‹æ    ,30,8,,,,2131,2132,2308,,3161,M,641,645
9114,C,,3161,M,¬‘q    ,”Ž‘½    ,–åŽiŽÔ¶‹æ    ,30,9,,,,641,645,814,,134,M,859,902
9115,C,,134,M,”Ž‘½    ,–åŽi`  ,–åŽiŽÔ¶‹æ    ,30,10,,,,859,902,1056,•Ö,4131,M,,1123
9116,C,•Ö,4131,M,–åŽi`  ,¬‘q    ,–åŽiŽÔ¶‹æ    ,30,11,,,,,1123,1137,I,,,,
9117,C,‰ü,3012,M,¬‘q    ,”Ž‘½    ,–åŽiŽÔ¶‹æ    ,31,1,,,,,939,1027,,3019,M,1115,1120
9118,C,,3019,M,”Ž‘½    ,‘å•ª    ,–åŽiŽÔ¶‹æ    ,31,2,,,,1115,1120,1337,,3042,M,1529,1544
9119,C,,3042,M,‘å•ª    ,”Ž‘½    ,–åŽiŽÔ¶‹æ    ,31,3,,,,1529,1544,1749,,3051,M,1913,1920
9120,C,,3051,M,”Ž‘½    ,‘å•ª    ,–åŽiŽÔ¶‹æ    ,31,4,,,,1913,1920,2147,,3004,M,551,556
9121,C,,3004,M,‘å•ª    ,”Ž‘½    ,–åŽiŽÔ¶‹æ    ,31,5,,,,551,556,836,‰ü,3009,M,,900
9122,C,‰ü,3009,M,”Ž‘½    ,¬‘q    ,–åŽiŽÔ¶‹æ    ,31,6,,,,,900,943,I,,,,
9123,C,,5164,M,¬‘q    ,‰ºŠÖ    ,–åŽiŽÔ¶‹æ    ,32,1,,,,,1354,1410,,5169,M,,1421
9124,C,,5169,M,‰ºŠÖ    ,¬‘q    ,–åŽiŽÔ¶‹æ    ,32,2,,,,,1421,1434,,3035,M,,1609
9125,C,,3035,M,¬‘q    ,‘å•ª    ,–åŽiŽÔ¶‹æ    ,32,3,,,,,1609,1737,,5014,M,1941,1943
9126,C,,5014,M,‘å•ª    ,”Ž‘½    ,–åŽiŽÔ¶‹æ    ,32,4,,,,1941,1943,2204,,144,M,2259,2300
9127,C,,144,M,”Ž‘½    ,–åŽi`  ,–åŽiŽÔ¶‹æ    ,32,5,,,,2259,2300,45,,133,M,,631
9128,C,,133,M,–åŽi`  ,“ì•Ÿ‰ª  ,–åŽiŽÔ¶‹æ    ,32,6,,,,,631,843,•Ö,2132,M,,858
9129,C,•Ö,2132,M,“ì•Ÿ‰ª  ,”Ž‘½    ,–åŽiŽÔ¶‹æ    ,32,7,,,,,858,907,,3015,M,1016,1020
9130,C,,3015,M,”Ž‘½    ,¬‘q    ,–åŽiŽÔ¶‹æ    ,32,8,,,,1016,1020,1107,I,,,,
9131,C,‰ü,3010,M,¬‘q    ,”Ž‘½    ,–åŽiŽÔ¶‹æ    ,33,1,,,,,919,1004,,3124,M,1109,1110
9132,C,,3124,M,”Ž‘½    ,–åŽi`  ,–åŽiŽÔ¶‹æ    ,33,2,,,,1109,1110,1256,•Ö,4139,M,,1323
9133,C,•Ö,4139,M,–åŽi`  ,¬‘q    ,–åŽiŽÔ¶‹æ    ,33,3,,,,,1323,1337,,5172,M,,1543
9134,C,,5172,M,¬‘q    ,‰ºŠÖ    ,–åŽiŽÔ¶‹æ    ,33,4,,,,,1543,1557,,5177,M,,1616
9135,C,,5177,M,‰ºŠÖ    ,¬‘q    ,–åŽiŽÔ¶‹æ    ,33,5,,,,,1616,1629,,5182,M,,1729
9136,C,,5182,M,¬‘q    ,‰ºŠÖ    ,–åŽiŽÔ¶‹æ    ,33,6,,,,,1729,1745,,5187,M,,1751
9137,C,,5187,M,‰ºŠÖ    ,¬‘q    ,–åŽiŽÔ¶‹æ    ,33,7,,,,,1751,1806,,5188,M,,1814
9138,C,,5188,M,¬‘q    ,‰ºŠÖ    ,–åŽiŽÔ¶‹æ    ,33,8,,,,,1814,1831,,5193,M,,1837
9139,C,,5193,M,‰ºŠÖ    ,–åŽi    ,–åŽiŽÔ¶‹æ    ,33,9,,,,,1837,1844,,5192,M,,1852
9140,C,,5192,M,–åŽi    ,‰ºŠÖ    ,–åŽiŽÔ¶‹æ    ,33,10,,,,,1852,1859,,5197,M,,1909
9141,C,,5197,M,‰ºŠÖ    ,¬‘q    ,–åŽiŽÔ¶‹æ    ,33,11,,,,,1909,1927,,5222,M,,2002
9142,C,,5222,M,¬‘q    ,‰ºŠÖ    ,–åŽiŽÔ¶‹æ    ,33,12,,,,,2002,2016,,5227,M,,2035
9143,C,,5227,M,‰ºŠÖ    ,¬‘q    ,–åŽiŽÔ¶‹æ    ,33,13,,,,,2035,2048,,5228,M,,2052
9144,C,,5228,M,¬‘q    ,‰ºŠÖ    ,–åŽiŽÔ¶‹æ    ,33,14,,,,,2052,2106,,5233,M,,2123
9145,C,,5233,M,‰ºŠÖ    ,¬‘q    ,–åŽiŽÔ¶‹æ    ,33,15,,,,,2123,2137,,3221,M,504,510
9146,C,,3221,M,¬‘q    ,”Ž‘½    ,–åŽiŽÔ¶‹æ    ,33,16,,,,504,510,618,,52,M,704,711
9147,C,,52,M,”Ž‘½    ,¬‘q    ,–åŽiŽÔ¶‹æ    ,33,17,,,,704,711,812,I,,,,
9148,C,,4126,M,¬‘q    ,–åŽi`  ,–åŽiŽÔ¶‹æ    ,34,1,,,,1155,1156,1210,,4137,M,1234,1248
9149,C,,4137,M,–åŽi`  ,”Ž‘½    ,–åŽiŽÔ¶‹æ    ,34,2,,,,1234,1248,1423,,2160,M,1539,1540
9150,C,,2160,M,”Ž‘½    ,•ŸŠÔ    ,–åŽiŽÔ¶‹æ    ,34,3,,,,1539,1540,1610,,2165,M,,1617
9151,C,,2165,M,•ŸŠÔ    ,”Ž‘½    ,–åŽiŽÔ¶‹æ    ,34,4,,,,,1617,1648,,141,M,1735,1736
9152,C,,141,M,”Ž‘½    ,“ì•Ÿ‰ª  ,–åŽiŽÔ¶‹æ    ,34,5,,,,1735,1736,1746,,2170,M,,1757
9153,C,,2170,M,“ì•Ÿ‰ª  ,•ŸŠÔ    ,–åŽiŽÔ¶‹æ    ,34,6,,,,,1757,1846,,2177,M,,1851
9154,C,,2177,M,•ŸŠÔ    ,”Ž‘½    ,–åŽiŽÔ¶‹æ    ,34,7,,,,,1851,1921,,3055,M,2014,2020
9155,C,,3055,M,”Ž‘½    ,‘å•ª    ,–åŽiŽÔ¶‹æ    ,34,8,,,,2014,2020,2239,,3006,M,622,637
9156,C,,3006,M,‘å•ª    ,”Ž‘½    ,–åŽiŽÔ¶‹æ    ,34,9,,,,622,637,902,,3013,M,953,1000
9157,C,,3013,M,”Ž‘½    ,¬‘q    ,–åŽiŽÔ¶‹æ    ,34,10,,,,953,1000,1041,I,,,,
9158,C,,3003,M,¬‘q    ,‘å•ª    ,–åŽiŽÔ¶‹æ    ,35,1,,,,,800,932,‰ü,3022,M,,1044
9159,C,‰ü,3022,M,‘å•ª    ,¬‘q    ,–åŽiŽÔ¶‹æ    ,35,2,,,,,1044,1203,,3022,M,,1205
9160,C,,3022,M,¬‘q    ,”Ž‘½    ,–åŽiŽÔ¶‹æ    ,35,3,,,,,1205,1249,,2033,H,1347,1354
9161,C,,2033,H,”Ž‘½    ,•—Y‰·ò,–åŽiŽÔ¶‹æ    ,35,4,,,,1347,1354,1454,,2038,H,1511,1516
9162,C,,2038,H,•—Y‰·ò,”Ž‘½    ,–åŽiŽÔ¶‹æ    ,35,5,,,,1511,1516,1614,,4226,M,1653,1654
9163,C,,4226,M,”Ž‘½    ,¬‘q    ,–åŽiŽÔ¶‹æ    ,35,6,,,,1653,1654,1803,,5194,M,1850,1859
9164,C,,5194,M,¬‘q    ,‰ºŠÖ    ,–åŽiŽÔ¶‹æ    ,35,7,,,,1850,1859,1915,,5199,M,,1928
9165,C,,5199,M,‰ºŠÖ    ,¬‘q    ,–åŽiŽÔ¶‹æ    ,35,8,,,,,1928,1941,,5220,M,,1951
9166,C,,5220,M,¬‘q    ,‰ºŠÖ    ,–åŽiŽÔ¶‹æ    ,35,9,,,,,1951,2005,,5225,M,,2011
9167,C,,5225,M,‰ºŠÖ    ,¬‘q    ,–åŽiŽÔ¶‹æ    ,35,10,,,,,2011,2025,,5232,M,,2142
9168,C,,5232,M,¬‘q    ,‰ºŠÖ    ,–åŽiŽÔ¶‹æ    ,35,11,,,,,2142,2156,,5237,M,,2202
9169,C,,5237,M,‰ºŠÖ    ,¬‘q    ,–åŽiŽÔ¶‹æ    ,35,12,,,,,2202,2215,,5236,M,,2231
9170,C,,5236,M,¬‘q    ,‰ºŠÖ    ,–åŽiŽÔ¶‹æ    ,35,13,,,,,2231,2246,,5241,M,,2252
9171,C,,5241,M,‰ºŠÖ    ,¬‘q    ,–åŽiŽÔ¶‹æ    ,35,14,,,,,2252,2306,,521,M,547,551
9172,C,,521,M,¬‘q    ,V“cŒ´  ,–åŽiŽÔ¶‹æ    ,35,15,,,,547,551,628,,522,M,,635
9173,C,,522,M,V“cŒ´  ,¬‘q    ,–åŽiŽÔ¶‹æ    ,35,16,,,,,635,711,\,2524,M,,724
9174,C,\,2524,M,¬‘q    ,¬‘q    ,–åŽiŽÔ¶‹æ    ,35,17,,,,,724,730,\,2530,M,,811
9175,C,\,2530,M,¬‘q    ,¬‘q    ,–åŽiŽÔ¶‹æ    ,35,18,,,,,811,817,I,,,,
9176,C,,3018,M,¬‘q    ,”Ž‘½    ,–åŽiŽÔ¶‹æ    ,36,1,,,,,1105,1150,,2152,M,1340,1341
9177,C,,2152,M,”Ž‘½    ,•ŸŠÔ    ,–åŽiŽÔ¶‹æ    ,36,2,,,,1340,1341,1416,,2339,M,,1421
9178,C,,2339,M,•ŸŠÔ    ,”Ž‘½    ,–åŽiŽÔ¶‹æ    ,36,3,,,,,1421,1455,,2341,M,1604,1610
9179,C,,2341,M,”Ž‘½    ,‹v—¯•Ä  ,–åŽiŽÔ¶‹æ    ,36,4,,,,1604,1610,1702,,4228,M,,1709
9180,C,,4228,M,‹v—¯•Ä  ,”Ž‘½    ,–åŽiŽÔ¶‹æ    ,36,5,,,,,1709,1749,,2347,M,1853,1854
9181,C,,2347,M,”Ž‘½    ,r–Ø    ,–åŽiŽÔ¶‹æ    ,36,6,,,,1853,1854,2002,,4234,M,,2008
9182,C,,4234,M,r–Ø    ,”Ž‘½    ,–åŽiŽÔ¶‹æ    ,36,7,,,,,2008,2048,,3081,M,2222,2234
9183,C,,3081,M,”Ž‘½    ,’†’Ã    ,–åŽiŽÔ¶‹æ    ,36,8,,,,2222,2234,2359,,3091,M,641,646
9184,C,,3091,M,’†’Ã    ,‘å•ª    ,–åŽiŽÔ¶‹æ    ,36,9,,,,641,646,750,,3014,M,830,842
9185,C,,3014,M,‘å•ª    ,¬‘q    ,–åŽiŽÔ¶‹æ    ,36,10,,,,830,842,1003,I,,,,
9186,C,,3010,M,¬‘q    ,”Ž‘½    ,–åŽiŽÔ¶‹æ    ,37,1,,,,,919,1004,,3017,M,1046,1100
9187,C,,3017,M,”Ž‘½    ,¬‘q    ,–åŽiŽÔ¶‹æ    ,37,2,,,,1046,1100,1140,‰ü,3026,M,,1305
9188,C,‰ü,3026,M,¬‘q    ,”Ž‘½    ,–åŽiŽÔ¶‹æ    ,37,3,,,,,1305,1349,,4140,M,1509,1510
9189,C,,4140,M,”Ž‘½    ,–åŽi`  ,–åŽiŽÔ¶‹æ    ,37,4,,,,1509,1510,1647,,4155,M,1803,1813
9190,C,,4155,M,–åŽi`  ,”Ž‘½    ,–åŽiŽÔ¶‹æ    ,37,5,,,,1803,1813,1958,,2364,M,2113,2114
9191,C,,2364,M,”Ž‘½    ,–åŽi`  ,–åŽiŽÔ¶‹æ    ,37,6,,,,2113,2114,2258,,51,M,538,544
9192,C,,51,M,–åŽi`  ,”Ž‘½    ,–åŽiŽÔ¶‹æ    ,37,7,,,,538,544,653,,5005,M,726,731
9193,C,,5005,M,”Ž‘½    ,¬‘q    ,–åŽiŽÔ¶‹æ    ,37,8,,,,726,731,833,I,,,,
9194,C,,5166,M,¬‘q    ,‰ºŠÖ    ,–åŽiŽÔ¶‹æ    ,40,1,,,,1423,1427,1441,,5171,M,,1452
9195,C,,5171,M,‰ºŠÖ    ,¬‘q    ,–åŽiŽÔ¶‹æ    ,40,2,,,,,1452,1506,,5170,M,,1512
9196,C,,5170,M,¬‘q    ,‰ºŠÖ    ,–åŽiŽÔ¶‹æ    ,40,3,,,,,1512,1530,,5175,M,,1537
9197,C,,5175,M,‰ºŠÖ    ,¬‘q    ,–åŽiŽÔ¶‹æ    ,40,4,,,,,1537,1550,,5176,M,,1637
9198,C,,5176,M,¬‘q    ,‰ºŠÖ    ,–åŽiŽÔ¶‹æ    ,40,5,,,,,1637,1652,,5181,M,,1703
9199,C,,5181,M,‰ºŠÖ    ,¬‘q    ,–åŽiŽÔ¶‹æ    ,40,6,,,,,1703,1718,,4153,M,1747,1757
9200,C,,4153,M,¬‘q    ,”Ž‘½    ,–åŽiŽÔ¶‹æ    ,40,7,,,,1747,1757,1937,,4156,M,2027,2028
9201,C,,4156,M,”Ž‘½    ,¬‘q    ,–åŽiŽÔ¶‹æ    ,40,8,,,,2027,2028,2200,,121,M,447,451
9202,C,,121,M,¬‘q    ,”Ž‘½    ,–åŽiŽÔ¶‹æ    ,40,9,,,,447,451,615,,2326,M,702,703
9203,C,,2326,M,”Ž‘½    ,–åŽi`  ,–åŽiŽÔ¶‹æ    ,40,10,,,,702,703,849,•Ö,4125,M,,914
9204,C,•Ö,4125,M,–åŽi`  ,¬‘q    ,–åŽiŽÔ¶‹æ    ,40,11,,,,,914,927,I,,,,
9205,C,,139,M,¬‘q    ,”Ž‘½    ,–åŽiŽÔ¶‹æ    ,41,1,,,,,812,935,,2139,M,1105,1106
9206,C,,2139,M,”Ž‘½    ,“ñ“úŽs  ,–åŽiŽÔ¶‹æ    ,41,2,,,,1105,1106,1128,,2146,M,,1156
9207,C,,2146,M,“ñ“úŽs  ,”Ž‘½    ,–åŽiŽÔ¶‹æ    ,41,3,,,,,1156,1221,,4132,M,1309,1310
9208,C,,4132,M,”Ž‘½    ,–åŽi`  ,–åŽiŽÔ¶‹æ    ,41,4,,,,1309,1310,1447,,2227,M,1610,1623
9209,C,,2227,M,–åŽi`  ,‰“‰êì  ,–åŽiŽÔ¶‹æ    ,41,5,,,,1610,1623,1717,,2230,M,,1732
9210,C,,2230,M,‰“‰êì  ,–åŽi`  ,–åŽiŽÔ¶‹æ    ,41,6,,,,,1732,1833,,4233,M,,1948
9211,C,,4233,M,–åŽi`  ,”Ž‘½    ,–åŽiŽÔ¶‹æ    ,41,7,,,,,1948,2112,•Ö,4233,M,,2114
9212,C,•Ö,4233,M,”Ž‘½    ,r–Ø    ,–åŽiŽÔ¶‹æ    ,41,8,,,,,2114,2157,,2324,M,542,548
9213,C,,2324,M,r–Ø    ,”Ž‘½    ,–åŽiŽÔ¶‹æ    ,41,9,,,,542,548,645,,3122,M,,655
9214,C,,3122,M,”Ž‘½    ,¬‘q    ,–åŽiŽÔ¶‹æ    ,41,10,,,,,655,826,I,,,,
9215,C,,5174,M,¬‘q    ,‰ºŠÖ    ,–åŽiŽÔ¶‹æ    ,42,1,,,,1606,1613,1631,,5179,M,,1637
9216,C,,5179,M,‰ºŠÖ    ,¬‘q    ,–åŽiŽÔ¶‹æ    ,42,2,,,,,1637,1652,,5180,M,,1712
9217,C,,5180,M,¬‘q    ,‰ºŠÖ    ,–åŽiŽÔ¶‹æ    ,42,3,,,,,1712,1730,,5185,M,,1738
9218,C,,5185,M,‰ºŠÖ    ,¬‘q    ,–åŽiŽÔ¶‹æ    ,42,4,,,,,1738,1754,,5186,M,,1800
9219,C,,5186,M,¬‘q    ,‰ºŠÖ    ,–åŽiŽÔ¶‹æ    ,42,5,,,,,1800,1814,,5191,M,,1821
9220,C,,5191,M,‰ºŠÖ    ,–åŽi    ,–åŽiŽÔ¶‹æ    ,42,6,,,,,1821,1828,•Ö‰ñ,5194,M,,1844
9221,C,•Ö‰ñ,5194,M,–åŽi    ,¬‘q    ,–åŽiŽÔ¶‹æ    ,42,7,,,,,1844,1850,,2233,M,1948,1953
9222,C,,2233,M,¬‘q    ,‰“‰êì  ,–åŽiŽÔ¶‹æ    ,42,8,,,,1948,1953,2035,,2236,M,,2043
9223,C,,2236,M,‰“‰êì  ,–åŽi`  ,–åŽiŽÔ¶‹æ    ,42,9,,,,,2043,2135,•Ö,123,M,,504
9224,C,•Ö,123,M,–åŽi`  ,–åŽi    ,–åŽiŽÔ¶‹æ    ,42,10,,,,,504,511,•Ö‰ñ,5250,M,,539
9225,C,•Ö‰ñ,5250,M,–åŽi    ,‰ºŠÖ    ,–åŽiŽÔ¶‹æ    ,42,11,,,,,539,546,,5121,M,546,552
9226,C,,5121,M,‰ºŠÖ    ,¬‘q    ,–åŽiŽÔ¶‹æ    ,42,12,,,,546,552,605,,5122,M,,614
9227,C,,5122,M,¬‘q    ,‰ºŠÖ    ,–åŽiŽÔ¶‹æ    ,42,13,,,,,614,628,,5123,M,,634
9228,C,,5123,M,‰ºŠÖ    ,¬‘q    ,–åŽiŽÔ¶‹æ    ,42,14,,,,,634,648,I,,,,
9229,C,,5190,M,¬‘q    ,‰ºŠÖ    ,–åŽiŽÔ¶‹æ    ,43,1,,,,,1827,1843,,5195,M,,1853
9230,C,,5195,M,‰ºŠÖ    ,¬‘q    ,–åŽiŽÔ¶‹æ    ,43,2,,,,,1853,1907,,5196,M,,1920
9231,C,,5196,M,¬‘q    ,‰ºŠÖ    ,–åŽiŽÔ¶‹æ    ,43,3,,,,,1920,1934,,5221,M,,1943
9232,C,,5221,M,‰ºŠÖ    ,¬‘q    ,–åŽiŽÔ¶‹æ    ,43,4,,,,,1943,1956,,5226,M,,2035
9233,C,,5226,M,¬‘q    ,‰ºŠÖ    ,–åŽiŽÔ¶‹æ    ,43,5,,,,,2035,2052,,5231,M,,2111
9234,C,,5231,M,‰ºŠÖ    ,–åŽi    ,–åŽiŽÔ¶‹æ    ,43,6,,,,,2111,2118,,5230,M,,2124
9235,C,,5230,M,–åŽi    ,‰ºŠÖ    ,–åŽiŽÔ¶‹æ    ,43,7,,,,,2124,2131,,5235,M,,2142
9236,C,,5235,M,‰ºŠÖ    ,¬‘q    ,–åŽiŽÔ¶‹æ    ,43,8,,,,,2142,2157,,5520,M,622,623
9237,C,,5520,M,¬‘q    ,‰ºŠÖ    ,–åŽiŽÔ¶‹æ    ,43,9,,,,622,623,639,,5125,M,,654
9238,C,,5125,M,‰ºŠÖ    ,¬‘q    ,–åŽiŽÔ¶‹æ    ,43,10,,,,,654,708,,5126,M,,720
9239,C,,5126,M,¬‘q    ,‰ºŠÖ    ,–åŽiŽÔ¶‹æ    ,43,11,,,,,720,734,,5131,M,,740
9240,C,,5131,M,‰ºŠÖ    ,¬‘q    ,–åŽiŽÔ¶‹æ    ,43,12,,,,,740,753,,5132,M,,801
9241,C,,5132,M,¬‘q    ,‰ºŠÖ    ,–åŽiŽÔ¶‹æ    ,43,13,,,,,801,816,,5137,M,,825
9242,C,,5137,M,‰ºŠÖ    ,¬‘q    ,–åŽiŽÔ¶‹æ    ,43,14,,,,,825,839,,5142,M,,914
9243,C,,5142,M,¬‘q    ,‰ºŠÖ    ,–åŽiŽÔ¶‹æ    ,43,15,,,,,914,927,,5147,M,,933
9244,C,,5147,M,‰ºŠÖ    ,¬‘q    ,–åŽiŽÔ¶‹æ    ,43,16,,,,,933,947,I,,,,
9245,C,,4129,M,¬‘q    ,”Ž‘½    ,–åŽiŽÔ¶‹æ    ,44,1,,,,1106,1107,1225,,2154,M,1423,1424
9246,C,,2154,M,”Ž‘½    ,Ü”ö@Ž­,–åŽiŽÔ¶‹æ    ,44,2,,,,1423,1424,1535,,2343,M,1554,1558
9247,C,,2343,M,Ü”ö@Ž­,”Ž‘½    ,–åŽiŽÔ¶‹æ    ,44,3,,,,1554,1558,1710,,4152,M,1828,1829
9248,C,,4152,M,”Ž‘½    ,–åŽi`  ,–åŽiŽÔ¶‹æ    ,44,4,,,,1828,1829,2010,,2355,M,2057,2120
9249,C,,2355,M,–åŽi`  ,”Ž‘½    ,–åŽiŽÔ¶‹æ    ,44,5,,,,2057,2120,2315,,3120,M,,636
9250,C,,3120,M,”Ž‘½    ,¬‘q    ,–åŽiŽÔ¶‹æ    ,44,6,,,,,636,805,,5138,M,,842
9251,C,,5138,M,¬‘q    ,‰ºŠÖ    ,–åŽiŽÔ¶‹æ    ,44,7,,,,,842,855,,5143,M,,906
9252,C,,5143,M,‰ºŠÖ    ,¬‘q    ,–åŽiŽÔ¶‹æ    ,44,8,,,,,906,922,,5144,M,,930
9253,C,,5144,M,¬‘q    ,‰ºŠÖ    ,–åŽiŽÔ¶‹æ    ,44,9,,,,,930,943,,5149,M,,953
9254,C,,5149,M,‰ºŠÖ    ,¬‘q    ,–åŽiŽÔ¶‹æ    ,44,10,,,,,953,1006,I,,,,
9255,C,,3121,M,¬‘q    ,”Ž‘½    ,–åŽiŽÔ¶‹æ    ,45,1,,,,,837,959,,2141,M,1132,1133
9256,C,,2141,M,”Ž‘½    ,“ñ“úŽs  ,–åŽiŽÔ¶‹æ    ,45,2,,,,1132,1133,1202,,2148,M,,1216
9257,C,,2148,M,“ñ“úŽs  ,”Ž‘½    ,–åŽiŽÔ¶‹æ    ,45,3,,,,,1216,1242,,4134,M,1331,1332
9258,C,,4134,M,”Ž‘½    ,–åŽi`  ,–åŽiŽÔ¶‹æ    ,45,4,,,,1331,1332,1512,,4227,M,1650,1659
9259,C,,4227,M,–åŽi`  ,”Ž‘½    ,–åŽiŽÔ¶‹æ    ,45,5,,,,1650,1659,1821,,2358,M,1922,1923
9260,C,,2358,M,”Ž‘½    ,ŠC˜V’Ã  ,–åŽiŽÔ¶‹æ    ,45,6,,,,1922,1923,2023,,2185,M,,2036
9261,C,,2185,M,ŠC˜V’Ã  ,”Ž‘½    ,–åŽiŽÔ¶‹æ    ,45,7,,,,,2036,2126,•Ö,2185,M,,2128
9262,C,•Ö,2185,M,”Ž‘½    ,“ì•Ÿ‰ª  ,–åŽiŽÔ¶‹æ    ,45,8,,,,,2128,2137,,126,M,544,552
9263,C,,126,M,“ì•Ÿ‰ª  ,¬‘q    ,–åŽiŽÔ¶‹æ    ,45,9,,,,544,552,738,,5136,M,,824
9264,C,,5136,M,¬‘q    ,‰ºŠÖ    ,–åŽiŽÔ¶‹æ    ,45,10,,,,,824,841,,5141,M,,857
9265,C,,5141,M,‰ºŠÖ    ,¬‘q    ,–åŽiŽÔ¶‹æ    ,45,11,,,,,857,910,I,,,,
9266,C,,4125,M,¬‘q    ,”Ž‘½    ,–åŽiŽÔ¶‹æ    ,46,1,,,,928,929,1053,,2342,M,1140,1141
9267,C,,2342,M,”Ž‘½    ,•ŸŠÔ    ,–åŽiŽÔ¶‹æ    ,46,2,,,,1140,1141,1216,,2335,M,,1222
9268,C,,2335,M,•ŸŠÔ    ,”Ž‘½    ,–åŽiŽÔ¶‹æ    ,46,3,,,,,1222,1255,,4136,M,1409,1410
9269,C,,4136,M,”Ž‘½    ,–åŽi`  ,–åŽiŽÔ¶‹æ    ,46,4,,,,1409,1410,1547,,4151,M,1703,1713
9270,C,,4151,M,–åŽi`  ,”Ž‘½    ,–åŽiŽÔ¶‹æ    ,46,5,,,,1703,1713,1902,,2360,M,2001,2002
9271,C,,2360,M,”Ž‘½    ,–åŽi`  ,–åŽiŽÔ¶‹æ    ,46,6,,,,2001,2002,2201,,125,M,516,525
9272,C,,125,M,–åŽi`  ,”Ž‘½    ,–åŽiŽÔ¶‹æ    ,46,7,,,,516,525,709,,130,M,737,738
9273,C,,130,M,”Ž‘½    ,¬‘q    ,–åŽiŽÔ¶‹æ    ,46,8,,,,737,738,922,I,,,,
9274,C,,5156,M,¬‘q    ,‰ºŠÖ    ,–åŽiŽÔ¶‹æ    ,50,1,,,,,1212,1229,,5161,M,,1238
9275,C,,5161,M,‰ºŠÖ    ,¬‘q    ,–åŽiŽÔ¶‹æ    ,50,2,,,,,1238,1251,,5160,M,,1256
9276,C,,5160,M,¬‘q    ,‰ºŠÖ    ,–åŽiŽÔ¶‹æ    ,50,3,,,,,1256,1310,,5165,M,1324,1329
9277,C,,5165,M,‰ºŠÖ    ,¬‘q    ,–åŽiŽÔ¶‹æ    ,50,4,,,,1324,1329,1346,‰ü,3032,M,,1440
9278,C,‰ü,3032,M,¬‘q    ,”Ž‘½    ,–åŽiŽÔ¶‹æ    ,50,5,,,,,1440,1528,,4143,M,1624,1625
9279,C,,4143,M,”Ž‘½    ,‹v—¯•Ä  ,–åŽiŽÔ¶‹æ    ,50,6,,,,1624,1625,1718,,4152,M,,1728
9280,C,,4152,M,‹v—¯•Ä  ,”Ž‘½    ,–åŽiŽÔ¶‹æ    ,50,7,,,,,1728,1826,,2177,M,1928,1929
9281,C,,2177,M,”Ž‘½    ,’¹²    ,–åŽiŽÔ¶‹æ    ,50,8,,,,1928,1929,2026,,140,M,,2104
9282,C,,140,M,’¹²    ,”Ž‘½    ,–åŽiŽÔ¶‹æ    ,50,9,,,,,2104,2150,,2180,M,2240,2244
9283,C,,2180,M,”Ž‘½    ,ÔŠÔ    ,–åŽiŽÔ¶‹æ    ,50,10,,,,2240,2244,2329,,2220,M,524,529
9284,C,,2220,M,ÔŠÔ    ,–åŽi`  ,–åŽiŽÔ¶‹æ    ,50,11,,,,524,529,625,,4223,M,,702
9285,C,,4223,M,–åŽi`  ,”Ž‘½    ,–åŽiŽÔ¶‹æ    ,50,12,,,,,702,840,,4224,M,945,946
9286,C,,4224,M,”Ž‘½    ,¬‘q    ,–åŽiŽÔ¶‹æ    ,50,13,,,,945,946,1056,I,,,,
9287,C,,3007,M,¬‘q    ,‘å•ª    ,–åŽiŽÔ¶‹æ    ,51,1,,,,,916,1044,,3028,M,1202,1210
9288,C,,3028,M,‘å•ª    ,”Ž‘½    ,–åŽiŽÔ¶‹æ    ,51,2,,,,1202,1210,1428,,3035,M,1513,1520
9289,C,,3035,M,”Ž‘½    ,¬‘q    ,–åŽiŽÔ¶‹æ    ,51,3,,,,1513,1520,1607,,5178,M,1648,1701
9290,C,,5178,M,¬‘q    ,‰ºŠÖ    ,–åŽiŽÔ¶‹æ    ,51,4,,,,1648,1701,1716,,5183,M,,1723
9291,C,,5183,M,‰ºŠÖ    ,¬‘q    ,–åŽiŽÔ¶‹æ    ,51,5,,,,,1723,1737,,5184,M,,1745
9292,C,,5184,M,¬‘q    ,‰ºŠÖ    ,–åŽiŽÔ¶‹æ    ,51,6,,,,,1745,1759,,5189,M,,1805
9293,C,,5189,M,‰ºŠÖ    ,¬‘q    ,–åŽiŽÔ¶‹æ    ,51,7,,,,,1805,1818,,5198,M,,1939
9294,C,,5198,M,¬‘q    ,‰ºŠÖ    ,–åŽiŽÔ¶‹æ    ,51,8,,,,,1939,1953,,5223,M,,1959
9295,C,,5223,M,‰ºŠÖ    ,–åŽi    ,–åŽiŽÔ¶‹æ    ,51,9,,,,,1959,2006,,5224,M,,2025
9296,C,,5224,M,–åŽi    ,‰ºŠÖ    ,–åŽiŽÔ¶‹æ    ,51,10,,,,,2025,2032,,5229,M,,2058
9297,C,,5229,M,‰ºŠÖ    ,¬‘q    ,–åŽiŽÔ¶‹æ    ,51,11,,,,,2058,2111,,5234,M,,2210
9298,C,,5234,M,¬‘q    ,‰ºŠÖ    ,–åŽiŽÔ¶‹æ    ,51,12,,,,,2210,2224,,5239,M,,2230
9299,C,,5239,M,‰ºŠÖ    ,¬‘q    ,–åŽiŽÔ¶‹æ    ,51,13,,,,,2230,2244,,5120,M,542,547
9300,C,,5120,M,¬‘q    ,‰ºŠÖ    ,–åŽiŽÔ¶‹æ    ,51,14,,,,542,547,601,,5521,M,,616
9301,C,,5521,M,‰ºŠÖ    ,¬‘q    ,–åŽiŽÔ¶‹æ    ,51,15,,,,,616,631,,5124,M,,708
9302,C,,5124,M,¬‘q    ,‰ºŠÖ    ,–åŽiŽÔ¶‹æ    ,51,16,,,,,708,723,,5129,M,,729
9303,C,,5129,M,‰ºŠÖ    ,¬‘q    ,–åŽiŽÔ¶‹æ    ,51,17,,,,,729,743,,5130,M,,747
9304,C,,5130,M,¬‘q    ,‰ºŠÖ    ,–åŽiŽÔ¶‹æ    ,51,18,,,,,747,801,,5135,M,,807
9305,C,,5135,M,‰ºŠÖ    ,¬‘q    ,–åŽiŽÔ¶‹æ    ,51,19,,,,,807,820,I,,,,
9306,C,•Ö,630,H,¬‘q    ,–åŽi`  ,–åŽiŽÔ¶‹æ    ,52,1,,,,,1218,1232,,4139,M,1310,1323
9307,C,,4139,M,–åŽi`  ,”Ž‘½    ,–åŽiŽÔ¶‹æ    ,52,2,,,,1310,1323,1458,,4142,M,1531,1532
9308,C,,4142,M,”Ž‘½    ,–åŽi`  ,–åŽiŽÔ¶‹æ    ,52,3,,,,1531,1532,1711,,2231,M,1817,1828
9309,C,,2231,M,–åŽi`  ,‰“‰êì  ,–åŽiŽÔ¶‹æ    ,52,4,,,,1817,1828,1916,,2234,M,,1930
9310,C,,2234,M,‰“‰êì  ,¬‘q    ,–åŽiŽÔ¶‹æ    ,52,5,,,,,1930,2019,I,,,,
9311,C,,5148,M,¬‘q    ,‰ºŠÖ    ,–åŽiŽÔ¶‹æ    ,53,1,,,,,1013,1026,,5153,M,,1041
9312,C,,5153,M,‰ºŠÖ    ,¬‘q    ,–åŽiŽÔ¶‹æ    ,53,2,,,,,1041,1054,,4133,M,1206,1207
9313,C,,4133,M,¬‘q    ,”Ž‘½    ,–åŽiŽÔ¶‹æ    ,53,3,,,,1206,1207,1324,,2348,M,1401,1402
9314,C,,2348,M,”Ž‘½    ,•ŸŠÔ    ,–åŽiŽÔ¶‹æ    ,53,4,,,,1401,1402,1432,,2157,M,1458,1503
9315,C,,2157,M,•ŸŠÔ    ,”Ž‘½    ,–åŽiŽÔ¶‹æ    ,53,5,,,,1458,1503,1536,‰ü,3037,M,,1600
9316,C,‰ü,3037,M,”Ž‘½    ,¬‘q    ,–åŽiŽÔ¶‹æ    ,53,6,,,,,1600,1641,I,,,,
9317,C,•Ö,632,H,¬‘q    ,–åŽi`  ,–åŽiŽÔ¶‹æ    ,54,1,,,,,1318,1332,,3125,M,1413,1423
9318,C,,3125,M,–åŽi`  ,”Ž‘½    ,–åŽiŽÔ¶‹æ    ,54,2,,,,1413,1423,1601,‰ü,3039,M,,1620
9319,C,‰ü,3039,M,”Ž‘½    ,¬‘q    ,–åŽiŽÔ¶‹æ    ,54,3,,,,,1620,1708,,4229,M,1801,1813
9320,C,,4229,M,¬‘q    ,”Ž‘½    ,–åŽiŽÔ¶‹æ    ,54,4,,,,1801,1813,1924,,138,M,2042,2043
9321,C,,138,M,”Ž‘½    ,¬‘q    ,–åŽiŽÔ¶‹æ    ,54,5,,,,2042,2043,2220,,5240,M,,2317
9322,C,,5240,M,¬‘q    ,‰ºŠÖ    ,–åŽiŽÔ¶‹æ    ,54,6,,,,,2317,2331,,5245,M,,2355
9323,C,,5245,M,‰ºŠÖ    ,¬‘q    ,–åŽiŽÔ¶‹æ    ,54,7,,,,,2355,8,,2525,M,,719
9324,C,,2525,M,¬‘q    ,’†’Ã    ,–åŽiŽÔ¶‹æ    ,54,8,,,,,719,819,,2536,M,,825
9325,C,,2536,M,’†’Ã    ,–åŽi`  ,–åŽiŽÔ¶‹æ    ,54,9,,,,,825,952,,3123,M,1008,1023
9326,C,,3123,M,–åŽi`  ,¬‘q    ,–åŽiŽÔ¶‹æ    ,54,10,,,,1008,1023,1037,I,,,,
9327,C,•Ö,3126,M,¬‘q    ,–åŽi`  ,–åŽiŽÔ¶‹æ    ,55,1,,,,,1343,1357,,4143,M,1439,1448
9328,C,,4143,M,–åŽi`  ,”Ž‘½    ,–åŽiŽÔ¶‹æ    ,55,2,,,,1439,1448,1623,,2343,M,1711,1712
9329,C,,2343,M,”Ž‘½    ,r–Ø    ,–åŽiŽÔ¶‹æ    ,55,3,,,,1711,1712,1822,,4232,M,1855,1905
9330,C,,4232,M,r–Ø    ,”Ž‘½    ,–åŽiŽÔ¶‹æ    ,55,4,,,,1855,1905,1949,,4234,M,2049,2050
9331,C,,4234,M,”Ž‘½    ,¬‘q    ,–åŽiŽÔ¶‹æ    ,55,5,,,,2049,2050,2203,•Ö,60,M,,2226
9332,C,•Ö,60,M,¬‘q    ,–åŽi`  ,–åŽiŽÔ¶‹æ    ,55,6,,,,,2226,2239,,127,M,535,540
9333,C,,127,M,–åŽi`  ,”Ž‘½    ,–åŽiŽÔ¶‹æ    ,55,7,,,,535,540,734,,4220,M,807,808
9334,C,,4220,M,”Ž‘½    ,–åŽi`  ,–åŽiŽÔ¶‹æ    ,55,8,,,,807,808,940,•Ö,3123,M,,1023
9335,C,•Ö,3123,M,–åŽi`  ,¬‘q    ,–åŽiŽÔ¶‹æ    ,55,9,,,,,1023,1037,I,,,,
9336,C,•Ö‰ñ,591,M,¬‘q    ,s‹´    ,–åŽiŽÔ¶‹æ    ,56,1,,,,,933,952,,91,M,952,1003
9337,C,,91,M,s‹´    ,”Ž‘½    ,–åŽiŽÔ¶‹æ    ,56,2,,,,952,1003,1119,,4130,M,1231,1232
9338,C,,4130,M,”Ž‘½    ,¬‘q    ,–åŽiŽÔ¶‹æ    ,56,3,,,,1231,1232,1350,•Ö,634,H,,1418
9339,C,•Ö,634,H,¬‘q    ,–åŽi`  ,–åŽiŽÔ¶‹æ    ,56,4,,,,,1418,1432,,141,M,1531,1541
9340,C,,141,M,–åŽi`  ,”Ž‘½    ,–åŽiŽÔ¶‹æ    ,56,5,,,,1531,1541,1734,•Ö,141,M,,1736
9341,C,•Ö,141,M,”Ž‘½    ,“ì•Ÿ‰ª  ,–åŽiŽÔ¶‹æ    ,56,6,,,,,1736,1746,,136,M,1842,1848
9342,C,,136,M,“ì•Ÿ‰ª  ,–åŽi`  ,–åŽiŽÔ¶‹æ    ,56,7,,,,1842,1848,2057,•Ö,641,H,,2137
9343,C,•Ö,641,H,–åŽi`  ,¬‘q    ,–åŽiŽÔ¶‹æ    ,56,8,,,,,2137,2150,,5238,M,,2249
9344,C,,5238,M,¬‘q    ,‰ºŠÖ    ,–åŽiŽÔ¶‹æ    ,56,9,,,,,2249,2303,,5243,M,,2313
9345,C,,5243,M,‰ºŠÖ    ,¬‘q    ,–åŽiŽÔ¶‹æ    ,56,10,,,,,2313,2326,,5242,M,,2341
9346,C,,5242,M,¬‘q    ,‰ºŠÖ    ,–åŽiŽÔ¶‹æ    ,56,11,,,,,2341,2355,•Ö‰ñ,5251,M,,1
9347,C,•Ö‰ñ,5251,M,‰ºŠÖ    ,¬‘q    ,–åŽiŽÔ¶‹æ    ,56,12,,,,,1,15,‰ü,3002,M,,643
9348,C,‰ü,3002,M,¬‘q    ,”Ž‘½    ,–åŽiŽÔ¶‹æ    ,56,13,,,,,643,737,,2824,M,822,823
9349,C,,2824,M,”Ž‘½    ,¬‘q    ,–åŽiŽÔ¶‹æ    ,56,14,,,,822,823,1007,I,,,,
9350,C,,5158,M,¬‘q    ,‰ºŠÖ    ,–åŽiŽÔ¶‹æ    ,57,1,,,,,1238,1257,,5163,M,,1311
9351,C,,5163,M,‰ºŠÖ    ,¬‘q    ,–åŽiŽÔ¶‹æ    ,57,2,,,,,1311,1324,•Ö,3126,M,,1343
9352,C,•Ö,3126,M,¬‘q    ,–åŽi`  ,–åŽiŽÔ¶‹æ    ,57,3,,,,,1343,1357,,2225,M,1503,1513
9353,C,,2225,M,–åŽi`  ,‰“‰êì  ,–åŽiŽÔ¶‹æ    ,57,4,,,,1503,1513,1611,,2228,M,,1637
9354,C,,2228,M,‰“‰êì  ,–åŽi`  ,–åŽiŽÔ¶‹æ    ,57,5,,,,,1637,1731,,4231,M,1832,1842
9355,C,,4231,M,–åŽi`  ,”Ž‘½    ,–åŽiŽÔ¶‹æ    ,57,6,,,,1832,1842,2019,‰ü,3057,M,,2106
9356,C,‰ü,3057,M,”Ž‘½    ,¬‘q    ,–åŽiŽÔ¶‹æ    ,57,7,,,,,2106,2153,•Ö,570,M,,2206
9357,C,•Ö,570,M,¬‘q    ,–åŽi`  ,–åŽiŽÔ¶‹æ    ,57,8,,,,,2206,2220,,2243,M,2317,2333
9358,C,,2243,M,–åŽi`  ,ŠC˜V’Ã  ,–åŽiŽÔ¶‹æ    ,57,9,,,,2317,2333,24,,2222,M,543,548
9359,C,,2222,M,ŠC˜V’Ã  ,¬‘q    ,–åŽiŽÔ¶‹æ    ,57,10,,,,543,548,624,,4221,M,,630
9360,C,,4221,M,¬‘q    ,”Ž‘½    ,–åŽiŽÔ¶‹æ    ,57,11,,,,,630,751,,3007,M,813,820
9361,C,,3007,M,”Ž‘½    ,¬‘q    ,–åŽiŽÔ¶‹æ    ,57,12,,,,813,820,914,I,,,,
9362,C,,5152,M,¬‘q    ,‰ºŠÖ    ,–åŽiŽÔ¶‹æ    ,58,1,,,,,1111,1130,,5157,M,,1142
9363,C,,5157,M,‰ºŠÖ    ,¬‘q    ,–åŽiŽÔ¶‹æ    ,58,2,,,,,1142,1156,•Ö,630,H,,1218
9364,C,•Ö,630,H,¬‘q    ,–åŽi`  ,–åŽiŽÔ¶‹æ    ,58,3,,,,,1218,1232,,4141,M,1340,1348
9365,C,,4141,M,–åŽi`  ,”Ž‘½    ,–åŽiŽÔ¶‹æ    ,58,4,,,,1340,1348,1523,,1329,M,1639,1645
9366,C,,1329,M,”Ž‘½    ,’¹²    ,–åŽiŽÔ¶‹æ    ,58,5,,,,1639,1645,1716,,2172,M,,1729
9367,C,,2172,M,’¹²    ,”Ž‘½    ,–åŽiŽÔ¶‹æ    ,58,6,,,,,1729,1821,,4232,M,1949,1950
9368,C,,4232,M,”Ž‘½    ,–åŽi`  ,–åŽiŽÔ¶‹æ    ,58,7,,,,1949,1950,2115,,123,M,450,504
9369,C,,123,M,–åŽi`  ,”Ž‘½    ,–åŽiŽÔ¶‹æ    ,58,8,,,,450,504,641,,2330,M,724,725
9370,C,,2330,M,”Ž‘½    ,–åŽi`  ,–åŽiŽÔ¶‹æ    ,58,9,,,,724,725,931,•Ö,537,M,,1000
9371,C,•Ö,537,M,–åŽi`  ,¬‘q    ,–åŽiŽÔ¶‹æ    ,58,10,,,,,1000,1013,I,,,,
9372,C,,4123,M,¬‘q    ,”Ž‘½    ,–åŽiŽÔ¶‹æ    ,59,1,,,,,901,1022,,2142,M,1056,1102
9373,C,,2142,M,”Ž‘½    ,•ŸŠÔ    ,–åŽiŽÔ¶‹æ    ,59,2,,,,1056,1102,1133,,2145,M,1159,1204
9374,C,,2145,M,•ŸŠÔ    ,“ñ“úŽs  ,–åŽiŽÔ¶‹æ    ,59,3,,,,1159,1204,1309,,2152,M,,1319
9375,C,,2152,M,“ñ“úŽs  ,”Ž‘½    ,–åŽiŽÔ¶‹æ    ,59,4,,,,,1319,1340,,2352,M,1601,1602
9376,C,,2352,M,”Ž‘½    ,•ŸŠÔ    ,–åŽiŽÔ¶‹æ    ,59,5,,,,1601,1602,1633,,2167,M,,1647
9377,C,,2167,M,•ŸŠÔ    ,”Ž‘½    ,–åŽiŽÔ¶‹æ    ,59,6,,,,,1647,1722,,2172,M,1822,1823
9378,C,,2172,M,”Ž‘½    ,ŠC˜V’Ã  ,–åŽiŽÔ¶‹æ    ,59,7,,,,1822,1823,1922,,2181,M,,1934
9379,C,,2181,M,ŠC˜V’Ã  ,”Ž‘½    ,–åŽiŽÔ¶‹æ    ,59,8,,,,,1934,2034,,140,M,2150,2151
9380,C,,140,M,”Ž‘½    ,–åŽi`  ,–åŽiŽÔ¶‹æ    ,59,9,,,,2150,2151,2352,,2221,M,601,610
9381,C,,2221,M,–åŽi`  ,‰“‰êì  ,–åŽiŽÔ¶‹æ    ,59,10,,,,601,610,701,,2224,M,,715
9382,C,,2224,M,‰“‰êì  ,–åŽi`  ,–åŽiŽÔ¶‹æ    ,59,11,,,,,715,810,•Ö,2531,M,,835
9383,C,•Ö,2531,M,–åŽi`  ,¬‘q    ,–åŽiŽÔ¶‹æ    ,59,12,,,,,835,848,I,,,,
9384,C,,5146,M,¬‘q    ,‰ºŠÖ    ,–åŽiŽÔ¶‹æ    ,90,1,,,,,941,958,,5151,M,,1012
9385,C,,5151,M,‰ºŠÖ    ,¬‘q    ,–åŽiŽÔ¶‹æ    ,90,2,,,,,1012,1028,,5150,M,,1046
9386,C,,5150,M,¬‘q    ,‰ºŠÖ    ,–åŽiŽÔ¶‹æ    ,90,3,,,,,1046,1100,,5155,M,,1111
9387,C,,5155,M,‰ºŠÖ    ,¬‘q    ,–åŽiŽÔ¶‹æ    ,90,4,,,,,1111,1126,,5154,M,,1143
9388,C,,5154,M,¬‘q    ,‰ºŠÖ    ,–åŽiŽÔ¶‹æ    ,90,5,,,,,1143,1158,,5159,M,,1215
9389,C,,5159,M,‰ºŠÖ    ,¬‘q    ,–åŽiŽÔ¶‹æ    ,90,6,,,,,1215,1228,,5162,M,,1332
9390,C,,5162,M,¬‘q    ,‰ºŠÖ    ,–åŽiŽÔ¶‹æ    ,90,7,,,,,1332,1348,,5167,M,,1354
9391,C,,5167,M,‰ºŠÖ    ,¬‘q    ,–åŽiŽÔ¶‹æ    ,90,8,,,,,1354,1409,,5168,M,,1453
9392,C,,5168,M,¬‘q    ,‰ºŠÖ    ,–åŽiŽÔ¶‹æ    ,90,9,,,,,1453,1507,,5173,M,,1516
9393,C,,5173,M,‰ºŠÖ    ,¬‘q    ,–åŽiŽÔ¶‹æ    ,90,10,,,,,1516,1530,I,,,,
9394,C,,2147,M,”Ž‘½    ,“ñ“úŽs  ,”Ž‘½ŽÔ¶‹æ    ,10,1,,,,1312,1313,1339,,2154,M,,1355
9395,C,,2154,M,“ñ“úŽs  ,”Ž‘½    ,”Ž‘½ŽÔ¶‹æ    ,10,2,,,,,1355,1423,,2155,M,1512,1513
9396,C,,2155,M,”Ž‘½    ,“ñ“úŽs  ,”Ž‘½ŽÔ¶‹æ    ,10,3,,,,1512,1513,1536,,2162,M,,1555
9397,C,,2162,M,“ñ“úŽs  ,”Ž‘½    ,”Ž‘½ŽÔ¶‹æ    ,10,4,,,,,1555,1622,,3043,M,1713,1720
9398,C,,3043,M,”Ž‘½    ,‘å•ª    ,”Ž‘½ŽÔ¶‹æ    ,10,5,,,,1713,1720,1938,,3060,M,2125,2130
9399,C,,3060,M,‘å•ª    ,”Ž‘½    ,”Ž‘½ŽÔ¶‹æ    ,10,6,,,,2125,2130,2351,•Ö‰ñ,3223,M,,630
9400,C,•Ö‰ñ,3223,M,”Ž‘½    ,•ŸŠÔ    ,”Ž‘½ŽÔ¶‹æ    ,10,7,,,,,630,659,,3223,M,659,708
9401,C,,3223,M,•ŸŠÔ    ,“ì•Ÿ‰ª  ,”Ž‘½ŽÔ¶‹æ    ,10,8,,,,659,708,756,,2128,M,,805
9402,C,,2128,M,“ì•Ÿ‰ª  ,•ŸŠÔ    ,”Ž‘½ŽÔ¶‹æ    ,10,9,,,,,805,856,,2137,M,934,939
9403,C,,2137,M,•ŸŠÔ    ,“ì•Ÿ‰ª  ,”Ž‘½ŽÔ¶‹æ    ,10,10,,,,934,939,1028,•Ö,2140,M,,1052
9404,C,•Ö,2140,M,“ì•Ÿ‰ª  ,”Ž‘½    ,”Ž‘½ŽÔ¶‹æ    ,10,11,,,,,1052,1101,I,,,,
9405,C,,4011,M,”Ž‘½    ,‘Šò    ,”Ž‘½ŽÔ¶‹æ    ,11,1,,,,832,839,1007,,4028,M,,1159
9406,C,,4028,M,‘Šò    ,”Ž‘½    ,”Ž‘½ŽÔ¶‹æ    ,11,2,,,,,1159,1328,•Ö,4045,M,,1634
9407,C,•Ö,4045,M,”Ž‘½    ,“ñ“úŽs  ,”Ž‘½ŽÔ¶‹æ    ,11,3,,,,,1634,1645,,2166,M,1700,1704
9408,C,,2166,M,“ñ“úŽs  ,”Ž‘½    ,”Ž‘½ŽÔ¶‹æ    ,11,4,,,,1700,1704,1726,,2171,M,1813,1814
9409,C,,2171,M,”Ž‘½    ,’¹²    ,”Ž‘½ŽÔ¶‹æ    ,11,5,,,,1813,1814,1908,,2178,M,,1924
9410,C,,2178,M,’¹²    ,”Ž‘½    ,”Ž‘½ŽÔ¶‹æ    ,11,6,,,,,1924,2009,,3057,M,2052,2106
9411,C,,3057,M,”Ž‘½    ,‘å•ª    ,”Ž‘½ŽÔ¶‹æ    ,11,7,,,,2052,2106,2325,,3008,M,704,713
9412,C,,3008,M,‘å•ª    ,”Ž‘½    ,”Ž‘½ŽÔ¶‹æ    ,11,8,,,,704,713,939,I,,,,
9413,C,,4091,M,”Ž‘½    ,•—Y‰·ò,”Ž‘½ŽÔ¶‹æ    ,12,1,,,,905,910,1022,,4092,M,1037,1040
9414,C,,4092,M,•—Y‰·ò,”Ž‘½    ,”Ž‘½ŽÔ¶‹æ    ,12,2,,,,1037,1040,1142,,2151,M,1412,1413
9415,C,,2151,M,”Ž‘½    ,“ñ“úŽs  ,”Ž‘½ŽÔ¶‹æ    ,12,3,,,,1412,1413,1439,,2158,M,,1455
9416,C,,2158,M,“ñ“úŽs  ,”Ž‘½    ,”Ž‘½ŽÔ¶‹æ    ,12,4,,,,,1455,1523,,2164,M,1647,1648
9417,C,,2164,M,”Ž‘½    ,•ŸŠÔ    ,”Ž‘½ŽÔ¶‹æ    ,12,5,,,,1647,1648,1730,,2171,M,,1737
9418,C,,2171,M,•ŸŠÔ    ,”Ž‘½    ,”Ž‘½ŽÔ¶‹æ    ,12,6,,,,,1737,1807,,1009,M,1930,1935
9419,C,,1009,M,”Ž‘½    ,”ì‘OŽ­“‡,”Ž‘½ŽÔ¶‹æ    ,12,7,,,,1930,1935,2043,•Ö‰ñ,2894,M,,2116
9420,C,•Ö‰ñ,2894,M,”ì‘OŽ­“‡,]–k    ,”Ž‘½ŽÔ¶‹æ    ,12,8,,,,,2116,2131,,2931,M,2252,2253
9421,C,,2931,M,]–k    ,‘Šò    ,”Ž‘½ŽÔ¶‹æ    ,12,9,,,,2252,2253,2340,,4920,M,528,533
9422,C,,4920,M,‘Šò    ,]–k    ,”Ž‘½ŽÔ¶‹æ    ,12,10,,,,528,533,621,,2830,M,658,708
9423,C,,2830,M,]–k    ,‹g’Ë@Ž­,”Ž‘½ŽÔ¶‹æ    ,12,11,,,,658,708,900,•Ö,4121,M,,917
9424,C,•Ö,4121,M,‹g’Ë@Ž­,”Ž‘½    ,”Ž‘½ŽÔ¶‹æ    ,12,12,,,,,917,920,I,,,,
9425,C,‰ü,4011,M,”Ž‘½    ,‘Šò    ,”Ž‘½ŽÔ¶‹æ    ,13,1,,,,,839,1007,,4024,M,,1106
9426,C,,4024,M,‘Šò    ,”Ž‘½    ,”Ž‘½ŽÔ¶‹æ    ,13,2,,,,,1106,1236,,4035,M,1425,1433
9427,C,,4035,M,”Ž‘½    ,²¢•Û  ,”Ž‘½ŽÔ¶‹æ    ,13,3,,,,1425,1433,1630,,4048,H,,1654
9428,C,,4048,H,²¢•Û  ,”Ž‘½    ,”Ž‘½ŽÔ¶‹æ    ,13,4,,,,,1654,1851,,2349,M,1953,1954
9429,C,,2349,M,”Ž‘½    ,‹v—¯•Ä  ,”Ž‘½ŽÔ¶‹æ    ,13,5,,,,1953,1954,2053,,4236,M,,2121
9430,C,,4236,M,‹v—¯•Ä  ,”Ž‘½    ,”Ž‘½ŽÔ¶‹æ    ,13,6,,,,,2121,2211,,62,M,2304,2310
9431,C,,62,M,”Ž‘½    ,–åŽi`  ,”Ž‘½ŽÔ¶‹æ    ,13,7,,,,2304,2310,20,,1001,M,627,640
9432,C,,1001,M,–åŽi`  ,”Ž‘½    ,”Ž‘½ŽÔ¶‹æ    ,13,8,,,,627,640,753,I,,,,
9433,C,,2017,H,”Ž‘½    ,•—Y‰·ò,”Ž‘½ŽÔ¶‹æ    ,14,1,,,,956,1003,1100,,2022,H,1114,1118
9434,C,,2022,H,•—Y‰·ò,”Ž‘½    ,”Ž‘½ŽÔ¶‹æ    ,14,2,,,,1114,1118,1214,,3033,M,1450,1500
9435,C,,3033,M,”Ž‘½    ,‘å•ª    ,”Ž‘½ŽÔ¶‹æ    ,14,3,,,,1450,1500,1701,,3056,M,1902,1910
9436,C,,3056,M,‘å•ª    ,”Ž‘½    ,”Ž‘½ŽÔ¶‹æ    ,14,4,,,,1902,1910,2129,,4069,M,2228,2235
9437,C,,4069,M,”Ž‘½    ,²¢•Û  ,”Ž‘½ŽÔ¶‹æ    ,14,5,,,,2228,2235,9,,4016,M,855,905
9438,C,,4016,M,²¢•Û  ,”Ž‘½    ,”Ž‘½ŽÔ¶‹æ    ,14,6,,,,855,905,1049,I,,,,
9439,C,,4015,M,”Ž‘½    ,‘Šò    ,”Ž‘½ŽÔ¶‹æ    ,15,1,,,,922,932,1105,,4032,M,,1259
9440,C,,4032,M,‘Šò    ,”Ž‘½    ,”Ž‘½ŽÔ¶‹æ    ,15,2,,,,,1259,1428,,2043,H,1604,1616
9441,C,,2043,H,”Ž‘½    ,•—Y‰·ò,”Ž‘½ŽÔ¶‹æ    ,15,3,,,,1604,1616,1719,,4094,M,1732,1736
9442,C,,4094,M,•—Y‰·ò,”Ž‘½    ,”Ž‘½ŽÔ¶‹æ    ,15,4,,,,1732,1736,1833,,4061,M,2025,2032
9443,C,,4061,M,”Ž‘½    ,²¢•Û  ,”Ž‘½ŽÔ¶‹æ    ,15,5,,,,2025,2032,2219,,4006,M,708,718
9444,C,,4006,M,²¢•Û  ,”Ž‘½    ,”Ž‘½ŽÔ¶‹æ    ,15,6,,,,708,718,902,I,,,,
9445,C,,139,M,”Ž‘½    ,’¹²    ,”Ž‘½ŽÔ¶‹æ    ,16,1,,,,935,936,1020,,2144,M,,1033
9446,C,,2144,M,’¹²    ,”Ž‘½    ,”Ž‘½ŽÔ¶‹æ    ,16,2,,,,,1033,1123,,4031,M,1321,1337
9447,C,,4031,M,”Ž‘½    ,‘Šò    ,”Ž‘½ŽÔ¶‹æ    ,16,3,,,,1321,1337,1510,,4044,M,,1610
9448,C,,4044,M,‘Šò    ,”Ž‘½    ,”Ž‘½ŽÔ¶‹æ    ,16,4,,,,,1610,1746,,1007,M,1834,1838
9449,C,,1007,M,”Ž‘½    ,”ì‘OŽ­“‡,”Ž‘½ŽÔ¶‹æ    ,16,5,,,,1834,1838,1942,•Ö‰ñ,2892,M,,1959
9450,C,•Ö‰ñ,2892,M,”ì‘OŽ­“‡,]–k    ,”Ž‘½ŽÔ¶‹æ    ,16,6,,,,,1959,2010,,2927,M,2054,2055
9451,C,,2927,M,]–k    ,‘Šò    ,”Ž‘½ŽÔ¶‹æ    ,16,7,,,,2054,2055,2152,,922,M,,2156
9452,C,,922,M,‘Šò    ,]–k    ,”Ž‘½ŽÔ¶‹æ    ,16,8,,,,,2156,2243,•Ö‰ñ,2891,M,,606
9453,C,•Ö‰ñ,2891,M,]–k    ,”ì‘OŽ­“‡,”Ž‘½ŽÔ¶‹æ    ,16,9,,,,,606,626,,1002,M,627,638
9454,C,,1002,M,”ì‘OŽ­“‡,”Ž‘½    ,”Ž‘½ŽÔ¶‹æ    ,16,10,,,,627,638,743,I,,,,
9455,C,,2013,H,”Ž‘½    ,•—Y‰·ò,”Ž‘½ŽÔ¶‹æ    ,17,1,,,,847,854,958,,2018,H,1012,1016
9456,C,,2018,H,•—Y‰·ò,”Ž‘½    ,”Ž‘½ŽÔ¶‹æ    ,17,2,,,,1012,1016,1110,,4027,M,1225,1237
9457,C,,4027,M,”Ž‘½    ,‘Šò    ,”Ž‘½ŽÔ¶‹æ    ,17,3,,,,1225,1237,1410,‰ü,4040,M,,1500
9458,C,‰ü,4040,M,‘Šò    ,”Ž‘½    ,”Ž‘½ŽÔ¶‹æ    ,17,4,,,,,1500,1635,,4230,M,1846,1847
9459,C,,4230,M,”Ž‘½    ,–åŽi`  ,”Ž‘½ŽÔ¶‹æ    ,17,5,,,,1846,1847,2024,•Ö,2235,M,,2045
9460,C,•Ö,2235,M,–åŽi`  ,¬‘q    ,”Ž‘½ŽÔ¶‹æ    ,17,6,,,,,2045,2059,,1071,M,2225,2231
9461,C,,1071,M,¬‘q    ,”Ž‘½    ,”Ž‘½ŽÔ¶‹æ    ,17,7,,,,2225,2231,2321,,2001,H,556,600
9462,C,,2001,H,”Ž‘½    ,•—Y‰·ò,”Ž‘½ŽÔ¶‹æ    ,17,8,,,,556,600,700,,2004,H,726,731
9463,C,,2004,H,•—Y‰·ò,”Ž‘½    ,”Ž‘½ŽÔ¶‹æ    ,17,9,,,,726,731,836,I,,,,
9464,C,\,310,A,”Ž‘½@Š²,”Ž‘½@Š²,”Ž‘½ŽÔ¶‹æ    ,20,1,,,,,950,1025,,2146,M,1221,1222
9465,C,ˆÚ“®,,,”Ž‘½@Š²,”Ž‘½    ,”Ž‘½ŽÔ¶‹æ    ,20,2,,,,,,,,2146,M,1221,1222
9466,C,,2146,M,”Ž‘½    ,Ü”ö@Ž­,”Ž‘½ŽÔ¶‹æ    ,20,3,,,,1221,1222,1335,,2155,M,,1358
9467,C,,2155,M,Ü”ö@Ž­,”Ž‘½    ,”Ž‘½ŽÔ¶‹æ    ,20,4,,,,,1358,1509,,4145,M,1703,1704
9468,C,,4145,M,”Ž‘½    ,‰HŒ¢’Ë  ,”Ž‘½ŽÔ¶‹æ    ,20,5,,,,1703,1704,1753,,2358,M,,1800
9469,C,,2358,M,‰HŒ¢’Ë  ,”Ž‘½    ,”Ž‘½ŽÔ¶‹æ    ,20,6,,,,,1800,1921,,2178,M,2010,2011
9470,C,,2178,M,”Ž‘½    ,•ŸŠÔ    ,”Ž‘½ŽÔ¶‹æ    ,20,7,,,,2010,2011,2051,,2351,M,,2108
9471,C,,2351,M,•ŸŠÔ    ,”Ž‘½    ,”Ž‘½ŽÔ¶‹æ    ,20,8,,,,,2108,2143,,2355,M,2315,2316
9472,C,,2355,M,”Ž‘½    ,‹v—¯•Ä  ,”Ž‘½ŽÔ¶‹æ    ,20,9,,,,2315,2316,10,,2322,M,516,523
9473,C,,2322,M,‹v—¯•Ä  ,”Ž‘½    ,”Ž‘½ŽÔ¶‹æ    ,20,10,,,,516,523,614,,2124,M,,648
9474,C,,2124,M,”Ž‘½    ,•ŸŠÔ    ,”Ž‘½ŽÔ¶‹æ    ,20,11,,,,,648,718,,2129,M,,728
9475,C,,2129,M,•ŸŠÔ    ,”Ž‘½    ,”Ž‘½ŽÔ¶‹æ    ,20,12,,,,,728,804,,3225,M,818,819
9476,C,,3225,M,”Ž‘½    ,“ì•Ÿ‰ª  ,”Ž‘½ŽÔ¶‹æ    ,20,13,,,,818,819,826,•Ö,2830,M,,846
9477,C,•Ö,2830,M,“ì•Ÿ‰ª  ,”Ž‘½    ,”Ž‘½ŽÔ¶‹æ    ,20,14,,,,,846,855,I,,,,
9478,C,,1001,M,”Ž‘½    ,”ì‘OŽ­“‡,”Ž‘½ŽÔ¶‹æ    ,21,1,,,,753,755,858,,1006,M,922,926
9479,C,,1006,M,”ì‘OŽ­“‡,”Ž‘½    ,”Ž‘½ŽÔ¶‹æ    ,21,2,,,,922,926,1026,,2148,M,1242,1243
9480,C,,2148,M,”Ž‘½    ,•ŸŠÔ    ,”Ž‘½ŽÔ¶‹æ    ,21,3,,,,1242,1243,1316,,2337,M,,1321
9481,C,,2337,M,•ŸŠÔ    ,”Ž‘½    ,”Ž‘½ŽÔ¶‹æ    ,21,4,,,,,1321,1355,,2159,M,1557,1558
9482,C,,2159,M,”Ž‘½    ,’¹²    ,”Ž‘½ŽÔ¶‹æ    ,21,5,,,,1557,1558,1646,,4150,M,,1654
9483,C,,4150,M,’¹²    ,”Ž‘½    ,”Ž‘½ŽÔ¶‹æ    ,21,6,,,,,1654,1730,,2055,H,1853,1900
9484,C,,2055,H,”Ž‘½    ,•—Y‰·ò,”Ž‘½ŽÔ¶‹æ    ,21,7,,,,1853,1900,2002,,2058,H,2014,2020
9485,C,,2058,H,•—Y‰·ò,”Ž‘½    ,”Ž‘½ŽÔ¶‹æ    ,21,8,,,,2014,2020,2115,,2067,H,2204,2211
9486,C,,2067,H,”Ž‘½    ,•—Y‰·ò,”Ž‘½ŽÔ¶‹æ    ,21,9,,,,2204,2211,2312,•Ö‰ñ,2992,M,,620
9487,C,•Ö‰ñ,2992,M,•—Y‰·ò,]–k    ,”Ž‘½ŽÔ¶‹æ    ,21,10,,,,,620,630,•Ö‰ñ,2893,M,,638
9488,C,•Ö‰ñ,2893,M,]–k    ,”ì‘OŽ­“‡,”Ž‘½ŽÔ¶‹æ    ,21,11,,,,,638,702,,1004,M,703,713
9489,C,,1004,M,”ì‘OŽ­“‡,‹g’Ë@Ž­,”Ž‘½ŽÔ¶‹æ    ,21,12,,,,703,713,829,•Ö,53,M,,841
9490,C,•Ö,53,M,‹g’Ë@Ž­,”Ž‘½    ,”Ž‘½ŽÔ¶‹æ    ,21,13,,,,,841,844,I,,,,
9491,C,,4045,M,”Ž‘½    ,²¢•Û  ,”Ž‘½ŽÔ¶‹æ    ,22,1,,,,1627,1634,1821,,4056,H,1900,1910
9492,C,,4056,H,²¢•Û  ,”Ž‘½    ,”Ž‘½ŽÔ¶‹æ    ,22,2,,,,1900,1910,2055,‰ü,2003,H,,632
9493,C,‰ü,2003,H,”Ž‘½    ,’¹²    ,”Ž‘½ŽÔ¶‹æ    ,22,3,,,,,632,654,,2831,M,,751
9494,C,,2831,M,’¹²    ,]–k    ,”Ž‘½ŽÔ¶‹æ    ,22,4,,,,,751,837,•Ö‰ñ,2831,M,,842
9495,C,•Ö‰ñ,2831,M,]–k    ,”ì‘O•l  ,”Ž‘½ŽÔ¶‹æ    ,22,5,,,,,842,856,,2836,M,857,905
9496,C,,2836,M,”ì‘O•l  ,’¹²    ,”Ž‘½ŽÔ¶‹æ    ,22,6,,,,857,905,1017,‰ü,4016,M,,1029
9497,C,‰ü,4016,M,’¹²    ,”Ž‘½    ,”Ž‘½ŽÔ¶‹æ    ,22,7,,,,,1029,1049,I,,,,
9498,C,,4007,M,”Ž‘½    ,²¢•Û  ,”Ž‘½ŽÔ¶‹æ    ,23,1,,,,720,728,927,,4020,M,950,1000
9499,C,,4020,M,²¢•Û  ,”Ž‘½    ,”Ž‘½ŽÔ¶‹æ    ,23,2,,,,950,1000,1154,,3027,M,1313,1320
9500,C,,3027,M,”Ž‘½    ,‘å•ª    ,”Ž‘½ŽÔ¶‹æ    ,23,3,,,,1313,1320,1536,,3050,M,1729,1744
9501,C,,3050,M,‘å•ª    ,”Ž‘½    ,”Ž‘½ŽÔ¶‹æ    ,23,4,,,,1729,1744,1950,,3222,M,,2138
9502,C,,3222,M,”Ž‘½    ,–åŽi`  ,”Ž‘½ŽÔ¶‹æ    ,23,5,,,,,2138,2317,,2009,H,643,652
9503,C,,2009,H,–åŽi`  ,”Ž‘½    ,”Ž‘½ŽÔ¶‹æ    ,23,6,,,,643,652,808,I,,,,
9504,C,,2132,M,”Ž‘½    ,•ŸŠÔ    ,”Ž‘½ŽÔ¶‹æ    ,24,1,,,,915,916,956,,2331,M,,1002
9505,C,,2331,M,•ŸŠÔ    ,”Ž‘½    ,”Ž‘½ŽÔ¶‹æ    ,24,2,,,,,1002,1034,,3021,M,1153,1200
9506,C,,3021,M,”Ž‘½    ,¬‘q    ,”Ž‘½ŽÔ¶‹æ    ,24,3,,,,1153,1200,1240,,3030,M,,1405
9507,C,,3030,M,¬‘q    ,”Ž‘½    ,”Ž‘½ŽÔ¶‹æ    ,24,4,,,,,1405,1449,,2162,M,1622,1623
9508,C,,2162,M,”Ž‘½    ,ŠC˜V’Ã  ,”Ž‘½ŽÔ¶‹æ    ,24,5,,,,1622,1623,1719,•Ö‰ñ,2347,M,,1753
9509,C,•Ö‰ñ,2347,M,ŠC˜V’Ã  ,•ŸŠÔ    ,”Ž‘½ŽÔ¶‹æ    ,24,6,,,,,1753,1810,,2347,M,1811,1817
9510,C,,2347,M,•ŸŠÔ    ,”Ž‘½    ,”Ž‘½ŽÔ¶‹æ    ,24,7,,,,1811,1817,1848,,2059,H,1950,2000
9511,C,,2059,H,”Ž‘½    ,•—Y‰·ò,”Ž‘½ŽÔ¶‹æ    ,24,8,,,,1950,2000,2103,,2064,H,2143,2148
9512,C,,2064,H,•—Y‰·ò,”Ž‘½    ,”Ž‘½ŽÔ¶‹æ    ,24,9,,,,2143,2148,2247,,2357,M,2345,2346
9513,C,,2357,M,”Ž‘½    ,‹v—¯•Ä  ,”Ž‘½ŽÔ¶‹æ    ,24,10,,,,2345,2346,36,,2328,M,610,615
9514,C,,2328,M,‹v—¯•Ä  ,”Ž‘½    ,”Ž‘½ŽÔ¶‹æ    ,24,11,,,,610,615,711,,2123,M,,720
9515,C,,2123,M,”Ž‘½    ,“ñ“úŽs  ,”Ž‘½ŽÔ¶‹æ    ,24,12,,,,,720,742,,2126,M,,749
9516,C,,2126,M,“ñ“úŽs  ,”Ž‘½    ,”Ž‘½ŽÔ¶‹æ    ,24,13,,,,,749,812,,2133,M,848,849
9517,C,,2133,M,”Ž‘½    ,“ñ“úŽs  ,”Ž‘½ŽÔ¶‹æ    ,24,14,,,,848,849,915,,2136,M,,932
9518,C,,2136,M,“ñ“úŽs  ,”Ž‘½    ,”Ž‘½ŽÔ¶‹æ    ,24,15,,,,,932,956,I,,,,
9519,C,,3009,M,”Ž‘½    ,‘å•ª    ,”Ž‘½ŽÔ¶‹æ    ,25,1,,,,854,900,1105,,3032,M,1257,1312
9520,C,,3032,M,‘å•ª    ,”Ž‘½    ,”Ž‘½ŽÔ¶‹æ    ,25,2,,,,1257,1312,1528,,2047,H,1653,1700
9521,C,,2047,H,”Ž‘½    ,•—Y‰·ò,”Ž‘½ŽÔ¶‹æ    ,25,3,,,,1653,1700,1758,,2050,H,1811,1815
9522,C,,2050,H,•—Y‰·ò,”Ž‘½    ,”Ž‘½ŽÔ¶‹æ    ,25,4,,,,1811,1815,1915,,4231,M,2021,2022
9523,C,,4231,M,”Ž‘½    ,‰HŒ¢’Ë  ,”Ž‘½ŽÔ¶‹æ    ,25,5,,,,2021,2022,2114,•Ö,5369,M,,2137
9524,C,•Ö,5369,M,‰HŒ¢’Ë  ,r”ö    ,”Ž‘½ŽÔ¶‹æ    ,25,6,,,,,2137,2205,•Ö,1220,M,,543
9525,C,•Ö,1220,M,r”ö    ,‘å–´“c  ,”Ž‘½ŽÔ¶‹æ    ,25,7,,,,,543,547,,2334,M,612,618
9526,C,,2334,M,‘å–´“c  ,‹g’Ë@Ž­,”Ž‘½ŽÔ¶‹æ    ,25,8,,,,612,618,808,•Ö,1727,C,,826
9527,C,•Ö,1727,C,‹g’Ë@Ž­,”Ž‘½    ,”Ž‘½ŽÔ¶‹æ    ,25,9,,,,,826,829,I,,,,
9528,C,,4019,M,”Ž‘½    ,‘Šò    ,”Ž‘½ŽÔ¶‹æ    ,26,1,,,,1025,1031,1209,,4036,M,,1359
9529,C,,4036,M,‘Šò    ,”Ž‘½    ,”Ž‘½ŽÔ¶‹æ    ,26,2,,,,,1359,1528,,4049,H,1725,1732
9530,C,,4049,H,”Ž‘½    ,²¢•Û  ,”Ž‘½ŽÔ¶‹æ    ,26,3,,,,1725,1732,1919,,4060,H,2005,2015
9531,C,,4060,H,²¢•Û  ,”Ž‘½    ,”Ž‘½ŽÔ¶‹æ    ,26,4,,,,2005,2015,2156,,1071,M,2321,2323
9532,C,,1071,M,”Ž‘½    ,²‰ê    ,”Ž‘½ŽÔ¶‹æ    ,26,5,,,,2321,2323,5,,1072,M,614,624
9533,C,,1072,M,²‰ê    ,”Ž‘½    ,”Ž‘½ŽÔ¶‹æ    ,26,6,,,,614,624,707,,3220,M,,746
9534,C,,3220,M,”Ž‘½    ,¬‘q    ,”Ž‘½ŽÔ¶‹æ    ,26,7,,,,,746,853,,3012,M,,939
9535,C,,3012,M,¬‘q    ,”Ž‘½    ,”Ž‘½ŽÔ¶‹æ    ,26,8,,,,,939,1027,I,,,,
9536,C,,2005,H,”Ž‘½    ,•—Y‰·ò,”Ž‘½ŽÔ¶‹æ    ,27,1,,,,700,716,825,,2012,H,906,911
9537,C,,2012,H,•—Y‰·ò,”Ž‘½    ,”Ž‘½ŽÔ¶‹æ    ,27,2,,,,906,911,1007,,4023,M,1126,1137
9538,C,,4023,M,”Ž‘½    ,²¢•Û  ,”Ž‘½ŽÔ¶‹æ    ,27,3,,,,1126,1137,1326,,4036,M,1341,1345
9539,C,,4036,M,²¢•Û  ,‘Šò    ,”Ž‘½ŽÔ¶‹æ    ,27,4,,,,1341,1345,1353,,4040,M,,1500
9540,C,,4040,M,‘Šò    ,”Ž‘½    ,”Ž‘½ŽÔ¶‹æ    ,27,5,,,,,1500,1635,,4057,H,1905,1912
9541,C,,4057,H,”Ž‘½    ,²¢•Û  ,”Ž‘½ŽÔ¶‹æ    ,27,6,,,,1905,1912,2112,,4002,H,558,608
9542,C,,4002,H,²¢•Û  ,”Ž‘½    ,”Ž‘½ŽÔ¶‹æ    ,27,7,,,,558,608,755,I,,,,
9543,C,,2331,M,”Ž‘½    ,r–Ø    ,”Ž‘½ŽÔ¶‹æ    ,30,1,,,,1035,1036,1140,,2346,M,,1201
9544,C,,2346,M,r–Ø    ,”Ž‘½    ,”Ž‘½ŽÔ¶‹æ    ,30,2,,,,,1201,1300,,2153,M,1440,1441
9545,C,,2153,M,”Ž‘½    ,“ñ“úŽs  ,”Ž‘½ŽÔ¶‹æ    ,30,3,,,,1440,1441,1502,,2160,M,,1517
9546,C,,2160,M,“ñ“úŽs  ,”Ž‘½    ,”Ž‘½ŽÔ¶‹æ    ,30,4,,,,,1517,1538,,2354,M,1705,1706
9547,C,,2354,M,”Ž‘½    ,•ŸŠÔ    ,”Ž‘½ŽÔ¶‹æ    ,30,5,,,,1705,1706,1745,,2173,M,,1758
9548,C,,2173,M,•ŸŠÔ    ,”Ž‘½    ,”Ž‘½ŽÔ¶‹æ    ,30,6,,,,,1758,1828,,4155,M,2005,2006
9549,C,,4155,M,”Ž‘½    ,r”ö    ,”Ž‘½ŽÔ¶‹æ    ,30,7,,,,2005,2006,2128,,2326,M,520,525
9550,C,,2326,M,r”ö    ,”Ž‘½    ,”Ž‘½ŽÔ¶‹æ    ,30,8,,,,520,525,657,,127,M,740,741
9551,C,,127,M,”Ž‘½    ,“ñ“úŽs  ,”Ž‘½ŽÔ¶‹æ    ,30,9,,,,740,741,806,,2130,M,,815
9552,C,,2130,M,“ñ“úŽs  ,”Ž‘½    ,”Ž‘½ŽÔ¶‹æ    ,30,10,,,,,815,841,I,,,,
9553,C,,81,D,”Ž‘½    ,•Ê•{    ,”Ž‘½ŽÔ¶‹æ    ,31,1,,,,738,743,1104,,84,D,1308,1313
9554,C,,84,D,•Ê•{    ,”Ž‘½    ,”Ž‘½ŽÔ¶‹æ    ,31,2,,,,1308,1313,1631,,54,M,1733,1740
9555,C,,54,M,”Ž‘½    ,¬‘q    ,”Ž‘½ŽÔ¶‹æ    ,31,3,,,,1733,1740,1831,,55,M,1916,1921
9556,C,,55,M,¬‘q    ,”Ž‘½    ,”Ž‘½ŽÔ¶‹æ    ,31,4,,,,1916,1921,2013,,4236,M,2213,2214
9557,C,,4236,M,”Ž‘½    ,–åŽi`  ,”Ž‘½ŽÔ¶‹æ    ,31,5,,,,2213,2214,2338,,53,M,710,722
9558,C,,53,M,–åŽi`  ,”Ž‘½    ,”Ž‘½ŽÔ¶‹æ    ,31,6,,,,710,722,844,I,,,,
9559,C,,2021,H,”Ž‘½    ,•—Y‰·ò,”Ž‘½ŽÔ¶‹æ    ,32,1,,,,1045,1053,1155,,2026,H,1211,1216
9560,C,,2026,H,•—Y‰·ò,”Ž‘½    ,”Ž‘½ŽÔ¶‹æ    ,32,2,,,,1211,1216,1314,,4039,M,1520,1533
9561,C,,4039,M,”Ž‘½    ,²¢•Û  ,”Ž‘½ŽÔ¶‹æ    ,32,3,,,,1520,1533,1726,,4052,H,1750,1800
9562,C,,4052,H,²¢•Û  ,”Ž‘½    ,”Ž‘½ŽÔ¶‹æ    ,32,4,,,,1750,1800,1953,,4157,M,2042,2043
9563,C,,4157,M,”Ž‘½    ,r–Ø    ,”Ž‘½ŽÔ¶‹æ    ,32,5,,,,2042,2043,2126,,2368,M,,2153
9564,C,,2368,M,r–Ø    ,”Ž‘½    ,”Ž‘½ŽÔ¶‹æ    ,32,6,,,,,2153,2314,,2323,M,650,656
9565,C,,2323,M,”Ž‘½    ,‘å–´“c  ,”Ž‘½ŽÔ¶‹æ    ,32,7,,,,650,656,824,,330,M,,853
9566,C,,330,M,‘å–´“c  ,’¹²    ,”Ž‘½ŽÔ¶‹æ    ,32,8,,,,,853,938,‰ü,2012,H,,948
9567,C,‰ü,2012,H,’¹²    ,”Ž‘½    ,”Ž‘½ŽÔ¶‹æ    ,32,9,,,,,948,1007,I,,,,
9568,C,,2009,H,”Ž‘½    ,•—Y‰·ò,”Ž‘½ŽÔ¶‹æ    ,33,1,,,,808,812,920,,2014,H,938,942
9569,C,,2014,H,•—Y‰·ò,”Ž‘½    ,”Ž‘½ŽÔ¶‹æ    ,33,2,,,,938,942,1043,,1003,M,1308,1316
9570,C,,1003,M,”Ž‘½    ,”ì‘OŽ­“‡,”Ž‘½ŽÔ¶‹æ    ,33,3,,,,1308,1316,1417,,1008,M,1440,1450
9571,C,,1008,M,”ì‘OŽ­“‡,”Ž‘½    ,”Ž‘½ŽÔ¶‹æ    ,33,4,,,,1440,1450,1553,,1005,M,1706,1716
9572,C,,1005,M,”Ž‘½    ,”ì‘OŽ­“‡,”Ž‘½ŽÔ¶‹æ    ,33,5,,,,1706,1716,1818,,1010,M,1829,1832
9573,C,,1010,M,”ì‘OŽ­“‡,”Ž‘½    ,”Ž‘½ŽÔ¶‹æ    ,33,6,,,,1829,1832,1935,,4065,M,2123,2132
9574,C,,4065,M,”Ž‘½    ,²¢•Û  ,”Ž‘½ŽÔ¶‹æ    ,33,7,,,,2123,2132,2318,,4010,M,756,806
9575,C,,4010,M,²¢•Û  ,”Ž‘½    ,”Ž‘½ŽÔ¶‹æ    ,33,8,,,,756,806,950,I,,,,
9576,C,,4121,M,”Ž‘½    ,’¹²    ,”Ž‘½ŽÔ¶‹æ    ,34,1,,,,923,924,1003,,2140,M,,1013
9577,C,,2140,M,’¹²    ,”Ž‘½    ,”Ž‘½ŽÔ¶‹æ    ,34,2,,,,,1013,1101,•Ö,749,A,,1201
9578,C,ˆÚ“®,,,”Ž‘½    ,”Ž‘½@Š²,”Ž‘½ŽÔ¶‹æ    ,34,3,,,,,,,•Ö,749,A,,1201
9579,C,•Ö,749,A,”Ž‘½@Š²,ŒF–{@Š²,”Ž‘½ŽÔ¶‹æ    ,34,4,,,,,1201,1239,,8093,D,1329,1336
9580,C,ˆÚ“®,,,ŒF–{@Š²,ŒF–{    ,”Ž‘½ŽÔ¶‹æ    ,34,5,,,,,,,,8093,D,1329,1336
9581,C,,8093,D,ŒF–{    ,‹{’n    ,”Ž‘½ŽÔ¶‹æ    ,34,6,,,,1329,1336,1511,,8094,D,1538,1548
9582,C,,8094,D,‹{’n    ,ŒF–{    ,”Ž‘½ŽÔ¶‹æ    ,34,7,,,,1538,1548,1708,•Ö,608,A,,1747
9583,C,ˆÚ“®,,,ŒF–{    ,ŒF–{@Š²,”Ž‘½ŽÔ¶‹æ    ,34,8,,,,,,,•Ö,608,A,,1747
9584,C,•Ö,608,A,ŒF–{@Š²,”Ž‘½@Š²,”Ž‘½ŽÔ¶‹æ    ,34,9,,,,,1747,1820,,58,M,2034,2041
9585,C,ˆÚ“®,,,”Ž‘½@Š²,”Ž‘½    ,”Ž‘½ŽÔ¶‹æ    ,34,10,,,,,,,,58,M,2034,2041
9586,C,,58,M,”Ž‘½    ,–åŽi`  ,”Ž‘½ŽÔ¶‹æ    ,34,11,,,,2034,2041,2150,,2239,M,2236,2241
9587,C,,2239,M,–åŽi`  ,•ŸŠÔ    ,”Ž‘½ŽÔ¶‹æ    ,34,12,,,,2236,2241,2355,•Ö‰ñ,2239,M,,5
9588,C,•Ö‰ñ,2239,M,•ŸŠÔ    ,”Ž‘½    ,”Ž‘½ŽÔ¶‹æ    ,34,13,,,,,5,22,,2003,H,625,632
9589,C,,2003,H,”Ž‘½    ,•—Y‰·ò,”Ž‘½ŽÔ¶‹æ    ,34,14,,,,625,632,739,,2008,H,814,819
9590,C,,2008,H,•—Y‰·ò,”Ž‘½    ,”Ž‘½ŽÔ¶‹æ    ,34,15,,,,814,819,925,I,,,,
9591,C,•Ö,601,A,”Ž‘½@Š²,ŒF–{@Š²,”Ž‘½ŽÔ¶‹æ    ,35,1,,,,,830,902,,8091,D,940,957
9592,C,ˆÚ“®,,,ŒF–{@Š²,ŒF–{    ,”Ž‘½ŽÔ¶‹æ    ,35,2,,,,,,,,8091,D,940,957
9593,C,,8091,D,ŒF–{    ,‹{’n    ,”Ž‘½ŽÔ¶‹æ    ,35,3,,,,940,957,1132,,8092,D,1152,1202
9594,C,,8092,D,‹{’n    ,ŒF–{    ,”Ž‘½ŽÔ¶‹æ    ,35,4,,,,1152,1202,1320,•Ö,758,A,,1442
9595,C,ˆÚ“®,,,ŒF–{    ,ŒF–{@Š²,”Ž‘½ŽÔ¶‹æ    ,35,5,,,,,,,•Ö,758,A,,1442
9596,C,•Ö,758,A,ŒF–{@Š²,”Ž‘½@Š²,”Ž‘½ŽÔ¶‹æ    ,35,6,,,,,1442,1521,,4053,H,1805,1811
9597,C,ˆÚ“®,,,”Ž‘½@Š²,”Ž‘½    ,”Ž‘½ŽÔ¶‹æ    ,35,7,,,,,,,,4053,H,1805,1811
9598,C,,4053,H,”Ž‘½    ,²¢•Û  ,”Ž‘½ŽÔ¶‹æ    ,35,8,,,,1805,1811,2005,,4062,M,2038,2048
9599,C,,4062,M,²¢•Û  ,”Ž‘½    ,”Ž‘½ŽÔ¶‹æ    ,35,9,,,,2038,2048,2229,‰ü,2001,H,,600
9600,C,‰ü,2001,H,”Ž‘½    ,’¹²    ,”Ž‘½ŽÔ¶‹æ    ,35,10,,,,,600,621,,325,M,640,645
9601,C,,325,M,’¹²    ,‘å–´“c  ,”Ž‘½ŽÔ¶‹æ    ,35,11,,,,640,645,731,,2336,M,,736
9602,C,,2336,M,‘å–´“c  ,”Ž‘½    ,”Ž‘½ŽÔ¶‹æ    ,35,12,,,,,736,915,I,,,,
9603,C,,2138,M,”Ž‘½    ,Ü”ö@Ž­,”Ž‘½ŽÔ¶‹æ    ,40,1,,,,1021,1022,1135,,2147,M,,1158
9604,C,,2147,M,Ü”ö@Ž­,”Ž‘½    ,”Ž‘½ŽÔ¶‹æ    ,40,2,,,,,1158,1309,,4137,M,1425,1426
9605,C,,4137,M,”Ž‘½    ,’¹²    ,”Ž‘½ŽÔ¶‹æ    ,40,3,,,,1425,1426,1507,,4144,M,,1533
9606,C,,4144,M,’¹²    ,”Ž‘½    ,”Ž‘½ŽÔ¶‹æ    ,40,4,,,,,1533,1608,,2165,M,1654,1655
9607,C,,2165,M,”Ž‘½    ,’¹²    ,”Ž‘½ŽÔ¶‹æ    ,40,5,,,,1654,1655,1748,,2176,M,,1802
9608,C,,2176,M,’¹²    ,”Ž‘½    ,”Ž‘½ŽÔ¶‹æ    ,40,6,,,,,1802,1906,,2866,M,1944,1945
9609,C,,2866,M,”Ž‘½    ,•ŸŠÔ    ,”Ž‘½ŽÔ¶‹æ    ,40,7,,,,1944,1945,2023,,2931,M,,2030
9610,C,,2931,M,•ŸŠÔ    ,”Ž‘½    ,”Ž‘½ŽÔ¶‹æ    ,40,8,,,,,2030,2102,,2351,M,2143,2144
9611,C,,2351,M,”Ž‘½    ,‰HŒ¢’Ë  ,”Ž‘½ŽÔ¶‹æ    ,40,9,,,,2143,2144,2258,,2332,M,624,632
9612,C,,2332,M,‰HŒ¢’Ë  ,•ŸŠÔ    ,”Ž‘½ŽÔ¶‹æ    ,40,10,,,,624,632,828,,2135,M,,836
9613,C,,2135,M,•ŸŠÔ    ,”Ž‘½    ,”Ž‘½ŽÔ¶‹æ    ,40,11,,,,,836,912,I,,,,
9614,C,,2327,M,”Ž‘½    ,‹v—¯•Ä  ,”Ž‘½ŽÔ¶‹æ    ,41,1,,,,758,759,853,,4124,M,,908
9615,C,,4124,M,‹v—¯•Ä  ,”Ž‘½    ,”Ž‘½ŽÔ¶‹æ    ,41,2,,,,,908,1003,,4125,M,1055,1056
9616,C,,4125,M,”Ž‘½    ,‰HŒ¢’Ë  ,”Ž‘½ŽÔ¶‹æ    ,41,3,,,,1055,1056,1152,,4134,M,1235,1241
9617,C,,4134,M,‰HŒ¢’Ë  ,”Ž‘½    ,”Ž‘½ŽÔ¶‹æ    ,41,4,,,,1235,1241,1331,,2156,M,1441,1442
9618,C,,2156,M,”Ž‘½    ,•ŸŠÔ    ,”Ž‘½ŽÔ¶‹æ    ,41,5,,,,1441,1442,1516,,2159,M,,1525
9619,C,,2159,M,•ŸŠÔ    ,”Ž‘½    ,”Ž‘½ŽÔ¶‹æ    ,41,6,,,,,1525,1557,,4148,M,1712,1713
9620,C,,4148,M,”Ž‘½    ,–åŽi`  ,”Ž‘½ŽÔ¶‹æ    ,41,7,,,,1712,1713,1855,,2879,M,1955,2000
9621,C,,2879,M,–åŽi`  ,”Ž‘½    ,”Ž‘½ŽÔ¶‹æ    ,41,8,,,,1955,2000,2158,,4159,M,2253,2254
9622,C,,4159,M,”Ž‘½    ,r”ö    ,”Ž‘½ŽÔ¶‹æ    ,41,9,,,,2253,2254,21,,4120,M,649,654
9623,C,,4120,M,r”ö    ,”Ž‘½    ,”Ž‘½ŽÔ¶‹æ    ,41,10,,,,649,654,831,I,,,,
9624,C,\,3014,M,”Ž‘½    ,”Ž‘½    ,”Ž‘½ŽÔ¶‹æ    ,42,1,,,,,1030,1110,,2337,M,1400,1401
9625,C,,2337,M,”Ž‘½    ,‹v—¯•Ä  ,”Ž‘½ŽÔ¶‹æ    ,42,2,,,,1400,1401,1454,,2352,M,,1506
9626,C,,2352,M,‹v—¯•Ä  ,”Ž‘½    ,”Ž‘½ŽÔ¶‹æ    ,42,3,,,,,1506,1600,,2166,M,1726,1727
9627,C,,2166,M,”Ž‘½    ,ŠC˜V’Ã  ,”Ž‘½ŽÔ¶‹æ    ,42,4,,,,1726,1727,1838,•Ö‰ñ,2349,M,,1853
9628,C,•Ö‰ñ,2349,M,ŠC˜V’Ã  ,•ŸŠÔ    ,”Ž‘½ŽÔ¶‹æ    ,42,5,,,,,1853,1910,,2349,M,1911,1916
9629,C,,2349,M,•ŸŠÔ    ,”Ž‘½    ,”Ž‘½ŽÔ¶‹æ    ,42,6,,,,1911,1916,1947,,2181,M,2034,2035
9630,C,,2181,M,”Ž‘½    ,“ñ“úŽs  ,”Ž‘½ŽÔ¶‹æ    ,42,7,,,,2034,2035,2057,•Ö‰ñ,2181,M,,2119
9631,C,•Ö‰ñ,2181,M,“ñ“úŽs  ,“ì•Ÿ‰ª  ,”Ž‘½ŽÔ¶‹æ    ,42,8,,,,,2119,2127,•Ö,140,M,,2140
9632,C,•Ö,140,M,“ì•Ÿ‰ª  ,”Ž‘½    ,”Ž‘½ŽÔ¶‹æ    ,42,9,,,,,2140,2150,‰ü,4069,M,,2235
9633,C,‰ü,4069,M,”Ž‘½    ,’¹²    ,”Ž‘½ŽÔ¶‹æ    ,42,10,,,,,2235,2254,,2881,M,2326,2336
9634,C,,2881,M,’¹²    ,]–k    ,”Ž‘½ŽÔ¶‹æ    ,42,11,,,,2326,2336,17,,4820,M,716,720
9635,C,,4820,M,]–k    ,’¹²    ,”Ž‘½ŽÔ¶‹æ    ,42,12,,,,716,720,806,,2835,M,,849
9636,C,,2835,M,’¹²    ,”ì‘O•l  ,”Ž‘½ŽÔ¶‹æ    ,42,13,,,,,849,1005,,2838,M,,1010
9637,C,,2838,M,”ì‘O•l  ,’¹²    ,”Ž‘½ŽÔ¶‹æ    ,42,14,,,,,1010,1112,‰ü,4020,M,,1132
9638,C,‰ü,4020,M,’¹²    ,”Ž‘½    ,”Ž‘½ŽÔ¶‹æ    ,42,15,,,,,1132,1154,I,,,,
9639,C,‰ü,1001,M,”Ž‘½    ,’¹²    ,”Ž‘½ŽÔ¶‹æ    ,43,1,,,,,755,818,,331,M,825,831
9640,C,,331,M,’¹²    ,r”ö    ,”Ž‘½ŽÔ¶‹æ    ,43,2,,,,825,831,920,,2342,M,,946
9641,C,,2342,M,r”ö    ,”Ž‘½    ,”Ž‘½ŽÔ¶‹æ    ,43,3,,,,,946,1139,‰ü,2025,H,,1153
9642,C,‰ü,2025,H,”Ž‘½    ,’¹²    ,”Ž‘½ŽÔ¶‹æ    ,43,4,,,,,1153,1214,,2851,M,1340,1348
9643,C,,2851,M,’¹²    ,]–k    ,”Ž‘½ŽÔ¶‹æ    ,43,5,,,,1340,1348,1438,,2856,M,1557,1602
9644,C,,2856,M,]–k    ,’¹²    ,”Ž‘½ŽÔ¶‹æ    ,43,6,,,,1557,1602,1646,,2863,M,,1652
9645,C,,2863,M,’¹²    ,]–k    ,”Ž‘½ŽÔ¶‹æ    ,43,7,,,,,1652,1739,,2866,M,,1752
9646,C,,2866,M,]–k    ,”Ž‘½    ,”Ž‘½ŽÔ¶‹æ    ,43,8,,,,,1752,1944,,2931,M,2104,2105
9647,C,,2931,M,”Ž‘½    ,]–k    ,”Ž‘½ŽÔ¶‹æ    ,43,9,,,,2104,2105,2252,,2822,M,537,542
9648,C,,2822,M,]–k    ,’¹²    ,”Ž‘½ŽÔ¶‹æ    ,43,10,,,,537,542,622,,2825,M,,642
9649,C,,2825,M,’¹²    ,²‰ê    ,”Ž‘½ŽÔ¶‹æ    ,43,11,,,,,642,709,,2828,M,,713
9650,C,,2828,M,²‰ê    ,’¹²    ,”Ž‘½ŽÔ¶‹æ    ,43,12,,,,,713,743,‰ü,1004,M,,756
9651,C,‰ü,1004,M,’¹²    ,”Ž‘½    ,”Ž‘½ŽÔ¶‹æ    ,43,13,,,,,756,822,I,,,,
9652,C,,2134,M,”Ž‘½    ,Ü”ö@Ž­,”Ž‘½ŽÔ¶‹æ    ,44,1,,,,932,937,1050,,2143,M,,1058
9653,C,,2143,M,Ü”ö@Ž­,”Ž‘½    ,”Ž‘½ŽÔ¶‹æ    ,44,2,,,,,1058,1207,,2150,M,1322,1323
9654,C,,2150,M,”Ž‘½    ,Ü”ö@Ž­,”Ž‘½ŽÔ¶‹æ    ,44,3,,,,1322,1323,1435,,2161,M,,1457
9655,C,,2161,M,Ü”ö@Ž­,”Ž‘½    ,”Ž‘½ŽÔ¶‹æ    ,44,4,,,,,1457,1608,,4225,M,1719,1720
9656,C,,4225,M,”Ž‘½    ,‰HŒ¢’Ë  ,”Ž‘½ŽÔ¶‹æ    ,44,5,,,,1719,1720,1808,,4154,M,,1831
9657,C,,4154,M,‰HŒ¢’Ë  ,”Ž‘½    ,”Ž‘½ŽÔ¶‹æ    ,44,6,,,,,1831,1924,,2179,M,2011,2012
9658,C,,2179,M,”Ž‘½    ,’¹²    ,”Ž‘½ŽÔ¶‹æ    ,44,7,,,,2011,2012,2105,,2184,M,2245,2250
9659,C,,2184,M,’¹²    ,”Ž‘½    ,”Ž‘½ŽÔ¶‹æ    ,44,8,,,,2245,2250,2352,,1321,M,,620
9660,C,,1321,M,”Ž‘½    ,r”ö    ,”Ž‘½ŽÔ¶‹æ    ,44,9,,,,,620,743,,2338,M,,751
9661,C,,2338,M,r”ö    ,”Ž‘½    ,”Ž‘½ŽÔ¶‹æ    ,44,10,,,,,751,935,I,,,,
9662,C,•Ö,4226,M,”Ž‘½    ,‹g’Ë@Ž­,”Ž‘½ŽÔ¶‹æ    ,45,1,,,,,1654,1656,,2169,M,1719,1734
9663,C,,2169,M,‹g’Ë@Ž­,“ñ“úŽs  ,”Ž‘½ŽÔ¶‹æ    ,45,2,,,,1719,1734,1803,,2174,M,,1813
9664,C,,2174,M,“ñ“úŽs  ,”Ž‘½    ,”Ž‘½ŽÔ¶‹æ    ,45,3,,,,,1813,1840,,4229,M,1925,1926
9665,C,,4229,M,”Ž‘½    ,r”ö    ,”Ž‘½ŽÔ¶‹æ    ,45,4,,,,1925,1926,2041,•Ö,320,M,,613
9666,C,•Ö,320,M,r”ö    ,‘å–´“c  ,”Ž‘½ŽÔ¶‹æ    ,45,5,,,,,613,617,,4220,M,639,649
9667,C,,4220,M,‘å–´“c  ,”Ž‘½    ,”Ž‘½ŽÔ¶‹æ    ,45,6,,,,639,649,806,I,,,,
9668,C,•Ö,2166,M,”Ž‘½    ,‹g’Ë@Ž­,”Ž‘½ŽÔ¶‹æ    ,46,1,,,,,1727,1730,,2925,M,1743,1749
9669,C,,2925,M,‹g’Ë@Ž­,‘Šò    ,”Ž‘½ŽÔ¶‹æ    ,46,2,,,,1743,1749,2122,,921,M,555,600
9670,C,,921,M,‘Šò    ,²¢•Û  ,”Ž‘½ŽÔ¶‹æ    ,46,3,,,,555,600,617,,2920,M,,635
9671,C,,2920,M,²¢•Û  ,’¹²    ,”Ž‘½ŽÔ¶‹æ    ,46,4,,,,,635,828,‰ü,4006,M,,839
9672,C,‰ü,4006,M,’¹²    ,”Ž‘½    ,”Ž‘½ŽÔ¶‹æ    ,46,5,,,,,839,902,I,,,,
9673,C,,1325,M,”Ž‘½    ,‰HŒ¢’Ë  ,”Ž‘½ŽÔ¶‹æ    ,50,1,,,,1156,1202,1253,,4138,M,1332,1340
9674,C,,4138,M,‰HŒ¢’Ë  ,”Ž‘½    ,”Ž‘½ŽÔ¶‹æ    ,50,2,,,,1332,1340,1431,,4141,M,1525,1526
9675,C,,4141,M,”Ž‘½    ,’¹²    ,”Ž‘½ŽÔ¶‹æ    ,50,3,,,,1525,1526,1605,•Ö‰ñ,4230,M,,1619
9676,C,•Ö‰ñ,4230,M,’¹²    ,r”ö    ,”Ž‘½ŽÔ¶‹æ    ,50,4,,,,,1619,1700,,4230,M,1727,1732
9677,C,,4230,M,r”ö    ,”Ž‘½    ,”Ž‘½ŽÔ¶‹æ    ,50,5,,,,1727,1732,1844,,4153,M,1941,1942
9678,C,,4153,M,”Ž‘½    ,‹v—¯•Ä  ,”Ž‘½ŽÔ¶‹æ    ,50,6,,,,1941,1942,2019,,2366,M,,2035
9679,C,,2366,M,‹v—¯•Ä  ,”Ž‘½    ,”Ž‘½ŽÔ¶‹æ    ,50,7,,,,,2035,2129,‰ü,3059,M,,2206
9680,C,‰ü,3059,M,”Ž‘½    ,¬‘q    ,”Ž‘½ŽÔ¶‹æ    ,50,8,,,,,2206,2257,,2241,M,,2322
9681,C,,2241,M,¬‘q    ,ÔŠÔ    ,”Ž‘½ŽÔ¶‹æ    ,50,9,,,,,2322,8,•Ö‰ñ,2325,M,,608
9682,C,•Ö‰ñ,2325,M,ÔŠÔ    ,•ŸŠÔ    ,”Ž‘½ŽÔ¶‹æ    ,50,10,,,,,608,617,,2325,M,618,627
9683,C,,2325,M,•ŸŠÔ    ,r”ö    ,”Ž‘½ŽÔ¶‹æ    ,50,11,,,,618,627,854,•Ö‰ñ,1124,M,,859
9684,C,•Ö‰ñ,1124,M,r”ö    ,‘å–´“c  ,”Ž‘½ŽÔ¶‹æ    ,50,12,,,,,859,903,•Ö,4320,M,,937
9685,C,•Ö,4320,M,‘å–´“c  ,’¹²    ,”Ž‘½ŽÔ¶‹æ    ,50,13,,,,,937,1012,‰ü,2014,H,,1022
9686,C,‰ü,2014,H,’¹²    ,”Ž‘½    ,”Ž‘½ŽÔ¶‹æ    ,50,14,,,,,1022,1043,I,,,,
9687,C,,2135,M,”Ž‘½    ,“ñ“úŽs  ,”Ž‘½ŽÔ¶‹æ    ,51,1,,,,912,913,937,•Ö,2138,M,,950
9688,C,•Ö,2138,M,“ñ“úŽs  ,”Ž‘½    ,”Ž‘½ŽÔ¶‹æ    ,51,2,,,,,950,1015,,2144,M,1124,1125
9689,C,,2144,M,”Ž‘½    ,Ü”ö@Ž­,”Ž‘½ŽÔ¶‹æ    ,51,3,,,,1124,1125,1235,,2151,M,,1258
9690,C,,2151,M,Ü”ö@Ž­,”Ž‘½    ,”Ž‘½ŽÔ¶‹æ    ,51,4,,,,,1258,1409,‰ü,4035,M,,1433
9691,C,‰ü,4035,M,”Ž‘½    ,’¹²    ,”Ž‘½ŽÔ¶‹æ    ,51,5,,,,,1433,1457,,2923,M,1702,1712
9692,C,,2923,M,’¹²    ,‘Šò    ,”Ž‘½ŽÔ¶‹æ    ,51,6,,,,1702,1712,1925,,2928,M,2037,2042
9693,C,,2928,M,‘Šò    ,’¹²    ,”Ž‘½ŽÔ¶‹æ    ,51,7,,,,2037,2042,2245,,2186,M,2332,2338
9694,C,,2186,M,’¹²    ,”Ž‘½    ,”Ž‘½ŽÔ¶‹æ    ,51,8,,,,2332,2338,22,,2829,M,,635
9695,C,,2829,M,”Ž‘½    ,]–k    ,”Ž‘½ŽÔ¶‹æ    ,51,9,,,,,635,805,,2832,M,,811
9696,C,,2832,M,]–k    ,’¹²    ,”Ž‘½ŽÔ¶‹æ    ,51,10,,,,,811,853,‰ü,2008,H,,903
9697,C,‰ü,2008,H,’¹²    ,”Ž‘½    ,”Ž‘½ŽÔ¶‹æ    ,51,11,,,,,903,925,I,,,,
9698,C,,2136,M,”Ž‘½    ,•ŸŠÔ    ,”Ž‘½ŽÔ¶‹æ    ,52,1,,,,1001,1002,1032,,2141,M,,1050
9699,C,,2141,M,•ŸŠÔ    ,”Ž‘½    ,”Ž‘½ŽÔ¶‹æ    ,52,2,,,,,1050,1132,,4133,M,1325,1326
9700,C,,4133,M,”Ž‘½    ,’¹²    ,”Ž‘½ŽÔ¶‹æ    ,52,3,,,,1325,1326,1405,,4140,M,,1433
9701,C,,4140,M,’¹²    ,”Ž‘½    ,”Ž‘½ŽÔ¶‹æ    ,52,4,,,,,1433,1509,,3125,M,1601,1602
9702,C,,3125,M,”Ž‘½    ,“ñ“úŽs  ,”Ž‘½ŽÔ¶‹æ    ,52,5,,,,1601,1602,1618,,2164,M,,1625
9703,C,,2164,M,“ñ“úŽs  ,”Ž‘½    ,”Ž‘½ŽÔ¶‹æ    ,52,6,,,,,1625,1646,,4228,M,1749,1750
9704,C,,4228,M,”Ž‘½    ,¬‘q    ,”Ž‘½ŽÔ¶‹æ    ,52,7,,,,1749,1750,1900,,2353,M,,2043
9705,C,,2353,M,¬‘q    ,”Ž‘½    ,”Ž‘½ŽÔ¶‹æ    ,52,8,,,,,2043,2218,,2184,M,0,1
9706,C,,2184,M,”Ž‘½    ,•ŸŠÔ    ,”Ž‘½ŽÔ¶‹æ    ,52,9,,,,0,1,34,,2125,M,643,648
9707,C,,2125,M,•ŸŠÔ    ,“ì•Ÿ‰ª  ,”Ž‘½ŽÔ¶‹æ    ,52,10,,,,643,648,734,,132,M,,745
9708,C,,132,M,“ì•Ÿ‰ª  ,”Ž‘½    ,”Ž‘½ŽÔ¶‹æ    ,52,11,,,,,745,758,,2126,M,813,814
9709,C,,2126,M,”Ž‘½    ,•ŸŠÔ    ,”Ž‘½ŽÔ¶‹æ    ,52,12,,,,813,814,849,,2329,M,905,920
9710,C,,2329,M,•ŸŠÔ    ,”Ž‘½    ,”Ž‘½ŽÔ¶‹æ    ,52,13,,,,905,920,950,I,,,,
9711,C,,131,M,”Ž‘½    ,‹v—¯•Ä  ,”Ž‘½ŽÔ¶‹æ    ,53,1,,,,823,824,928,,2340,M,,934
9712,C,,2340,M,‹v—¯•Ä  ,”Ž‘½    ,”Ž‘½ŽÔ¶‹æ    ,53,2,,,,,934,1039,,4128,M,1131,1132
9713,C,,4128,M,”Ž‘½    ,–åŽi`  ,”Ž‘½ŽÔ¶‹æ    ,53,3,,,,1131,1132,1314,,4225,M,1555,1559
9714,C,,4225,M,–åŽi`  ,”Ž‘½    ,”Ž‘½ŽÔ¶‹æ    ,53,4,,,,1555,1559,1717,,2173,M,1832,1833
9715,C,,2173,M,”Ž‘½    ,’¹²    ,”Ž‘½ŽÔ¶‹æ    ,53,5,,,,1832,1833,1929,,138,M,,1943
9716,C,,138,M,’¹²    ,”Ž‘½    ,”Ž‘½ŽÔ¶‹æ    ,53,6,,,,,1943,2041,,142,M,2225,2226
9717,C,,142,M,”Ž‘½    ,–åŽi`  ,”Ž‘½ŽÔ¶‹æ    ,53,7,,,,2225,2226,13,,131,M,616,621
9718,C,,131,M,–åŽi`  ,”Ž‘½    ,”Ž‘½ŽÔ¶‹æ    ,53,8,,,,616,621,823,,4223,M,841,842
9719,C,,4223,M,”Ž‘½    ,’¹²    ,”Ž‘½ŽÔ¶‹æ    ,53,9,,,,841,842,918,,2138,M,,926
9720,C,,2138,M,’¹²    ,”Ž‘½    ,”Ž‘½ŽÔ¶‹æ    ,53,10,,,,,926,1015,I,,,,
9721,C,,2356,M,”Ž‘½    ,–åŽi`  ,”Ž‘½ŽÔ¶‹æ    ,54,1,,,,1801,1802,1946,•Ö,2879,M,,2000
9722,C,•Ö,2879,M,–åŽi`  ,¬‘q    ,”Ž‘½ŽÔ¶‹æ    ,54,2,,,,,2000,2013,,145,M,,2101
9723,C,,145,M,¬‘q    ,”Ž‘½    ,”Ž‘½ŽÔ¶‹æ    ,54,3,,,,,2101,2241,,2121,M,551,552
9724,C,,2121,M,”Ž‘½    ,’¹²    ,”Ž‘½ŽÔ¶‹æ    ,54,4,,,,551,552,641,,130,M,,647
9725,C,,130,M,’¹²    ,”Ž‘½    ,”Ž‘½ŽÔ¶‹æ    ,54,5,,,,,647,736,I,,,,
9726,C,,2168,M,”Ž‘½    ,•ŸŠÔ    ,”Ž‘½ŽÔ¶‹æ    ,55,1,,,,1743,1744,1823,,2175,M,,1839
9727,C,,2175,M,•ŸŠÔ    ,’¹²    ,”Ž‘½ŽÔ¶‹æ    ,55,2,,,,,1839,2007,,2877,M,,2146
9728,C,,2877,M,’¹²    ,]–k    ,”Ž‘½ŽÔ¶‹æ    ,55,3,,,,,2146,2236,•Ö‰ñ,2890,M,,455
9729,C,•Ö‰ñ,2890,M,]–k    ,_é    ,”Ž‘½ŽÔ¶‹æ    ,55,4,,,,,455,510,•Ö‰ñ,2821,M,,514
9730,C,•Ö‰ñ,2821,M,_é    ,²‰ê    ,”Ž‘½ŽÔ¶‹æ    ,55,5,,,,,514,521,,2821,M,522,524
9731,C,,2821,M,²‰ê    ,”ì‘O•l  ,”Ž‘½ŽÔ¶‹æ    ,55,6,,,,522,524,558,,2824,M,,602
9732,C,,2824,M,”ì‘O•l  ,”Ž‘½    ,”Ž‘½ŽÔ¶‹æ    ,55,7,,,,,602,819,I,,,,
9733,C,,4127,M,”Ž‘½    ,’¹²    ,”Ž‘½ŽÔ¶‹æ    ,60,1,,,,1125,1126,1206,,4132,M,,1233
9734,C,,4132,M,’¹²    ,”Ž‘½    ,”Ž‘½ŽÔ¶‹æ    ,60,2,,,,,1233,1309,,4135,M,1358,1359
9735,C,,4135,M,”Ž‘½    ,‰HŒ¢’Ë  ,”Ž‘½ŽÔ¶‹æ    ,60,3,,,,1358,1359,1449,,4146,M,1535,1540
9736,C,,4146,M,‰HŒ¢’Ë  ,”Ž‘½    ,”Ž‘½ŽÔ¶‹æ    ,60,4,,,,1535,1540,1628,,2345,M,1744,1745
9737,C,,2345,M,”Ž‘½    ,‘å–´“c  ,”Ž‘½ŽÔ¶‹æ    ,60,5,,,,1744,1745,1919,,2364,M,,1939
9738,C,,2364,M,‘å–´“c  ,”Ž‘½    ,”Ž‘½ŽÔ¶‹æ    ,60,6,,,,,1939,2112,,145,M,2244,2245
9739,C,,145,M,”Ž‘½    ,“ñ“úŽs  ,”Ž‘½ŽÔ¶‹æ    ,60,7,,,,2244,2245,2308,•Ö‰ñ,145,M,,2332
9740,C,•Ö‰ñ,145,M,“ñ“úŽs  ,“ì•Ÿ‰ª  ,”Ž‘½ŽÔ¶‹æ    ,60,8,,,,,2332,2341,,124,M,535,540
9741,C,,124,M,“ì•Ÿ‰ª  ,¬‘q    ,”Ž‘½ŽÔ¶‹æ    ,60,9,,,,535,540,727,,137,M,,733
9742,C,,137,M,¬‘q    ,“ì•Ÿ‰ª  ,”Ž‘½ŽÔ¶‹æ    ,60,10,,,,,733,938,•Ö,4124,M,,955
9743,C,•Ö,4124,M,“ì•Ÿ‰ª  ,”Ž‘½    ,”Ž‘½ŽÔ¶‹æ    ,60,11,,,,,955,1003,I,,,,
9744,C,‰ü,2009,H,”Ž‘½    ,’¹²    ,”Ž‘½ŽÔ¶‹æ    ,61,1,,,,,812,839,,333,M,,905
9745,C,,333,M,’¹²    ,r”ö    ,”Ž‘½ŽÔ¶‹æ    ,61,2,,,,,905,953,,4128,M,,1002
9746,C,,4128,M,r”ö    ,”Ž‘½    ,”Ž‘½ŽÔ¶‹æ    ,61,3,,,,,1002,1131,,4129,M,1225,1226
9747,C,,4129,M,”Ž‘½    ,’¹²    ,”Ž‘½ŽÔ¶‹æ    ,61,4,,,,1225,1226,1305,,4136,M,,1333
9748,C,,4136,M,’¹²    ,”Ž‘½    ,”Ž‘½ŽÔ¶‹æ    ,61,5,,,,,1333,1408,,1327,M,1543,1549
9749,C,,1327,M,”Ž‘½    ,‰HŒ¢’Ë  ,”Ž‘½ŽÔ¶‹æ    ,61,6,,,,1543,1549,1640,,2356,M,,1646
9750,C,,2356,M,‰HŒ¢’Ë  ,”Ž‘½    ,”Ž‘½ŽÔ¶‹æ    ,61,7,,,,,1646,1759,,4227,M,1822,1823
9751,C,,4227,M,”Ž‘½    ,‘å–´“c  ,”Ž‘½ŽÔ¶‹æ    ,61,8,,,,1822,1823,1929,•Ö,377,M,,1952
9752,C,•Ö,377,M,‘å–´“c  ,r”ö    ,”Ž‘½ŽÔ¶‹æ    ,61,9,,,,,1952,1956,,1220,M,538,543
9753,C,,1220,M,r”ö    ,”Ž‘½    ,”Ž‘½ŽÔ¶‹æ    ,61,10,,,,538,543,715,,2127,M,,733
9754,C,,2127,M,”Ž‘½    ,’¹²    ,”Ž‘½ŽÔ¶‹æ    ,61,11,,,,,733,823,,4122,M,,850
9755,C,,4122,M,’¹²    ,”Ž‘½    ,”Ž‘½ŽÔ¶‹æ    ,61,12,,,,,850,922,I,,,,
9756,C,,2333,M,”Ž‘½    ,‹v—¯•Ä  ,”Ž‘½ŽÔ¶‹æ    ,62,1,,,,1146,1147,1251,,2348,M,,1306
9757,C,,2348,M,‹v—¯•Ä  ,”Ž‘½    ,”Ž‘½ŽÔ¶‹æ    ,62,2,,,,,1306,1400,,4139,M,1458,1459
9758,C,,4139,M,”Ž‘½    ,‰HŒ¢’Ë  ,”Ž‘½ŽÔ¶‹æ    ,62,3,,,,1458,1459,1546,,4148,M,,1609
9759,C,,4148,M,‰HŒ¢’Ë  ,”Ž‘½    ,”Ž‘½ŽÔ¶‹æ    ,62,4,,,,,1609,1711,,4147,M,1803,1804
9760,C,,4147,M,”Ž‘½    ,‹v—¯•Ä  ,”Ž‘½ŽÔ¶‹æ    ,62,5,,,,1803,1804,1842,,2360,M,,1849
9761,C,,2360,M,‹v—¯•Ä  ,”Ž‘½    ,”Ž‘½ŽÔ¶‹æ    ,62,6,,,,,1849,1959,,2183,M,2046,2047
9762,C,,2183,M,”Ž‘½    ,’¹²    ,”Ž‘½ŽÔ¶‹æ    ,62,7,,,,2046,2047,2131,,142,M,,2145
9763,C,,142,M,’¹²    ,”Ž‘½    ,”Ž‘½ŽÔ¶‹æ    ,62,8,,,,,2145,2225,,120,M,458,501
9764,C,,120,M,”Ž‘½    ,–åŽi`  ,”Ž‘½ŽÔ¶‹æ    ,62,9,,,,458,501,651,,4121,M,,734
9765,C,,4121,M,–åŽi`  ,”Ž‘½    ,”Ž‘½ŽÔ¶‹æ    ,62,10,,,,,734,920,I,,,,
9766,C,,4221,M,”Ž‘½    ,‰HŒ¢’Ë  ,”Ž‘½ŽÔ¶‹æ    ,63,1,,,,751,752,844,,4224,M,,855
9767,C,,4224,M,‰HŒ¢’Ë  ,”Ž‘½    ,”Ž‘½ŽÔ¶‹æ    ,63,2,,,,,855,945,,3121,M,1007,1008
9768,C,,3121,M,”Ž‘½    ,“ñ“úŽs  ,”Ž‘½ŽÔ¶‹æ    ,63,3,,,,1007,1008,1036,,3124,M,,1047
9769,C,,3124,M,“ñ“úŽs  ,”Ž‘½    ,”Ž‘½ŽÔ¶‹æ    ,63,4,,,,,1047,1104,,2344,M,1201,1202
9770,C,,2344,M,”Ž‘½    ,•ŸŠÔ    ,”Ž‘½ŽÔ¶‹æ    ,63,5,,,,1201,1202,1232,,2149,M,1258,1303
9771,C,,2149,M,•ŸŠÔ    ,”Ž‘½    ,”Ž‘½ŽÔ¶‹æ    ,63,6,,,,1258,1303,1338,,2339,M,1500,1501
9772,C,,2339,M,”Ž‘½    ,‹v—¯•Ä  ,”Ž‘½ŽÔ¶‹æ    ,63,7,,,,1500,1501,1551,,2354,M,,1604
9773,C,,2354,M,‹v—¯•Ä  ,”Ž‘½    ,”Ž‘½ŽÔ¶‹æ    ,63,8,,,,,1604,1705,,4149,M,1841,1842
9774,C,,4149,M,”Ž‘½    ,‰HŒ¢’Ë  ,”Ž‘½ŽÔ¶‹æ    ,63,9,,,,1841,1842,1935,,2362,M,,1941
9775,C,,2362,M,‰HŒ¢’Ë  ,”Ž‘½    ,”Ž‘½ŽÔ¶‹æ    ,63,10,,,,,1941,2101,,1331,M,2142,2149
9776,C,,1331,M,”Ž‘½    ,’¹²    ,”Ž‘½ŽÔ¶‹æ    ,63,11,,,,2142,2149,2220,,2823,M,618,626
9777,C,,2823,M,’¹²    ,²‰ê    ,”Ž‘½ŽÔ¶‹æ    ,63,12,,,,618,626,654,,2826,M,,702
9778,C,,2826,M,²‰ê    ,‹g’Ë@Ž­,”Ž‘½ŽÔ¶‹æ    ,63,13,,,,,702,832,•Ö,3227,M,,856
9779,C,•Ö,3227,M,‹g’Ë@Ž­,”Ž‘½    ,”Ž‘½ŽÔ¶‹æ    ,63,14,,,,,856,858,I,,,,
9780,C,‰ü,2017,H,”Ž‘½    ,’¹²    ,”Ž‘½ŽÔ¶‹æ    ,64,1,,,,,1003,1023,•Ö,1323,M,,1033
9781,C,•Ö,1323,M,’¹²    ,r–Ø    ,”Ž‘½ŽÔ¶‹æ    ,64,2,,,,,1033,1043,,1222,M,1116,1121
9782,C,,1222,M,r–Ø    ,”Ž‘½    ,”Ž‘½ŽÔ¶‹æ    ,64,3,,,,1116,1121,1209,,2346,M,1301,1302
9783,C,,2346,M,”Ž‘½    ,•ŸŠÔ    ,”Ž‘½ŽÔ¶‹æ    ,64,4,,,,1301,1302,1332,,2153,M,1358,1403
9784,C,,2153,M,•ŸŠÔ    ,”Ž‘½    ,”Ž‘½ŽÔ¶‹æ    ,64,5,,,,1358,1403,1437,,4146,M,1630,1631
9785,C,,4146,M,”Ž‘½    ,¬‘q    ,”Ž‘½ŽÔ¶‹æ    ,64,6,,,,1630,1631,1750,,4157,M,,1914
9786,C,,4157,M,¬‘q    ,”Ž‘½    ,”Ž‘½ŽÔ¶‹æ    ,64,7,,,,,1914,2041,,2879,M,2159,2200
9787,C,,2879,M,”Ž‘½    ,]–k    ,”Ž‘½ŽÔ¶‹æ    ,64,8,,,,2159,2200,2343,,1820,M,608,613
9788,C,,1820,M,]–k    ,”Ž‘½    ,”Ž‘½ŽÔ¶‹æ    ,64,9,,,,608,613,729,,2129,M,808,809
9789,C,,2129,M,”Ž‘½    ,“ñ“úŽs  ,”Ž‘½ŽÔ¶‹æ    ,64,10,,,,808,809,836,,2132,M,,841
9790,C,,2132,M,“ñ“úŽs  ,”Ž‘½    ,”Ž‘½ŽÔ¶‹æ    ,64,11,,,,,841,907,I,,,,
9791,C,,4123,M,”Ž‘½    ,‰HŒ¢’Ë  ,”Ž‘½ŽÔ¶‹æ    ,65,1,,,,1025,1026,1122,,4130,M,,1139
9792,C,,4130,M,‰HŒ¢’Ë  ,”Ž‘½    ,”Ž‘½ŽÔ¶‹æ    ,65,2,,,,,1139,1229,,2149,M,1342,1343
9793,C,,2149,M,”Ž‘½    ,“ñ“úŽs  ,”Ž‘½ŽÔ¶‹æ    ,65,3,,,,1342,1343,1409,,2156,M,,1419
9794,C,,2156,M,“ñ“úŽs  ,”Ž‘½    ,”Ž‘½ŽÔ¶‹æ    ,65,4,,,,,1419,1441,,4144,M,1609,1610
9795,C,,4144,M,”Ž‘½    ,–åŽi`  ,”Ž‘½ŽÔ¶‹æ    ,65,5,,,,1609,1610,1746,,143,M,1905,1910
9796,C,,143,M,–åŽi`  ,”Ž‘½    ,”Ž‘½ŽÔ¶‹æ    ,65,6,,,,1905,1910,2119,,2353,M,2219,2220
9797,C,,2353,M,”Ž‘½    ,‹v—¯•Ä  ,”Ž‘½ŽÔ¶‹æ    ,65,7,,,,2219,2220,2317,,2320,M,446,451
9798,C,,2320,M,‹v—¯•Ä  ,”Ž‘½    ,”Ž‘½ŽÔ¶‹æ    ,65,8,,,,446,451,540,,2120,M,619,623
9799,C,,2120,M,”Ž‘½    ,ŠC˜V’Ã  ,”Ž‘½ŽÔ¶‹æ    ,65,9,,,,619,623,716,,2131,M,,730
9800,C,,2131,M,ŠC˜V’Ã  ,“ì•Ÿ‰ª  ,”Ž‘½ŽÔ¶‹æ    ,65,10,,,,,730,837,•Ö,2132,M,,858
9801,C,•Ö,2132,M,“ì•Ÿ‰ª  ,”Ž‘½    ,”Ž‘½ŽÔ¶‹æ    ,65,11,,,,,858,907,I,,,,
9802,C,,2130,M,”Ž‘½    ,Ü”ö@Ž­,”Ž‘½ŽÔ¶‹æ    ,66,1,,,,842,843,952,,2139,M,,1002
9803,C,,2139,M,Ü”ö@Ž­,”Ž‘½    ,”Ž‘½ŽÔ¶‹æ    ,66,2,,,,,1002,1105,,3126,M,1206,1210
9804,C,,3126,M,”Ž‘½    ,–åŽi`  ,”Ž‘½ŽÔ¶‹æ    ,66,3,,,,1206,1210,1357,,4149,M,1637,1642
9805,C,,4149,M,–åŽi`  ,”Ž‘½    ,”Ž‘½ŽÔ¶‹æ    ,66,4,,,,1637,1642,1837,,4151,M,1906,1907
9806,C,,4151,M,”Ž‘½    ,‹v—¯•Ä  ,”Ž‘½ŽÔ¶‹æ    ,66,5,,,,1906,1907,1944,•Ö‰ñ,4151,M,,1950
9807,C,•Ö‰ñ,4151,M,‹v—¯•Ä  ,’¹²    ,”Ž‘½ŽÔ¶‹æ    ,66,6,,,,,1950,1958,,2927,M,1959,2005
9808,C,,2927,M,’¹²    ,]–k    ,”Ž‘½ŽÔ¶‹æ    ,66,7,,,,1959,2005,2046,‰ü,4062,M,,2142
9809,C,‰ü,4062,M,]–k    ,”Ž‘½    ,”Ž‘½ŽÔ¶‹æ    ,66,8,,,,,2142,2229,,2321,M,508,513
9810,C,,2321,M,”Ž‘½    ,‘å–´“c  ,”Ž‘½ŽÔ¶‹æ    ,66,9,,,,508,513,646,•Ö‰ñ,4222,M,,709
9811,C,•Ö‰ñ,4222,M,‘å–´“c  ,r”ö    ,”Ž‘½ŽÔ¶‹æ    ,66,10,,,,,709,713,,4222,M,714,722
9812,C,,4222,M,r”ö    ,”Ž‘½    ,”Ž‘½ŽÔ¶‹æ    ,66,11,,,,714,722,847,I,,,,
9813,C,,2167,M,”Ž‘½    ,’¹²    ,”Ž‘½ŽÔ¶‹æ    ,67,1,,,,1725,1726,1815,,4156,M,1950,1958
9814,C,,4156,M,’¹²    ,”Ž‘½    ,”Ž‘½ŽÔ¶‹æ    ,67,2,,,,1950,1958,2027,,2185,M,2127,2128
9815,C,,2185,M,”Ž‘½    ,“ñ“úŽs  ,”Ž‘½ŽÔ¶‹æ    ,67,3,,,,2127,2128,2155,,144,M,2217,2227
9816,C,,144,M,“ñ“úŽs  ,”Ž‘½    ,”Ž‘½ŽÔ¶‹æ    ,67,4,,,,2217,2227,2253,,2320,M,540,541
9817,C,,2320,M,”Ž‘½    ,¬‘q    ,”Ž‘½ŽÔ¶‹æ    ,67,5,,,,540,541,705,,135,M,,722
9818,C,,135,M,¬‘q    ,”Ž‘½    ,”Ž‘½ŽÔ¶‹æ    ,67,6,,,,,722,855,I,,,,
9819,C,,2176,M,”Ž‘½    ,•ŸŠÔ    ,”Ž‘½ŽÔ¶‹æ    ,68,1,,,,1910,1911,1947,,2183,M,,2008
9820,C,,2183,M,•ŸŠÔ    ,”Ž‘½    ,”Ž‘½ŽÔ¶‹æ    ,68,2,,,,,2008,2046,,4233,M,2113,2114
9821,C,,4233,M,”Ž‘½    ,r–Ø    ,”Ž‘½ŽÔ¶‹æ    ,68,3,,,,2113,2114,2157,,2330,M,609,623
9822,C,,2330,M,r–Ø    ,”Ž‘½    ,”Ž‘½ŽÔ¶‹æ    ,68,4,,,,609,623,722,•Ö,2330,M,,725
9823,C,•Ö,2330,M,”Ž‘½    ,’Å    ,”Ž‘½ŽÔ¶‹æ    ,68,5,,,,,725,737,,1727,C,,816
9824,C,,1727,C,’Å    ,”Ž‘½    ,”Ž‘½ŽÔ¶‹æ    ,68,6,,,,,816,829,,135,M,856,857
9825,C,,135,M,”Ž‘½    ,’¹²    ,”Ž‘½ŽÔ¶‹æ    ,68,7,,,,856,857,947,,4126,M,,956
9826,C,,4126,M,’¹²    ,”Ž‘½    ,”Ž‘½ŽÔ¶‹æ    ,68,8,,,,,956,1029,I,,,,
9827,C,,2329,M,”Ž‘½    ,‹v—¯•Ä  ,”Ž‘½ŽÔ¶‹æ    ,90,1,,,,953,954,1058,,2344,M,,1105
9828,C,,2344,M,‹v—¯•Ä  ,”Ž‘½    ,”Ž‘½ŽÔ¶‹æ    ,90,2,,,,,1105,1201,,4131,M,1258,1259
9829,C,,4131,M,”Ž‘½    ,‰HŒ¢’Ë  ,”Ž‘½ŽÔ¶‹æ    ,90,3,,,,1258,1259,1345,,4142,M,1433,1439
9830,C,,4142,M,‰HŒ¢’Ë  ,”Ž‘½    ,”Ž‘½ŽÔ¶‹æ    ,90,4,,,,1433,1439,1531,I,,,,
9831,C,,3022,M,‘å•ª    ,¬‘q    ,‘å•ªæ–±ƒZ    ,110,1,,,,1039,1044,1203,‰ü,3023,M,,1309
9832,C,‰ü,3023,M,¬‘q    ,‘å•ª    ,‘å•ªæ–±ƒZ    ,110,2,,,,,1309,1438,,5011,M,1609,1614
9833,C,,5011,M,‘å•ª    ,‰„‰ª    ,‘å•ªæ–±ƒZ    ,110,3,,,,1609,1614,1818,,2760,M,1957,2007
9834,C,,2760,M,‰„‰ª    ,²”Œ    ,‘å•ªæ–±ƒZ    ,110,4,,,,1957,2007,2111,,2761,M,612,617
9835,C,,2761,M,²”Œ    ,‰„‰ª    ,‘å•ªæ–±ƒZ    ,110,5,,,,612,617,726,‰ü,5004,M,,806
9836,C,‰ü,5004,M,‰„‰ª    ,‘å•ª    ,‘å•ªæ–±ƒZ    ,110,6,,,,,806,1006,I,,,,
9837,C,‰ü,5003,M,‘å•ª    ,‹{è‹ó`,‘å•ªæ–±ƒZ    ,111,1,,,,,819,1152,,5012,M,1408,1415
9838,C,,5012,M,‹{è‹ó`,‘å•ª    ,‘å•ªæ–±ƒZ    ,111,2,,,,1408,1415,1743,,642,M,1841,1848
9839,C,,642,M,‘å•ª    ,’†’Ã    ,‘å•ªæ–±ƒZ    ,111,3,,,,1841,1848,2032,‰ü,3058,M,,2105
9840,C,‰ü,3058,M,’†’Ã    ,¬‘q    ,‘å•ªæ–±ƒZ    ,111,4,,,,,2105,2139,,3059,M,,2304
9841,C,,3059,M,¬‘q    ,‘å•ª    ,‘å•ªæ–±ƒZ    ,111,5,,,,,2304,35,,5420,D,603,614
9842,C,,5420,D,‘å•ª    ,Œ¢Ž”    ,‘å•ªæ–±ƒZ    ,111,6,,,,603,614,656,,5421,D,,710
9843,C,,5421,D,Œ¢Ž”    ,‘å•ª    ,‘å•ªæ–±ƒZ    ,111,7,,,,,710,739,I,,,,
9844,C,,5005,M,‘å•ª    ,‹{è‹ó`,‘å•ªæ–±ƒZ    ,112,1,,,,1004,1006,1351,,5014,M,1557,1615
9845,C,,5014,M,‹{è‹ó`,‘å•ª    ,‘å•ªæ–±ƒZ    ,112,2,,,,1557,1615,1941,‰ü,3058,M,,2010
9846,C,‰ü,3058,M,‘å•ª    ,–öƒ–‰Y  ,‘å•ªæ–±ƒZ    ,112,3,,,,,2010,2055,,5520,M,444,449
9847,C,,5520,M,–öƒ–‰Y  ,¬‘q    ,‘å•ªæ–±ƒZ    ,112,4,,,,444,449,617,,5521,M,641,642
9848,C,,5521,M,¬‘q    ,‘å•ª    ,‘å•ªæ–±ƒZ    ,112,5,,,,641,642,926,I,,,,
9849,C,,3012,M,‘å•ª    ,¬‘q    ,‘å•ªæ–±ƒZ    ,113,1,,,,809,811,937,,3013,M,,1043
9850,C,,3013,M,¬‘q    ,‘å•ª    ,‘å•ªæ–±ƒZ    ,113,2,,,,,1043,1204,,3034,M,1336,1344
9851,C,,3034,M,‘å•ª    ,”Ž‘½    ,‘å•ªæ–±ƒZ    ,113,3,,,,1336,1344,1552,,3041,M,1655,1700
9852,C,,3041,M,”Ž‘½    ,²”Œ    ,‘å•ªæ–±ƒZ    ,113,4,,,,1655,1700,2010,,3012,M,650,658
9853,C,,3012,M,²”Œ    ,‘å•ª    ,‘å•ªæ–±ƒZ    ,113,5,,,,650,658,809,I,,,,
9854,C,‰ü,5009,M,‘å•ª    ,‰„‰ª    ,‘å•ªæ–±ƒZ    ,114,1,,,,,1411,1618,,5011,M,1818,1820
9855,C,,5011,M,‰„‰ª    ,‹{è‹ó`,‘å•ªæ–±ƒZ    ,114,2,,,,1818,1820,1951,,5082,M,,2015
9856,C,,5082,M,‹{è‹ó`,‰„‰ª    ,‘å•ªæ–±ƒZ    ,114,3,,,,,2015,2151,\,766,M,,2251
9857,C,\,766,M,‰„‰ª    ,‰„‰ª    ,‘å•ªæ–±ƒZ    ,114,4,,,,,2251,2301,\,5084,M,,2316
9858,C,\,5084,M,‰„‰ª    ,‰„‰ª    ,‘å•ªæ–±ƒZ    ,114,5,,,,,2316,2325,\,5071,M,,513
9859,C,\,5071,M,‰„‰ª    ,‰„‰ª    ,‘å•ªæ–±ƒZ    ,114,6,,,,,513,519,\,725,M,,547
9860,C,\,725,M,‰„‰ª    ,‰„‰ª    ,‘å•ªæ–±ƒZ    ,114,7,,,,,547,550,,5075,M,647,652
9861,C,,5075,M,‰„‰ª    ,‹{è‹ó`,‘å•ªæ–±ƒZ    ,114,8,,,,647,652,809,‰ü,5008,M,,1015
9862,C,‰ü,5008,M,‹{è‹ó`,‘å•ª    ,‘å•ªæ–±ƒZ    ,114,9,,,,,1015,1341,I,,,,
9863,C,,82,D,‘å•ª    ,”Ž‘½    ,‘å•ªæ–±ƒZ    ,115,1,,,,815,820,1120,,83,D,1209,1214
9864,C,,83,D,”Ž‘½    ,•Ê•{    ,‘å•ªæ–±ƒZ    ,115,2,,,,1209,1214,1546,•Ö‰ñ,4583,D,,1611
9865,C,•Ö‰ñ,4583,D,•Ê•{    ,‘å•ª    ,‘å•ªæ–±ƒZ    ,115,3,,,,,1611,1624,,3052,M,1802,1812
9866,C,,3052,M,‘å•ª    ,¬‘q    ,‘å•ªæ–±ƒZ    ,115,4,,,,1802,1812,1937,,3053,M,,2051
9867,C,,3053,M,¬‘q    ,‘å•ª    ,‘å•ªæ–±ƒZ    ,115,5,,,,,2051,2219,,4464,D,2320,2330
9868,C,,4464,D,‘å•ª    ,ŽOd’¬  ,‘å•ªæ–±ƒZ    ,115,6,,,,2320,2330,15,,4425,D,624,629
9869,C,,4425,D,ŽOd’¬  ,‘å•ª    ,‘å•ªæ–±ƒZ    ,115,7,,,,624,629,715,I,,,,
9870,C,,3020,M,‘å•ª    ,”Ž‘½    ,‘å•ªæ–±ƒZ    ,116,1,,,,1002,1012,1228,,3029,M,1350,1400
9871,C,,3029,M,”Ž‘½    ,‘å•ª    ,‘å•ªæ–±ƒZ    ,116,2,,,,1350,1400,1604,,5015,M,1757,1807
9872,C,,5015,M,‘å•ª    ,“ì‹{è  ,‘å•ªæ–±ƒZ    ,116,3,,,,1757,1807,2125,•Ö‰ñ,6519,M,,627
9873,C,•Ö‰ñ,6519,M,“ì‹{è  ,‹{è‹ó`,‘å•ªæ–±ƒZ    ,116,4,,,,,627,632,,5004,M,632,638
9874,C,,5004,M,‹{è‹ó`,‘å•ª    ,‘å•ªæ–±ƒZ    ,116,5,,,,632,638,1006,I,,,,
9875,C,,3016,M,‘å•ª    ,¬‘q    ,‘å•ªæ–±ƒZ    ,117,1,,,,857,910,1038,‰ü,3015,M,,1109
9876,C,‰ü,3015,M,¬‘q    ,‘å•ª    ,‘å•ªæ–±ƒZ    ,117,2,,,,,1109,1236,,3038,M,1434,1444
9877,C,,3038,M,‘å•ª    ,”Ž‘½    ,‘å•ªæ–±ƒZ    ,117,3,,,,1434,1444,1651,,3045,M,1754,1800
9878,C,,3045,M,”Ž‘½    ,‘å•ª    ,‘å•ªæ–±ƒZ    ,117,4,,,,1754,1800,2010,,4458,D,2122,2136
9879,C,,4458,D,‘å•ª    ,–LŒã’|“c,‘å•ªæ–±ƒZ    ,117,5,,,,2122,2136,2253,\,4460,D,,2338
9880,C,\,4460,D,–LŒã’|“c,–LŒã’|“c,‘å•ªæ–±ƒZ    ,117,6,,,,,2338,2348,•Ö‰ñ,4480,D,,547
9881,C,•Ö‰ñ,4480,D,–LŒã’|“c,–LŒã‰¬  ,‘å•ªæ–±ƒZ    ,117,7,,,,,547,600,,4427,D,601,628
9882,C,,4427,D,–LŒã‰¬  ,‘å•ª    ,‘å•ªæ–±ƒZ    ,117,8,,,,601,628,800,‰ñ,8095,M,,1145
11138,C,,8072,M,‘å•ª    ,¬‘q    ,‘å•ªæ–±ƒZ    ,299,1,,,,1345,1348,1524,,8073,M,1626,1631
11139,C,,8073,M,¬‘q    ,‘å•ª    ,‘å•ªæ–±ƒZ    ,299,2,,,,1626,1631,1800,I,,,,
11341,C,,8070,M,‘å•ª    ,¬‘q    ,–åŽiŽÔ¶‹æ    ,26,7,,,,944,948,1127,I,,,,
11342,C,‰ü,3004,M,¬‘q    ,”Ž‘½    ,–åŽiŽÔ¶‹æ    ,201,1,,,,,731,836,,8001,D,908,917
11343,C,,8001,D,”Ž‘½    ,—R•z‰@  ,–åŽiŽÔ¶‹æ    ,201,2,,,,908,917,1131,,8002,D,1151,1201
11344,C,,8002,D,—R•z‰@  ,”Ž‘½    ,–åŽiŽÔ¶‹æ    ,201,3,,,,1151,1201,1419,‰ü,3033,M,,1500
11345,C,‰ü,3033,M,”Ž‘½    ,¬‘q    ,–åŽiŽÔ¶‹æ    ,201,4,,,,,1500,1540,I,,,,
11346,C,‰ü,3026,M,¬‘q    ,”Ž‘½    ,–åŽiŽÔ¶‹æ    ,202,1,,,,,1305,1349,,8005,D,1430,1438
11347,C,,8005,D,”Ž‘½    ,—R•z‰@  ,–åŽiŽÔ¶‹æ    ,202,2,,,,1430,1438,1650,,8006,D,1712,1717
11348,C,,8006,D,—R•z‰@  ,”Ž‘½    ,–åŽiŽÔ¶‹æ    ,202,3,,,,1712,1717,1927,‰ü,3053,M,,2000
11349,C,‰ü,3053,M,”Ž‘½    ,¬‘q    ,–åŽiŽÔ¶‹æ    ,202,4,,,,,2000,2048,I,,,,
11350,C,,8071,M,¬‘q    ,‘å•ª    ,–åŽiŽÔ¶‹æ    ,231,1,,,,1146,1151,1321,,8074,M,1541,1547
11351,C,,8074,M,‘å•ª    ,¬‘q    ,–åŽiŽÔ¶‹æ    ,231,2,,,,1541,1547,1718,,8075,M,1820,1827
11352,C,,8075,M,¬‘q    ,‘å•ª    ,–åŽiŽÔ¶‹æ    ,231,3,,,,1820,1827,2002,‰ü,5016,M,,2055
11353,C,‰ü,5016,M,‘å•ª    ,’†’Ã    ,–åŽiŽÔ¶‹æ    ,231,4,,,,,2055,2152,‰ü,3082,M,,534
11354,C,‰ü,3082,M,’†’Ã    ,Ü”ö@Ž­,–åŽiŽÔ¶‹æ    ,231,5,,,,,534,633,‰ü,3001,M,,656
11355,C,‰ü,3001,M,Ü”ö@Ž­,¬‘q    ,–åŽiŽÔ¶‹æ    ,231,6,,,,,656,711,I,,,,
11356,C,‰ü,3018,M,¬‘q    ,”Ž‘½    ,–åŽiŽÔ¶‹æ    ,233,1,,,,,1105,1150,‰ü,3027,M,,1320
11357,C,‰ü,3027,M,”Ž‘½    ,’†’Ã    ,–åŽiŽÔ¶‹æ    ,233,2,,,,,1320,1442,‰ü,3040,M,,1603
11358,C,‰ü,3040,M,’†’Ã    ,”Ž‘½    ,–åŽiŽÔ¶‹æ    ,233,3,,,,,1603,1728,‰ü,3047,M,,1820
11359,C,‰ü,3047,M,”Ž‘½    ,¬‘q    ,–åŽiŽÔ¶‹æ    ,233,4,,,,,1820,1910,‰ü,3054,M,,2005
11360,C,‰ü,3054,M,¬‘q    ,”Ž‘½    ,–åŽiŽÔ¶‹æ    ,233,5,,,,,2005,2050,,8081,M,2318,2325
11361,C,,8081,M,”Ž‘½    ,‘å•ª    ,–åŽiŽÔ¶‹æ    ,233,6,,,,2318,2325,152,‰ü,3008,M,,713
11362,C,‰ü,3008,M,‘å•ª    ,¬‘q    ,–åŽiŽÔ¶‹æ    ,233,7,,,,,713,843,I,,,,
11363,C,,8003,D,”Ž‘½    ,•Ê•{    ,”Ž‘½ŽÔ¶‹æ    ,201,1,,,,956,1011,1331,,8004,D,1430,1436
11364,C,,8004,D,•Ê•{    ,”Ž‘½    ,”Ž‘½ŽÔ¶‹æ    ,201,2,,,,1430,1436,1810,I,,,,
11365,C,,8101,M,”Ž‘½    ,ŒF–{    ,”Ž‘½ŽÔ¶‹æ    ,211,1,,,,946,1000,1152,,8103,M,,1202
11366,C,,8103,M,ŒF–{    ,”ª‘ã    ,”Ž‘½ŽÔ¶‹æ    ,211,2,,,,,1202,1229,,8103,M,,1236
11367,C,,8103,M,”ª‘ã    ,o…    ,”Ž‘½ŽÔ¶‹æ    ,211,3,,,,,1236,1348,,8105,M,,1357
11368,C,,8105,M,o…    ,ì“à    ,”Ž‘½ŽÔ¶‹æ    ,211,4,,,,,1357,1534,,8105,M,,1536
11369,C,,8105,M,ì“à    ,Ž­Ž™“‡’†,”Ž‘½ŽÔ¶‹æ    ,211,5,,,,,1536,1626,•Ö,608,A,,1704
11370,C,ˆÚ“®,,,Ž­Ž™“‡’†,Ž­’†‰›Š²,”Ž‘½ŽÔ¶‹æ    ,211,6,,,,,,,•Ö,608,A,,1704
11371,C,•Ö,608,A,Ž­’†‰›Š²,”Ž‘½@Š²,”Ž‘½ŽÔ¶‹æ    ,211,7,,,,,1704,1820,I,,,,
11372,C,•Ö,741,A,”Ž‘½@Š²,Ž­’†‰›Š²,”Ž‘½ŽÔ¶‹æ    ,212,1,,,,,906,1031,,8102,M,1112,1122
11373,C,ˆÚ“®,,,Ž­’†‰›Š²,Ž­Ž™“‡’†,”Ž‘½ŽÔ¶‹æ    ,212,2,,,,,,,,8102,M,1112,1122
11374,C,,8102,M,Ž­Ž™“‡’†,‘åìŒ´  ,”Ž‘½ŽÔ¶‹æ    ,212,3,,,,1112,1122,1326,,8104,M,,1414
11375,C,,8104,M,‘åìŒ´  ,‹{è    ,”Ž‘½ŽÔ¶‹æ    ,212,4,,,,,1414,1540,•Ö‰ñ,8106,M,,1105
11376,C,•Ö‰ñ,8106,M,‹{è    ,‹{è‹ó`,”Ž‘½ŽÔ¶‹æ    ,212,5,,,,,1105,1123,,8106,M,1123,1136
11377,C,,8106,M,‹{è‹ó`,d‰ª    ,”Ž‘½ŽÔ¶‹æ    ,212,6,,,,1123,1136,1434,,8108,M,,1455
11378,C,,8108,M,d‰ª    ,•Ê•{    ,”Ž‘½ŽÔ¶‹æ    ,212,7,,,,,1455,1712,•Ö‰ñ,8108,M,,1721
11379,C,•Ö‰ñ,8108,M,•Ê•{    ,‘å•ª    ,”Ž‘½ŽÔ¶‹æ    ,212,8,,,,,1721,1733,I,,,,
11380,C,,8110,M,‘å•ª    ,–åŽi`  ,”Ž‘½ŽÔ¶‹æ    ,213,1,,,,1035,1048,1338,,8107,M,,1505
11381,C,,8107,M,–åŽi`  ,”Ž‘½    ,”Ž‘½ŽÔ¶‹æ    ,213,2,,,,,1505,1641,I,,,,
11382,C,,8109,M,”Ž‘½    ,”ì‘O•l  ,”Ž‘½ŽÔ¶‹æ    ,214,1,,,,1103,1123,1242,,8112,M,,1338
11383,C,,8112,M,”ì‘O•l  ,]–k    ,”Ž‘½ŽÔ¶‹æ    ,214,2,,,,,1338,1355,,8111,M,,1407
11384,C,,8111,M,]–k    ,²¢•Û  ,”Ž‘½ŽÔ¶‹æ    ,214,3,,,,,1407,1613,,8114,M,1717,1727
11385,C,,8114,M,²¢•Û  ,”Ž‘½    ,”Ž‘½ŽÔ¶‹æ    ,214,4,,,,1717,1727,2006,I,,,,
11386,C,,8093,H,”Ž‘½    ,•—Y‰·ò,”Ž‘½ŽÔ¶‹æ    ,221,1,,,,1107,1118,1223,,8094,H,1240,1245
11387,C,,8094,H,•—Y‰·ò,”Ž‘½    ,”Ž‘½ŽÔ¶‹æ    ,221,2,,,,1240,1245,1353,I,,,,
11388,C,,8095,H,”Ž‘½    ,•—Y‰·ò,”Ž‘½ŽÔ¶‹æ    ,222,1,,,,1158,1204,1321,,8096,H,1342,1347
11389,C,,8096,H,•—Y‰·ò,”Ž‘½    ,”Ž‘½ŽÔ¶‹æ    ,222,2,,,,1342,1347,1453,I,,,,
11390,C,,8097,H,”Ž‘½    ,•—Y‰·ò,”Ž‘½ŽÔ¶‹æ    ,223,1,,,,1414,1419,1523,,8098,H,1542,1547
11391,C,,8098,H,•—Y‰·ò,”Ž‘½    ,”Ž‘½ŽÔ¶‹æ    ,223,2,,,,1542,1547,1656,I,,,,
11392,C,•Ö,137,M,”Ž‘½    ,’|‰º    ,”Ž‘½ŽÔ¶‹æ    ,271,1,,,,,928,931,•Ö‰ñ,8201,,,1034
11393,C,ˆÚ“®,,,’|‰º    ,’|‰º¬  ,”Ž‘½ŽÔ¶‹æ    ,271,2,,,,,,,•Ö‰ñ,8201,,,1034
11394,C,•Ö‰ñ,8201,,’|‰º¬  ,”Ž‘½    ,”Ž‘½ŽÔ¶‹æ    ,271,3,,,,,1034,1039,,8201,,,1058
11395,C,,8201,,”Ž‘½    ,ŒF–{    ,”Ž‘½ŽÔ¶‹æ    ,271,4,,,,,1058,1410,,8203,,,1412
11396,C,,8203,,ŒF–{    ,”ª‘ã    ,”Ž‘½ŽÔ¶‹æ    ,271,5,,,,,1412,1447,,8205,,,1706
11397,C,,8205,,”ª‘ã    ,o…    ,”Ž‘½ŽÔ¶‹æ    ,271,6,,,,,1706,2032,,8207,,,2045
11398,C,,8207,,o…    ,ì“à    ,”Ž‘½ŽÔ¶‹æ    ,271,7,,,,,2045,2251,,8209,,,2257
11399,C,,8209,,ì“à    ,Ž­Ž™“‡’†,”Ž‘½ŽÔ¶‹æ    ,271,8,,,,,2257,10,,8210,,,553
11400,C,,8210,,Ž­Ž™“‡’†,–¶“‡_‹{,”Ž‘½ŽÔ¶‹æ    ,271,9,,,,,553,713,,8212,,,805
11401,C,,8212,,–¶“‡_‹{,“ì‹{è  ,”Ž‘½ŽÔ¶‹æ    ,271,10,,,,,805,1039,,8214,,,1045
11402,C,,8214,,“ì‹{è  ,“úŒüŽs  ,”Ž‘½ŽÔ¶‹æ    ,271,11,,,,,1045,1239,‰ñ,8214,,,1257
11403,C,‰ñ,8214,,“úŒüŽs  ,‘å•ª    ,”Ž‘½ŽÔ¶‹æ    ,271,12,,,,,1257,1649,I,,,,
11404,C,•Ö,1072,D,‘å•ª    ,–LŒã’|“c,”Ž‘½ŽÔ¶‹æ    ,272,1,,,,,807,915,•Ö‰ñ,8220,,,1139
11405,C,•Ö‰ñ,8220,,–LŒã’|“c,ˆ¢‘h    ,”Ž‘½ŽÔ¶‹æ    ,272,2,,,,,1139,1228,,8220,,,1412
11406,C,,8220,,ˆ¢‘h    ,ŒF–{    ,”Ž‘½ŽÔ¶‹æ    ,272,3,,,,,1412,1517,,8222,,,1518
11407,C,,8222,,ŒF–{    ,”Ž‘½    ,”Ž‘½ŽÔ¶‹æ    ,272,4,,,,,1518,1709,,8224,,,1722
11408,C,,8224,,”Ž‘½    ,–åŽi`  ,”Ž‘½ŽÔ¶‹æ    ,272,5,,,,,1722,1920,,8225,,,2230
11409,C,,8225,,–åŽi`  ,¬‘q    ,”Ž‘½ŽÔ¶‹æ    ,272,6,,,,,2230,4,,8227,,,542
11410,C,,8227,,¬‘q    ,–öƒ–‰Y  ,”Ž‘½ŽÔ¶‹æ    ,272,7,,,,,542,820,,8229,,,1017
11411,C,,8229,,–öƒ–‰Y  ,‰F²    ,”Ž‘½ŽÔ¶‹æ    ,272,8,,,,,1017,1024,,8231,,,1215
11412,C,,8231,,‰F²    ,‘å•ª    ,”Ž‘½ŽÔ¶‹æ    ,272,9,,,,,1215,1332,,8232,,,1341
11413,C,,8232,,‘å•ª    ,‹v—¯•Ä  ,”Ž‘½ŽÔ¶‹æ    ,272,10,,,,,1341,1655,,8234,,,1656
11414,C,,8234,,‹v—¯•Ä  ,”Ž‘½    ,”Ž‘½ŽÔ¶‹æ    ,272,11,,,,,1656,1736,I,,,,
11415,C,•Ö,131,M,”Ž‘½    ,’|‰º    ,”Ž‘½ŽÔ¶‹æ    ,273,1,,,,,824,827,•Ö‰ñ,8001,,,924
11416,C,ˆÚ“®,,,’|‰º    ,’|‰º¬  ,”Ž‘½ŽÔ¶‹æ    ,273,2,,,,,,,•Ö‰ñ,8001,,,924
11417,C,•Ö‰ñ,8001,,’|‰º¬  ,”Ž‘½    ,”Ž‘½ŽÔ¶‹æ    ,273,3,,,,,924,929,,8001,,,950
11418,C,,8001,,”Ž‘½    ,“ú“c    ,”Ž‘½ŽÔ¶‹æ    ,273,4,,,,,950,1151,,8003,,,1158
11419,C,,8003,,“ú“c    ,—R•z‰@  ,”Ž‘½ŽÔ¶‹æ    ,273,5,,,,,1158,1458,,8005,,,1835
11420,C,,8005,,—R•z‰@  ,¯“à    ,”Ž‘½ŽÔ¶‹æ    ,273,6,,,,,1835,1856,,8007,,,2326
11421,C,,8007,,¯“à    ,‘å•ª    ,”Ž‘½ŽÔ¶‹æ    ,273,7,,,,,2326,2,,8008,,,426
11422,C,,8008,,‘å•ª    ,–LŒã’|“c,”Ž‘½ŽÔ¶‹æ    ,273,8,,,,,426,647,,8010,,,1139
11423,C,,8010,,–LŒã’|“c,ˆ¢‘h    ,”Ž‘½ŽÔ¶‹æ    ,273,9,,,,,1139,1228,,8012,,,1412
11424,C,,8012,,ˆ¢‘h    ,ŒF–{    ,”Ž‘½ŽÔ¶‹æ    ,273,10,,,,,1412,1517,,8014,,,1518
11425,C,,8014,,ŒF–{    ,”Ž‘½    ,”Ž‘½ŽÔ¶‹æ    ,273,11,,,,,1518,1709,I,,,,
11426,C,•Ö,137,M,”Ž‘½    ,’|‰º    ,”Ž‘½ŽÔ¶‹æ    ,274,1,,,,,928,931,•Ö‰ñ,8401,,,1034
11427,C,ˆÚ“®,,,’|‰º    ,’|‰º¬  ,”Ž‘½ŽÔ¶‹æ    ,274,2,,,,,,,•Ö‰ñ,8401,,,1034
11428,C,•Ö‰ñ,8401,,’|‰º¬  ,”Ž‘½    ,”Ž‘½ŽÔ¶‹æ    ,274,3,,,,,1034,1039,,8401,,,1058
11429,C,,8401,,”Ž‘½    ,‹v—¯•Ä  ,”Ž‘½ŽÔ¶‹æ    ,274,4,,,,,1058,1230,,8403,,,1234
11430,C,,8403,,‹v—¯•Ä  ,“ú“c    ,”Ž‘½ŽÔ¶‹æ    ,274,5,,,,,1234,1452,,8405,,,1626
11431,C,,8405,,“ú“c    ,—R•z‰@  ,”Ž‘½ŽÔ¶‹æ    ,274,6,,,,,1626,1828,,8407,,,1835
11432,C,,8407,,—R•z‰@  ,‘å•ª    ,”Ž‘½ŽÔ¶‹æ    ,274,7,,,,,1835,2053,,8408,,,2158
11433,C,,8408,,‘å•ª    ,–LŒã’|“c,”Ž‘½ŽÔ¶‹æ    ,274,8,,,,,2158,32,,8410,,,455
11434,C,,8410,,–LŒã’|“c,ˆ¢‘h    ,”Ž‘½ŽÔ¶‹æ    ,274,9,,,,,455,554,,8412,,,1147
11435,C,,8412,,ˆ¢‘h    ,ŒF–{    ,”Ž‘½ŽÔ¶‹æ    ,274,10,,,,,1147,1312,•Ö‰ñ,8412,,,1404
11436,C,•Ö‰ñ,8412,,ŒF–{    ,’|‰º¬  ,”Ž‘½ŽÔ¶‹æ    ,274,11,,,,,1404,1624,•Ö,2166,M,,1722
11437,C,ˆÚ“®,,,’|‰º¬  ,’|‰º    ,”Ž‘½ŽÔ¶‹æ    ,274,12,,,,,,,•Ö,2166,M,,1722
11438,C,•Ö,2166,M,’|‰º    ,”Ž‘½    ,”Ž‘½ŽÔ¶‹æ    ,274,13,,,,,1722,1726,I,,,,
11439,C,•Ö‰ñ,8415,,”Ž‘½    ,]–k    ,”Ž‘½ŽÔ¶‹æ    ,275,1,,,,,701,831,•Ö‰ñ,8417,,,833
11440,C,•Ö‰ñ,8417,,]–k    ,’·è    ,”Ž‘½ŽÔ¶‹æ    ,275,2,,,,,833,1012,•Ö‰ñ,8418,,,1134
11441,C,•Ö‰ñ,8418,,’·è    ,æ|‘    ,”Ž‘½ŽÔ¶‹æ    ,275,3,,,,,1134,1157,,8418,,,1300
11442,C,,8418,,æ|‘    ,”ì‘O•l  ,”Ž‘½ŽÔ¶‹æ    ,275,4,,,,,1300,1450,,8420,,,1525
11443,C,,8420,,”ì‘O•l  ,”Ž‘½    ,”Ž‘½ŽÔ¶‹æ    ,275,5,,,,,1525,1709,,8422,,,1722
11444,C,,8422,,”Ž‘½    ,–åŽi`  ,”Ž‘½ŽÔ¶‹æ    ,275,6,,,,,1722,1920,,8423,,,2230
11445,C,,8423,,–åŽi`  ,¬‘q    ,”Ž‘½ŽÔ¶‹æ    ,275,7,,,,,2230,4,,8425,,,542
11446,C,,8425,,¬‘q    ,‰F²    ,”Ž‘½ŽÔ¶‹æ    ,275,8,,,,,542,727,,8427,,,909
11447,C,,8427,,‰F²    ,‹n’z    ,”Ž‘½ŽÔ¶‹æ    ,275,9,,,,,909,931,,8429,,,1147
11448,C,,8429,,‹n’z    ,‘å•ª    ,”Ž‘½ŽÔ¶‹æ    ,275,10,,,,,1147,1332,,8430,,,1341
11449,C,,8430,,‘å•ª    ,‹v—¯•Ä  ,”Ž‘½ŽÔ¶‹æ    ,275,11,,,,,1341,1655,,8432,,,1656
11450,C,,8432,,‹v—¯•Ä  ,”Ž‘½    ,”Ž‘½ŽÔ¶‹æ    ,275,12,,,,,1656,1736,I,,,,
11451,C,•Ö,137,M,”Ž‘½    ,’|‰º    ,”Ž‘½ŽÔ¶‹æ    ,276,1,,,,,928,931,•Ö‰ñ,8401,,,1034
11452,C,ˆÚ“®,,,’|‰º    ,’|‰º¬  ,”Ž‘½ŽÔ¶‹æ    ,276,2,,,,,,,•Ö‰ñ,8401,,,1034
11453,C,•Ö‰ñ,8401,,’|‰º¬  ,”Ž‘½    ,”Ž‘½ŽÔ¶‹æ    ,276,3,,,,,1034,1039,,8401,,,1058
11454,C,,8401,,”Ž‘½    ,‹v—¯•Ä  ,”Ž‘½ŽÔ¶‹æ    ,276,4,,,,,1058,1230,,8403,,,1234
11455,C,,8403,,‹v—¯•Ä  ,“ú“c    ,”Ž‘½ŽÔ¶‹æ    ,276,5,,,,,1234,1452,,8405,,,1626
11456,C,,8405,,“ú“c    ,—R•z‰@  ,”Ž‘½ŽÔ¶‹æ    ,276,6,,,,,1626,1828,,8407,,,1835
11457,C,,8407,,—R•z‰@  ,‘å•ª    ,”Ž‘½ŽÔ¶‹æ    ,276,7,,,,,1835,2053,,8408,,,2158
11458,C,,8408,,‘å•ª    ,–LŒã’|“c,”Ž‘½ŽÔ¶‹æ    ,276,8,,,,,2158,32,,8410,,,455
11459,C,,8410,,–LŒã’|“c,ˆ¢‘h    ,”Ž‘½ŽÔ¶‹æ    ,276,9,,,,,455,554,,8412,,,1147
11460,C,,8412,,ˆ¢‘h    ,ŒF–{    ,”Ž‘½ŽÔ¶‹æ    ,276,10,,,,,1147,1312,•Ö,756,A,,1342
11461,C,ˆÚ“®,,,ŒF–{    ,ŒF–{@Š²,”Ž‘½ŽÔ¶‹æ    ,276,11,,,,,,,•Ö,756,A,,1342
11462,C,•Ö,756,A,ŒF–{@Š²,”Ž‘½@Š²,”Ž‘½ŽÔ¶‹æ    ,276,12,,,,,1342,1421,I,,,,
11463,C,•Ö,2013,H,”Ž‘½    ,•—Y‰·ò,”Ž‘½ŽÔ¶‹æ    ,277,1,,,,,854,958,•Ö,2013,G,,1001
11464,C,•Ö,2013,G,•‰·@Š²,’·è@Š²,”Ž‘½ŽÔ¶‹æ    ,277,2,,,,,1001,1032,•Ö‰ñ,8418,,,1134
11465,C,ˆÚ“®,,,’·è@Š²,’·è    ,”Ž‘½ŽÔ¶‹æ    ,277,3,,,,,,,•Ö‰ñ,8418,,,1134
11466,C,•Ö‰ñ,8418,,’·è    ,æ|‘    ,”Ž‘½ŽÔ¶‹æ    ,277,4,,,,,1134,1157,,8418,,,1300
11467,C,,8418,,æ|‘    ,”ì‘O•l  ,”Ž‘½ŽÔ¶‹æ    ,277,5,,,,,1300,1450,,8420,,,1525
11468,C,,8420,,”ì‘O•l  ,”Ž‘½    ,”Ž‘½ŽÔ¶‹æ    ,277,6,,,,,1525,1709,,8422,,,1722
11469,C,,8422,,”Ž‘½    ,–åŽi`  ,”Ž‘½ŽÔ¶‹æ    ,277,7,,,,,1722,1920,,8423,,,2230
11470,C,,8423,,–åŽi`  ,¬‘q    ,”Ž‘½ŽÔ¶‹æ    ,277,8,,,,,2230,4,,8425,,,542
11471,C,,8425,,¬‘q    ,‰F²    ,”Ž‘½ŽÔ¶‹æ    ,277,9,,,,,542,727,,8427,,,909
11472,C,,8427,,‰F²    ,‹n’z    ,”Ž‘½ŽÔ¶‹æ    ,277,10,,,,,909,931,,8429,,,1147
11473,C,,8429,,‹n’z    ,‘å•ª    ,”Ž‘½ŽÔ¶‹æ    ,277,11,,,,,1147,1332,,8430,,,1341
11474,C,,8430,,‘å•ª    ,‹v—¯•Ä  ,”Ž‘½ŽÔ¶‹æ    ,277,12,,,,,1341,1655,,8432,,,1656
11475,C,,8432,,‹v—¯•Ä  ,”Ž‘½    ,”Ž‘½ŽÔ¶‹æ    ,277,13,,,,,1656,1736,I,,,,
11476,C,•Ö,137,M,”Ž‘½    ,’|‰º    ,”Ž‘½ŽÔ¶‹æ    ,278,1,,,,,928,931,•Ö‰ñ,8101,,,1034
11477,C,ˆÚ“®,,,’|‰º    ,’|‰º¬  ,”Ž‘½ŽÔ¶‹æ    ,278,2,,,,,,,•Ö‰ñ,8101,,,1034
11478,C,•Ö‰ñ,8101,,’|‰º¬  ,”Ž‘½    ,”Ž‘½ŽÔ¶‹æ    ,278,3,,,,,1034,1039,,8101,,,1058
11479,C,,8101,,”Ž‘½    ,•—Y‰·ò,”Ž‘½ŽÔ¶‹æ    ,278,4,,,,,1058,1325,,8103,,,1427
11480,C,,8103,,•—Y‰·ò,ŽOŠÔâ  ,”Ž‘½ŽÔ¶‹æ    ,278,5,,,,,1427,1437,,8105,,,1720
11481,C,,8105,,ŽOŠÔâ  ,‘Šò    ,”Ž‘½ŽÔ¶‹æ    ,278,6,,,,,1720,1816,,8107,,,1818
11482,C,,8107,,‘Šò    ,’·è    ,”Ž‘½ŽÔ¶‹æ    ,278,7,,,,,1818,2008,,8106,,,510
11483,C,,8106,,’·è    ,”ì‘O•l  ,”Ž‘½ŽÔ¶‹æ    ,278,8,,,,,510,702,,8108,,,943
11484,C,,8108,,”ì‘O•l  ,’¹²    ,”Ž‘½ŽÔ¶‹æ    ,278,9,,,,,943,1101,,8109,,,1222
11485,C,,8109,,’¹²    ,“ú“c    ,”Ž‘½ŽÔ¶‹æ    ,278,10,,,,,1222,1408,,8111,,,1410
11486,C,,8111,,“ú“c    ,—R•z‰@  ,”Ž‘½ŽÔ¶‹æ    ,278,11,,,,,1410,1530,•Ö,4853,D,,1758
11487,C,•Ö,4853,D,—R•z‰@  ,‘å•ª    ,”Ž‘½ŽÔ¶‹æ    ,278,12,,,,,1758,1900,I,,,,
11488,C,•Ö,1627,M,‘å•ª    ,–q      ,”Ž‘½ŽÔ¶‹æ    ,279,1,,,,,852,856,•Ö‰ñ,8113,,,1107
11489,C,ˆÚ“®,,,–q      ,‰ºŒSM  ,”Ž‘½ŽÔ¶‹æ    ,279,2,,,,,,,•Ö‰ñ,8113,,,1107
11490,C,•Ö‰ñ,8113,,‰ºŒSM  ,‘å•ª    ,”Ž‘½ŽÔ¶‹æ    ,279,3,,,,,1107,1111,,8113,,,1215
11491,C,,8113,,‘å•ª    ,‰„‰ª    ,”Ž‘½ŽÔ¶‹æ    ,279,4,,,,,1215,1507,,8115,,,1509
11492,C,,8115,,‰„‰ª    ,ì“ì    ,”Ž‘½ŽÔ¶‹æ    ,279,5,,,,,1509,1640,,8117,,,1709
11493,C,,8117,,ì“ì    ,“sé    ,”Ž‘½ŽÔ¶‹æ    ,279,6,,,,,1709,2058,,8119,,,2122
11494,C,,8119,,“sé    ,Ž­Ž™“‡’†,”Ž‘½ŽÔ¶‹æ    ,279,7,,,,,2122,2351,,8120,,,501
11495,C,,8120,,Ž­Ž™“‡’†,ì“à    ,”Ž‘½ŽÔ¶‹æ    ,279,8,,,,,501,721,,8122,,,1032
11496,C,,8122,,ì“à    ,o…    ,”Ž‘½ŽÔ¶‹æ    ,279,9,,,,,1032,1216,,8124,,,1235
11497,C,,8124,,o…    ,”ª‘ã    ,”Ž‘½ŽÔ¶‹æ    ,279,10,,,,,1235,1429,,8126,,,1435
11498,C,,8126,,”ª‘ã    ,”Ž‘½    ,”Ž‘½ŽÔ¶‹æ    ,279,11,,,,,1435,1709,,8082,D,1157,1202
11507,C,,8091,H,”Ž‘½    ,•—Y‰·ò,”Ž‘½ŽÔ¶‹æ    ,12,1,,,,905,910,1022,,8092,H,1037,1040
11508,C,,8092,H,•—Y‰·ò,”Ž‘½    ,”Ž‘½ŽÔ¶‹æ    ,12,2,,,,1037,1040,1142,,8083,D,1320,1336
