線コード,線名,線別コード,線別,駅駅間箇所,キロ程,構造物名称,表裏区分,駅前広場区分,財産数量(JR),財産数量(自治体),都市計画年月日,検査対象
711,鹿児島本線,00,無し,門司,5500.0,駅前広場,表,協定,3295.2,2895.8,1962-10-01,対象
711,鹿児島本線,00,無し,小倉,11010.0,駅前広場,表,協定,6433,4074,1958-03-01,対象
711,鹿児島本線,00,無し,西小倉,11820.0,駅前広場,表,協定,594,1781,1973-12-01,対象
711,鹿児島本線,00,無し,戸畑,17240.0,駅前広場（表）,表,協定,2449,6351,2000-03-01,対象
711,鹿児島本線,00,無し,戸畑,17240.0,駅前広場（裏）,裏,単独,572.1,,1946-12-01,対象
711,鹿児島本線,00,無し,枝光,19380.0,駅前広場,表,単独,838.1,,,対象
711,鹿児島本線,00,無し,八幡,23150.0,駅前広場,表,協定,3360,3874.2,1958-04-01,対象
711,鹿児島本線,00,無し,黒崎,25870.0,駅前広場,表,協定,2610.6,1382.4,1979-12-01,対象
711,鹿児島本線,00,無し,折尾,31060.0,駅前広場,表,協定,628,3990.7,1974-11-01,対象
711,鹿児島本線,00,無し,水巻,33240.0,駅前広場,表,単独,80,,,対象
711,鹿児島本線,00,無し,遠賀川,35300.0,駅前広場,表,単独,1068.6,,,対象
711,鹿児島本線,00,無し,海老津,40410.0,駅前広場,表,協定,1000,3247,1980-06-01,対象
711,鹿児島本線,00,無し,赤間,47530.0,駅前広場,表,単独,1048.9,,,対象
711,鹿児島本線,00,無し,福間,57630.0,駅前広場,表,単独,2071.1,,,対象
711,鹿児島本線,00,無し,千鳥,59480.0,駅前広場,表,単独,201.2,,,対象
711,鹿児島本線,00,無し,香椎,70810.0,駅前広場,表,単独,210.8,,,対象
711,鹿児島本線,00,無し,博多,79160.0,駅前広場（表）,表,協定,7700,7700,1959-03-01,対象
711,鹿児島本線,00,無し,博多,79160.0,駅前広場（裏）,裏,協定,2246.6,3200,1959-03-01,対象
711,鹿児島本線,00,無し,竹下,82350.0,駅前広場,表,協定,464,1050,1972-09-01,対象
711,鹿児島本線,00,無し,南福岡,86380.0,駅前広場,表,単独,420.4,,,対象
711,鹿児島本線,00,無し,春日,87540.0,駅前広場,表,単独,108.7,,,対象
711,鹿児島本線,00,無し,大野城,88910.0,大野城,表,協定,487,2713,1987-10-01,対象
711,鹿児島本線,00,無し,水城,90290.0,駅前広場,表,単独,404.5,,,対象
711,鹿児島本線,00,無し,二日市,93940.0,駅前広場,表,単独,2524.8,,,対象
711,鹿児島本線,00,無し,天拝山,95820.0,駅前広場,表,単独,49.3,,,対象
711,鹿児島本線,00,無し,原田,99400.0,原田,表,協定,392,3608,1985-06-01,対象
711,鹿児島本線,00,無し,基山,102900.0,駅前広場,表,協定,637.4,2695,1971-02-01,対象
711,鹿児島本線,00,無し,弥生が丘,104960.0,弥生が丘駅駅前広場,表,単独,167.2,,,対象
711,鹿児島本線,00,無し,田代,107110.0,駅前広場,表,単独,360.9,,,対象
711,鹿児島本線,00,無し,鳥栖,108330.0,駅前広場,表,単独,1178.2,,,対象
711,鹿児島本線,00,無し,肥前旭,111970.0,駅前広場,表,単独,400,,,対象
711,鹿児島本線,00,無し,久留米,115370.0,駅前広場,表,協定,1685.2,3473.4,1976-10-01,対象
711,鹿児島本線,00,無し,荒木,120270.0,駅前広場,表,協定,1888.4,694.7,,対象
711,鹿児島本線,00,無し,西牟田,123540.0,駅前広場,表,単独,1425.3,,,対象
711,鹿児島本線,00,無し,羽犬塚,127600.0,駅前広場,表,協定,1067.1,1479.4,,対象
711,鹿児島本線,00,無し,筑後船小屋,130620.0,駅前広場,表,単独,1518.8,,,対象外
711,鹿児島本線,00,無し,瀬高,133740.0,駅前広場,表,協定,1143.3,1375.4,,対象
711,鹿児島本線,00,無し,南瀬高,136650.0,駅前広場,表,単独,1098.9,,,対象
711,鹿児島本線,00,無し,渡瀬,140580.0,駅前広場,表,単独,452.5,,,対象
711,鹿児島本線,00,無し,銀水,145790.0,駅前広場,表,単独,1088.1,,,対象
711,鹿児島本線,00,無し,大牟田,148970.0,駅前広場,表,協定,3194,2726,,対象
711,鹿児島本線,00,無し,荒尾,153110.0,駅前広場,表,協定,1425.4,4584,1957-03-01,対象
711,鹿児島本線,00,無し,南荒尾,156280.0,駅前広場,表,単独,763,,,対象
711,鹿児島本線,00,無し,長洲,160880.0,駅前広場,表,単独,185.3,,,対象
711,鹿児島本線,00,無し,大野下,165620.0,駅前広場,表,単独,1047.9,,,対象
711,鹿児島本線,00,無し,玉名,170080.0,駅前広場,表,協定,1422.4,,1960-10-01,対象
711,鹿児島本線,00,無し,肥後伊倉,174150.0,駅前広場,表,単独,1131.5,,,対象
711,鹿児島本線,00,無し,木葉,178200.0,駅前広場,表,単独,185.1,,,対象
711,鹿児島本線,00,無し,植木,186110.0,駅前広場,表,単独,544.7,,,対象
711,鹿児島本線,00,無し,上熊本,194760.0,駅前広場,表,単独,1102.6,,,対象
711,鹿児島本線,00,無し,熊本,198110.0,駅前広場,表,協定,4800,4800,1956-12-01,対象
711,鹿児島本線,00,無し,川尻,203350.0,駅前広場,表,単独,1261.1,,,対象
711,鹿児島本線,00,無し,宇土,209010.0,駅前広場,表,単独,789.8,,,対象
711,鹿児島本線,00,無し,松橋,213790.0,駅前広場,表,単独,775.6,,,対象
711,鹿児島本線,00,無し,小川,220020.0,駅前広場,表,単独,1090.1,,,対象
711,鹿児島本線,00,無し,有佐,225000.0,駅前広場,表,単独,509,,,対象
711,鹿児島本線,00,無し,千丁,229050.0,駅前広場,表,単独,1259.1,,,対象
711,鹿児島本線,00,無し,八代,233780.0,駅前広場,表,単独,2179.6,,,対象
711,鹿児島本線,00,無し,川内,350670.0,駅前広場,表,協定,2472.3,2918,1965-09-01,対象
711,鹿児島本線,00,無し,木場茶屋,356430.0,駅前広場,表,単独,516.9,,,対象
711,鹿児島本線,00,無し,串木野,362680.0,駅前広場,表,単独,1151.5,,,対象
711,鹿児島本線,00,無し,湯之元,371060.0,駅前広場,表,単独,287.8,,,対象
711,鹿児島本線,00,無し,東市来,373640.0,駅前広場,表,単独,725,,,対象
711,鹿児島本線,00,無し,伊集院,379530.0,駅前広場,表,協定,798.5,868,1975-06-01,対象
711,鹿児島本線,00,無し,上伊集院,387180.0,駅前広場,表,単独,344.4,,,対象
711,鹿児島本線,00,無し,鹿児島中央,396760.0,駅前広場,表,協定,2531,13969,1946-05-01,対象
711,鹿児島本線,00,無し,鹿児島,400000.0,駅前広場,表,単独,2600,,,対象
723,香椎線,00,無し,西戸崎,0.0,駅前広場,表,単独,1774.4,,,対象
723,香椎線,00,無し,海ノ中道,1590.0,駅前広場,表,単独,305,,,対象
723,香椎線,00,無し,雁ノ巣,6090.0,駅前広場,表,単独,427.1,19481.2,,対象
723,香椎線,00,無し,和白,8760.0,駅前広場,表,単独,154,,,対象
723,香椎線,00,無し,土井,15930.0,駅前広場,表,単独,84,,,対象
723,香椎線,00,無し,酒殿,20150.0,駅前広場,表,単独,66,,,対象
723,香椎線,00,無し,宇美,24950.0,駅前広場,表,単独,78.7,,,対象
725,篠栗線,00,無し,原町,5010.0,駅前広場,表,,66,,,対象
725,篠栗線,00,無し,篠栗,10310.0,駅前広場,表,,190,,,対象
725,篠栗線,00,無し,城戸南蔵院前,14880.0,駅前広場,表,単独,426,,,対象
731,筑肥線,00,無し,今宿,17670.0,今宿駅_駅前広場,表,単独,,,,対象
731,筑肥線,00,無し,周船寺,20570.0,駅前広場,表,単独,1053.3,,,対象
731,筑肥線,00,無し,波多江,22560.0,駅前広場,表,単独,687.5,,,対象
731,筑肥線,00,無し,筑前前原,25200.0,駅前広場,表,協定,890,783.6,1983-09-01,対象
731,筑肥線,00,無し,加布里,27880.0,駅前広場,表,単独,432,,,対象
731,筑肥線,00,無し,一貴山,29160.0,駅前広場,表,単独,299,,,対象
731,筑肥線,00,無し,筑前深江,32610.0,駅前広場,表,単独,633.6,,,対象
731,筑肥線,00,無し,大入,36010.0,駅前広場,表,単独,501.8,,,対象
731,筑肥線,00,無し,鹿家,42700.0,駅前広場,表,単独,309,,,対象
731,筑肥線,00,無し,浜崎,47880.0,駐車場,,,114.8,,,対象外
731,筑肥線,00,無し,浜崎,47880.0,駅前広場,表,単独,721,,,対象
731,筑肥線,00,無し,虹ノ松原,49970.0,駅前広場,表,協定,73,301,,対象
731,筑肥線,00,無し,肥前久保,65500.0,駅前広場,表,単独,188.1,,,対象
731,筑肥線,00,無し,西相知,66950.0,駅前広場,表,単独,277.7,,,対象
731,筑肥線,00,無し,駒鳴,71410.0,駅前広場,表,単独,528.7,,,対象
731,筑肥線,00,無し,大川野,73280.0,駅前広場,表,単独,332.5,,,対象
731,筑肥線,00,無し,桃川,77760.0,駅前広場,表,単独,755,,,対象
731,筑肥線,00,無し,金石原,80070.0,駅前広場,表,単独,1838,,,対象
731,筑肥線,00,無し,上伊万里,84450.0,駅前広場,表,単独,23,,,対象
731,筑肥線,00,無し,伊万里,86113.0,駅前広場,表,単独,1359.7,,,対象
737,三角線,00,無し,住吉,7190.0,駅前広場,表,単独,548.7,,,対象
737,三角線,00,無し,肥後長浜,11360.0,駅前広場,表,単独,123.2,,,対象
737,三角線,00,無し,網田,14510.0,駅前広場,表,単独,655.3,,,対象
737,三角線,00,無し,赤瀬,18440.0,駅前広場,表,単独,151.5,,,対象
737,三角線,00,無し,三角,25510.0,旅客通路,,,44.8,,,対象
737,三角線,00,無し,三角,25510.0,駅前広場,表,単独,1447.4,,,対象
741,肥薩線,00,無し,坂本,10970.0,駅前広場,表,単独,761.2,,,対象
741,肥薩線,00,無し,瀬戸石,19600.0,駅前広場,表,単独,553.4,,,対象
741,肥薩線,00,無し,白石,29840.0,駅前広場,表,単独,136.3,,,対象
741,肥薩線,00,無し,一勝地,39810.0,駅前広場,表,単独,562.4,,,対象
741,肥薩線,00,無し,渡,45270.0,駅前広場,表,単独,621.8,,,対象
741,肥薩線,00,無し,人吉,51770.0,駅前広場,表,単独,2499.8,,,対象
741,肥薩線,00,無し,大畑,62230.0,駅前広場,表,単独,395,,,対象
741,肥薩線,00,無し,矢岳,71730.0,駅前広場,表,単独,496.9,,,対象
741,肥薩線,00,無し,真幸,78560.0,駅前広場,表,単独,303.3,,,対象
741,肥薩線,00,無し,吉松,85860.0,駅前広場,表,単独,1799.4,,,対象
741,肥薩線,00,無し,栗野,93400.0,駅前広場,表,単独,100,,,対象
741,肥薩線,00,無し,大隅横川,99880.0,駅前広場,表,単独,153.4,,,対象
741,肥薩線,00,無し,霧島温泉,105590.0,駅前広場,表,単独,2660,,,対象
741,肥薩線,00,無し,嘉例川,111380.0,駅前広場,表,単独,974.6,,,対象
747,指宿枕崎線,00,無し,南鹿児島,3480.0,駅前広場,表,単独,19.5,,,対象
747,指宿枕崎線,00,無し,谷山,7430.0,駅前広場,表,単独,420,,,対象外
747,指宿枕崎線,00,無し,五位野,14130.0,駅前広場,表,単独,725,,,対象
747,指宿枕崎線,00,無し,瀬々串,20580.0,駅前広場,表,単独,312.5,,,対象
747,指宿枕崎線,00,無し,中名,24010.0,駅前広場,表,単独,,,,対象
747,指宿枕崎線,00,無し,喜入,26610.0,駅前広場,表,単独,630,,,対象
747,指宿枕崎線,00,無し,前之浜,30350.0,駅前広場,表,単独,,,,対象
747,指宿枕崎線,00,無し,生見,34970.0,駅前広場,表,単独,162.5,,,対象
747,指宿枕崎線,00,無し,薩摩今和泉,37880.0,駅前広場,表,単独,275,,,対象
747,指宿枕崎線,00,無し,宮ヶ浜,40650.0,駅前広場,表,単独,417.5,,,対象
747,指宿枕崎線,00,無し,二月田,43430.0,駅前広場,表,単独,685,,,対象
747,指宿枕崎線,00,無し,指宿,45710.0,駅前広場,表,単独,575,,,対象
747,指宿枕崎線,00,無し,山川,50040.0,駅前広場,表,単独,414,,,対象
747,指宿枕崎線,00,無し,大山,54220.0,駅前広場,表,単独,590,,,対象
747,指宿枕崎線,00,無し,開聞,60990.0,駅前広場,表,単独,703,,,対象
747,指宿枕崎線,00,無し,頴娃,66050.0,駅前広場,表,単独,287,,,対象
747,指宿枕崎線,00,無し,西頴娃,67670.0,駅前広場,表,単独,507,,,対象
747,指宿枕崎線,00,無し,御領,70350.0,駅前広場,表,単独,112,,,対象
747,指宿枕崎線,00,無し,石垣,72760.0,駅前広場,表,単独,320,,,対象
747,指宿枕崎線,00,無し,薩摩塩屋,79870.0,駅前広場,表,単独,917,,,対象
753,長崎本線,00,無し,肥前麓,4160.0,駅前広場,表,単独,656.8,,,対象
753,長崎本線,00,無し,中原,8550.0,駅前広場,表,単独,144.1,,,対象
753,長崎本線,00,無し,吉野ヶ里公園,13140.0,駅前広場,表,単独,1118,,,対象
753,長崎本線,00,無し,神埼,15670.0,駅前広場,表,協定,439.4,307.6,,対象
753,長崎本線,00,無し,伊賀屋,20180.0,伊賀屋＿駅前広場,表,単独,735.8,,,対象
753,長崎本線,00,無し,佐賀,24980.0,駅前広場（表）,表,協定,2098.5,2704.6,1970-11-01,対象
753,長崎本線,00,無し,佐賀,24980.0,駅前広場（裏）,裏,協定,1092.5,1453,1970-11-01,対象
753,長崎本線,00,無し,鍋島,28060.0,駅前広場,表,単独,875,,,対象
753,長崎本線,00,無し,バルーンさが,29830.0,駅前広場,表,単独,,220,,対象
753,長崎本線,00,無し,久保田,31460.0,駅前広場,表,単独,800,,,対象
753,長崎本線,00,無し,牛津,34280.0,駅前広場,表,単独,537.6,,,対象
753,長崎本線,00,無し,肥前山口,39670.0,駅前広場,表,単独,936.7,,,対象
753,長崎本線,00,無し,肥前白石,44740.0,駅前広場,表,単独,1026.7,142.3,,対象
753,長崎本線,00,無し,肥前竜王,49480.0,駅前広場,表,単独,433.9,,,対象
753,長崎本線,00,無し,肥前鹿島,54660.0,駅前広場,表,単独,1345.8,333.5,,対象
753,長崎本線,00,無し,肥前浜,57630.0,駅前広場,表,単独,837.6,,,対象
753,長崎本線,00,無し,肥前七浦,61520.0,駅前広場,表,単独,521,1038,,対象
753,長崎本線,00,無し,肥前飯田,63680.0,駅前広場,表,単独,167,495,,対象
753,長崎本線,00,無し,多良,67780.0,駅前広場,表,単独,448.7,,,対象
753,長崎本線,00,無し,肥前大浦,75700.0,駅前広場,表,協定,241,182,,対象
753,長崎本線,00,無し,小長井,82380.0,駅前広場,表,単独,230,,,対象
753,長崎本線,00,無し,湯江,87650.0,駅前広場,表,単独,,,,対象
753,長崎本線,00,無し,小江,90870.0,駅前広場,表,単独,675.8,,,対象
753,長崎本線,00,無し,肥前長田,95570.0,駅前広場,表,単独,392,,,対象
753,長崎本線,00,無し,諫早,100400.0,駅前広場,表,単独,767,,,対象
753,長崎本線,00,無し,西諫早,103190.0,駅前広場,表,単独,42.8,,,対象
753,長崎本線,00,無し,喜々津,106930.0,駅前広場,表,単独,634,,,対象
753,長崎本線,00,無し,市布,109550.0,駅前広場,表,単独,753,,,対象
753,長崎本線,00,無し,肥前古賀,112360.0,駅前広場,表,単独,741,,,対象
753,長崎本線,00,無し,現川,114850.0,駅前広場,表,単独,799,,,対象
753,長崎本線,00,無し,長崎,131940.0,駅前広場,表,協定,3867,1890,1971-11-01,対象
754,長崎旧線,00,無し,大草,114070.0,駅前広場,表,単独,782,,,対象
754,長崎旧線,00,無し,本川内,119200.0,駅前広場,表,単独,215,,,対象
754,長崎旧線,00,無し,長与,122260.0,駅前広場,表,協定,1640,347,,対象
754,長崎旧線,00,無し,道ノ尾,125760.0,駅前広場,表,単独,254,,,対象
754,長崎旧線,00,無し,浦上,130340.0,浦上＿駅前広場,表,,,,,対象
761,唐津線,00,無し,小城,5110.0,駅前広場,表,単独,1511,,,対象
761,唐津線,00,無し,東多久,10620.0,駅前広場,表,単独,2418,,,対象
761,唐津線,00,無し,多久,15200.0,駅前広場,表,単独,376.9,,,対象
761,唐津線,00,無し,厳木,20790.0,駅前広場,表,単独,194,,,対象
761,唐津線,00,無し,岩屋,23330.0,駅前広場,表,単独,194.9,,,対象
761,唐津線,00,無し,相知,25970.0,駅前広場,表,単独,413.3,,,対象
761,唐津線,00,無し,山本,32880.0,駅前広場,表,単独,422,,,対象
761,唐津線,00,無し,唐津,40290.0,駅前広場,表,協定,2206.4,2155.7,1959-01-01,対象
761,唐津線,00,無し,西唐津,42520.0,駅前広場,表,単独,454.8,,,対象
767,佐世保線,00,無し,大町,5250.0,駅前広場,表,単独,969,,,対象
767,佐世保線,00,無し,北方,7440.0,駅前広場,表,単独,530.9,,,対象
767,佐世保線,00,無し,高橋,11470.0,駅前広場,表,単独,787,,,対象
767,佐世保線,00,無し,武雄温泉,13680.0,駅前広場,表,単独,716.5,,,対象
767,佐世保線,00,無し,永尾,18250.0,駅前広場,表,単独,167,,,対象
767,佐世保線,00,無し,三間坂,21480.0,駅前広場,表,単独,318,,,対象
767,佐世保線,00,無し,上有田,25710.0,駅前広場,表,単独,284.4,,,対象
767,佐世保線,00,無し,有田,28220.0,駅前広場,表,単独,1090.5,,,対象
767,佐世保線,00,無し,三河内,35760.0,駅前広場,表,単独,282.4,,,対象
767,佐世保線,00,無し,早岐,39950.0,駅前広場,表,単独,606.8,,,対象
767,佐世保線,00,無し,大塔,42630.0,駅前広場,表,単独,18,,,対象
781,大村線,00,無し,ハウステンボス,4740.0,駅前広場,表,単独,298.8,,,対象
781,大村線,00,無し,南風崎,5520.0,駅前広場,表,単独,288,,,対象
781,大村線,00,無し,川棚,13520.0,駅前広場,表,単独,2447.7,,,対象
781,大村線,00,無し,彼杵,19580.0,駅前広場,表,単独,230,,,対象
781,大村線,00,無し,千綿,23980.0,駅前広場,表,協定,,551,,対象
781,大村線,00,無し,松原,28350.0,駅前広場,表,単独,759.8,,,対象
781,大村線,00,無し,竹松,32770.0,駅前広場,表,単独,619,,,対象
781,大村線,00,無し,大村,36200.0,駅前広場,表,単独,1198.4,,,対象
783,久大本線,00,無し,南久留米,4870.0,駅前広場,表,単独,,1188,,対象
783,久大本線,00,無し,御井,8040.0,駅前広場,表,単独,1940,,,対象
783,久大本線,00,無し,善導寺,12570.0,駅前広場,表,単独,,794,,対象
783,久大本線,00,無し,田主丸,20790.0,駅前広場,表,単独,720,,,対象
783,久大本線,00,無し,筑後吉井,26420.0,駅前広場,表,単独,788.5,,,対象
783,久大本線,00,無し,うきは,29980.0,駅前広場,表,単独,,,,対象
783,久大本線,00,無し,筑後大石,32970.0,駅前広場,表,単独,891.3,,,対象
783,久大本線,00,無し,夜明,39050.0,駅前広場,表,単独,363,,,対象
783,久大本線,00,無し,光岡,45150.0,駅前広場,表,単独,,326,,対象
783,久大本線,00,無し,日田,47570.0,駅前広場,表,協定,1046.2,3832,,対象
783,久大本線,00,無し,豊後中川,55270.0,豊後中川　駅前広場,表,協定,,222.6,,対象外
783,久大本線,00,無し,天ヶ瀬,59490.0,天ヶ瀬　駅前広場,表,単独,271.9,,,対象
783,久大本線,00,無し,北山田,67820.0,北山田　駅前広場,表,単独,348.2,,,対象
783,久大本線,00,無し,豊後森,73220.0,豊後森　駅前広場,表,協定,1091.7,19.8,,対象
783,久大本線,00,無し,恵良,77330.0,恵良　駅前広場,表,協定,,456,,対象外
783,久大本線,00,無し,引治,80700.0,引地　駅前広場,表,協定,,400,,対象
783,久大本線,00,無し,豊後中村,83150.0,豊後中村　駅前広場,表,単独,430.7,,,対象外
783,久大本線,00,無し,野矢,88260.0,野矢　駅前広場,表,協定,205.2,238.8,,対象
783,久大本線,00,無し,由布院,99140.0,由布院　駅前広場,表,協定,571,305,1953-10-01,対象
783,久大本線,00,無し,南由布,102540.0,南由布　駅前広場,表,単独,1103.7,,,対象
783,久大本線,00,無し,湯平,109580.0,湯平　駅前広場,表,協定,117.7,518.3,,対象
783,久大本線,00,無し,庄内,114560.0,庄内　駅前広場,表,協定,700,69.7,,対象
783,久大本線,00,無し,小野屋,119580.0,小野屋　駅前広場,表,単独,291.9,,,対象
783,久大本線,00,無し,向之原,127080.0,向之原　駅前広場,表,協定,663.9,67.1,,対象
783,久大本線,00,無し,賀来,133400.0,賀来　駅前広場,表,協定,,387,,対象
783,久大本線,00,無し,南大分,135710.0,南大分　駅前広場,表,単独,628,,,対象
786,豊肥本線,00,無し,南熊本,3630.0,駅前広場,表,協定,1400,1990,1946-09-01,対象
786,豊肥本線,00,無し,水前寺,5830.0,駅前広場,表,単独,1118.1,,,対象
786,豊肥本線,00,無し,竜田口,8910.0,駅前広場,表,単独,1529.1,,,対象
786,豊肥本線,00,無し,三里木,15750.0,駅前広場,表,単独,2047.2,,,対象
786,豊肥本線,00,無し,原水,18940.0,駅前広場,表,単独,292.7,,,対象
786,豊肥本線,00,無し,肥後大津,22550.0,駅前広場,表,単独,501.4,,,対象
786,豊肥本線,00,無し,瀬田,27190.0,駅前広場,表,単独,667.8,,,対象
786,豊肥本線,00,無し,立野,32250.0,駅前広場,表,単独,602.2,,,対象
786,豊肥本線,00,無し,赤水,40170.0,駅前広場,表,単独,1021.4,,,対象
786,豊肥本線,00,無し,内牧,46370.0,駅前広場,表,単独,646.3,,,対象
786,豊肥本線,00,無し,阿蘇,49870.0,駅前広場,表,協定,426.8,476.2,,対象
786,豊肥本線,00,無し,宮地,53410.0,駅前広場,表,単独,752.4,,,対象
786,豊肥本線,00,無し,波野,64120.0,駅前広場,表,単独,282.1,,,対象
786,豊肥本線,00,無し,豊後荻,75190.0,豊後荻　駅前広場,表,協定,,727,,対象外
786,豊肥本線,00,無し,玉来,84930.0,玉来　駅前広場,表,単独,1255.3,,,対象
786,豊肥本線,00,無し,豊後竹田,88030.0,豊後竹田　駅前広場,表,単独,609.1,,,対象
786,豊肥本線,00,無し,朝地,93920.0,朝地　駅前広場,表,単独,983.8,,,対象
786,豊肥本線,00,無し,緒方,100300.0,緒方　駅前広場,表,単独,1166.2,,,対象
786,豊肥本線,00,無し,豊後清川,105350.0,豊後清川　駅前広場,表,協定,,440,,対象
786,豊肥本線,00,無し,三重町,111860.0,三重町　駅前広場,表,単独,254.2,,,対象
786,豊肥本線,00,無し,中判田,136280.0,中判田　駅前広場,表,単独,311.2,,,対象
791,日豊本線,00,無し,苅田,17910.0,駅前広場,表,単独,479,,,対象
791,日豊本線,00,無し,行橋,24220.0,駅前広場（表）,表,協定,663,,,対象
791,日豊本線,00,無し,行橋,24220.0,駅前広場（裏）,裏,協定,647,,,対象
791,日豊本線,00,無し,築城,33220.0,駅前広場,表,単独,467.7,,,対象
791,日豊本線,00,無し,椎田,36170.0,駅前広場,表,単独,826.3,,,対象
791,日豊本線,00,無し,豊前松江,41100.0,駅前広場,表,単独,1045.8,,,対象
791,日豊本線,00,無し,宇島,44460.0,駅前広場,表,単独,858,,,対象
791,日豊本線,00,無し,三毛門,47290.0,駅前広場,表,単独,1280.6,1964.9,,対象
791,日豊本線,00,無し,中津,51050.0,中津 駅前広場（表）,表,協定,2040.1,1099.9,1970-12-01,対象
791,日豊本線,00,無し,中津,51050.0,中津 駅前広場（裏）,裏,協定,849.7,4980.3,1970-12-01,対象
791,日豊本線,00,無し,今津,59350.0,今津 駅前広場,表,単独,907.8,,,対象
791,日豊本線,00,無し,天津,61810.0,天津 駅前広場,表,単独,1279.3,,,対象
791,日豊本線,00,無し,豊前善光寺,64750.0,豊前善光寺 駅前広場,表,単独,855.4,,,対象
791,日豊本線,00,無し,柳ヶ浦,68430.0,柳ヶ浦 駅前広場,表,単独,439.8,,,対象
791,日豊本線,00,無し,豊前長洲,70310.0,豊前長洲 駅前広場,表,単独,1127.6,,,対象
791,日豊本線,00,無し,宇佐,75100.0,宇佐 駅前広場,表,単独,1005.9,,,対象
791,日豊本線,00,無し,立石,84520.0,立石 駅前広場,表,単独,1824.4,,,対象
791,日豊本線,00,無し,中山香,89680.0,中山香  駅前広場,表,単独,1392.9,,,対象
791,日豊本線,00,無し,杵築,98540.0,杵築 駅前広場,表,単独,1047.3,,,対象
791,日豊本線,00,無し,大神,102550.0,大神 駅前広場,表,単独,2275,,,対象
791,日豊本線,00,無し,日出,106540.0,日出 駅前広場,表,単独,286,,,対象
791,日豊本線,00,無し,亀川,114260.0,亀川 駅前広場,表,単独,804.4,,,対象
791,日豊本線,00,無し,別府,120160.0,別府 駅前広場（表）,表,協定,4338.5,1445,1966-08-01,対象
791,日豊本線,00,無し,別府,120160.0,別府 駅前広場（裏）,裏,協定,1859.3,2607,1952-03-01,対象
791,日豊本線,00,無し,東別府,122190.0,東別府 駅前広場,表,,456.4,,,対象
791,日豊本線,00,無し,西大分,129770.0,西大分 駅前広場,表,単独,1194.5,,,対象
791,日豊本線,00,無し,大分,132360.0,大分 駅前広場（表）,表,協定,3928.4,3762,1946-05-01,対象
791,日豊本線,00,無し,大分,132360.0,大分 駅前広場（裏）,裏,協定,748.3,1816,1975-11-01,対象
791,日豊本線,00,無し,牧,135660.0,牧 駅前広場,表,単独,68.3,,,対象
791,日豊本線,00,無し,高城,137380.0,高城 駅前広場,表,協定,1180,3320,,対象
791,日豊本線,00,無し,鶴崎,140430.0,鶴崎 駅前広場,表,協定,1212,2288,1957-12-01,対象
791,日豊本線,00,無し,大在,143670.0,大在 駅前広場,表,単独,300,,1962-11-01,対象
791,日豊本線,00,無し,坂ノ市,146820.0,坂ノ市 駅前広場,表,単独,1325,,,対象
791,日豊本線,00,無し,幸崎,151200.0,幸崎 駅前広場,表,単独,1483,,,対象
791,日豊本線,00,無し,佐志生,158400.0,佐志生 駅前広場,表,単独,174.9,,,対象
791,日豊本線,00,無し,下ノ江,160510.0,下ノ江　駅前広場,表,単独,1088.6,,,対象
791,日豊本線,00,無し,熊崎,164090.0,熊崎 駅前広場,表,単独,575,,,対象
791,日豊本線,00,無し,上臼杵,167040.0,上臼杵　駅前広場,表,単独,765,,,対象
791,日豊本線,00,無し,臼杵,168560.0,臼杵 駅前広場,表,単独,1885.9,,,対象
791,日豊本線,00,無し,津久見,178280.0,津久見 駅前広場,表,単独,1212.5,,,対象
791,日豊本線,00,無し,日代,183840.0,日代 駅前広場,表,単独,187.5,,,対象
791,日豊本線,00,無し,狩生,191430.0,狩生 駅前広場,表,単独,94.3,,,対象
791,日豊本線,00,無し,海崎,194200.0,海崎 駅前広場,表,単独,557.7,,,対象
791,日豊本線,00,無し,佐伯,197230.0,佐伯 駅前広場,表,単独,1008.9,,,対象
791,日豊本線,00,無し,上岡,201780.0,上岡　駅前広場,表,単独,894,,,対象
791,日豊本線,00,無し,直見,208170.0,直見 駅前広場,表,単独,336.7,,,対象
791,日豊本線,00,無し,直川,213030.0,直川 駅前広場,表,単独,1207.5,,,対象
791,日豊本線,00,無し,重岡,223610.0,重岡 駅前広場,表,単独,835.2,,,対象
791,日豊本線,00,無し,宗太郎,230370.0,宗太郎 駅前広場,表,単独,273.3,,,対象
791,日豊本線,00,無し,市棚,237940.0,駅前広場,表,単独,122,,,対象
791,日豊本線,00,無し,延岡,255560.0,駅前広場,表,協定,2630,2957,1966-12-01,対象
791,日豊本線,00,無し,南延岡,258980.0,駅前広場,表,単独,435,,,対象
791,日豊本線,00,無し,東都農,293520.0,駅前広場,表,単独,296.9,,,対象
791,日豊本線,00,無し,都農,298120.0,駅前広場,表,単独,1363,,,対象
791,日豊本線,00,無し,高鍋,312960.0,駅前広場,表,単独,987,,,対象
791,日豊本線,00,無し,佐土原,326100.0,駅前広場,表,単独,150,,,対象
791,日豊本線,00,無し,日向住吉,330300.0,駅前広場,表,単独,130,,,対象
791,日豊本線,00,無し,宮崎神宮,336840.0,駅前広場,表,単独,300,,,対象
791,日豊本線,00,無し,南宮崎,341880.0,駅前広場,表,単独,1162,,,対象
791,日豊本線,00,無し,清武,347160.0,駅前広場,表,単独,808,789,1978-12-01,対象
791,日豊本線,00,無し,田野,357390.0,駅前広場,表,単独,69.4,,,対象
791,日豊本線,00,無し,三股,385030.0,駅前広場,表,単独,418.8,501,1957-03-01,対象
791,日豊本線,00,無し,都城,389340.0,駅前広場,表,協定,1950,5850,1946-08-01,対象
791,日豊本線,00,無し,西都城,391850.0,駅前広場,表,単独,4115.4,2409,1946-08-01,対象
791,日豊本線,00,無し,五十市,394660.0,駅前広場,表,単独,80.2,,,対象
791,日豊本線,00,無し,財部,398850.0,駅前広場,表,単独,83.2,,,対象
791,日豊本線,00,無し,北俣,402490.0,駅前広場,表,単独,70.1,,,対象
791,日豊本線,00,無し,大隅大川原,407530.0,駅前広場,表,単独,740,,,対象
791,日豊本線,00,無し,北永野田,412890.0,駅前広場,表,単独,514.4,,,対象
791,日豊本線,00,無し,霧島神宮,418820.0,駅前広場,表,単独,2397.5,,,対象
791,日豊本線,00,無し,国分,431540.0,駅前広場,表,協定,896,1071,1968-12-01,対象
791,日豊本線,00,無し,隼人,434120.0,駅前広場,表,協定,800,800,1972-06-01,対象
791,日豊本線,00,無し,加治木,441010.0,駅前広場,表,単独,1160,,,対象
791,日豊本線,00,無し,帖佐,445010.0,駅前広場,表,単独,441,,,対象
791,日豊本線,00,無し,重富,448170.0,駅前広場,表,単独,389,,,対象
795,日田彦山線,00,無し,石田,3270.0,駅前広場,表,単独,361,,,対象
795,日田彦山線,00,無し,志井公園,5080.0,駅前広場,表,単独,201.4,,,対象
795,日田彦山線,00,無し,石原町,9030.0,駅前広場,表,単独,785.6,,,対象
795,日田彦山線,00,無し,呼野,12330.0,駅前広場,表,単独,260,,,対象
795,日田彦山線,00,無し,採銅所,18130.0,駅前広場,表,単独,1001,,,対象
795,日田彦山線,00,無し,香春,23380.0,駅前広場,表,単独,560,,,対象
795,日田彦山線,00,無し,田川伊田,27400.0,駅前広場,表,単独,1249.1,,,対象
795,日田彦山線,00,無し,田川後藤寺,29980.0,駅前広場,表,単独,600.5,,,対象
795,日田彦山線,00,無し,池尻,32200.0,駅前広場,表,単独,365.4,,,対象
795,日田彦山線,00,無し,豊前川崎,34700.0,駅前広場,表,単独,1719,,,対象
795,日田彦山線,00,無し,西添田,38320.0,駅前広場,表,単独,638.7,,,対象
795,日田彦山線,00,無し,添田,39480.0,駅前広場,表,単独,883,,,対象
795,日田彦山線,00,無し,彦山,47140.0,駅前広場,表,単独,1374.1,,,対象
795,日田彦山線,00,無し,筑前岩屋,55070.0,駅前広場,表,単独,,442,,対象
795,日田彦山線,00,無し,大行司,59250.0,駅前広場,表,単独,,305,,対象
795,日田彦山線,00,無し,宝珠山,61250.0,駅前広場,表,単独,,508.8,,対象
795,日田彦山線,00,無し,大鶴,62810.0,駅前広場,表,単独,,312.8,,対象
795,日田彦山線,00,無し,今山,65380.0,駅前広場,表,単独,,408.6,,対象
823,日南線,00,無し,田吉,2020.0,田吉駅駅前広場,表,単独,835,,,対象
823,日南線,00,無し,青島,12680.0,駅前広場,表,単独,1630,,,対象
823,日南線,00,無し,内海,17450.0,駅前広場,表,単独,,,,対象
823,日南線,00,無し,伊比井,23320.0,駅前広場,表,単独,265.6,,,対象
823,日南線,00,無し,北郷,32540.0,駅前広場,表,単独,275.9,,,対象
823,日南線,00,無し,内之田,37090.0,駅前広場,表,単独,6.7,,,対象
823,日南線,00,無し,飫肥,39780.0,駅前広場,表,単独,59.2,,,対象
823,日南線,00,無し,日南,43770.0,駅前広場,表,協定,1455,1455,1973-06-01,対象
823,日南線,00,無し,油津,45990.0,駅前広場,表,協定,677,1247,1975-02-01,対象
823,日南線,00,無し,大堂津,50280.0,駅前広場,表,単独,43.1,,,対象
823,日南線,00,無し,南郷,52990.0,駅前広場,表,単独,52,,,対象
823,日南線,00,無し,谷之口,56110.0,駅前広場,表,単独,52,,,対象
823,日南線,00,無し,榎原,60460.0,駅前広場,表,単独,9.4,,,対象
823,日南線,00,無し,串間,74430.0,駅前広場,表,協定,810.5,700,1962-07-01,対象外
823,日南線,00,無し,福島今町,77190.0,駅前広場,表,単独,300.7,,,対象
823,日南線,00,無し,志布志,88890.0,駅前広場,表,単独,916,,,対象
825,吉都線,00,無し,谷頭,7080.0,駅前広場,表,単独,904.5,,,対象
825,吉都線,00,無し,万ヶ塚,10600.0,駅前広場,表,単独,1248,,,対象
825,吉都線,00,無し,高原,26770.0,駅前広場,表,単独,948,,,対象
825,吉都線,00,無し,西小林,40920.0,駅前広場,表,単独,54,,,対象
831,筑豊本線,00,無し,若松,0.0,駅前広場,表,協定,439.4,1504.3,1982-06-01,対象
831,筑豊本線,00,無し,藤ノ木,2860.0,駅前広場,表,単独,254.9,,,対象
831,筑豊本線,00,無し,奥洞海,4550.0,駅前広場,表,単独,329.4,,,対象
831,筑豊本線,00,無し,二島,6260.0,駅前広場,表,単独,441.6,,,対象
831,筑豊本線,00,無し,折尾,10770.0,駅前広場,表,単独,61.2,,,対象
831,筑豊本線,00,無し,中間,14880.0,駅前広場,表,単独,373.3,,,対象
831,筑豊本線,00,無し,筑前植木,21230.0,駅前広場,表,単独,,,,対象
831,筑豊本線,00,無し,直方,24770.0,駅前広場,表,単独,1344,,,対象
831,筑豊本線,00,無し,勝野,27450.0,駅前広場,表,単独,190.3,,,対象
831,筑豊本線,00,無し,小竹,31290.0,駅前広場,表,単独,218.3,,,対象
831,筑豊本線,00,無し,鯰田,34720.0,駅前広場,表,単独,346,,,対象
831,筑豊本線,00,無し,新飯塚,37640.0,駅前広場,表,単独,1016.2,,,対象
831,筑豊本線,00,無し,飯塚,39440.0,駅前広場,表,協定,910.7,546,1969-05-01,対象
831,筑豊本線,00,無し,天道,42290.0,駅前広場,表,単独,904,,,対象
831,筑豊本線,00,無し,桂川,45270.0,駅前広場,表,単独,516,,,対象
831,筑豊本線,00,無し,上穂波,48080.0,駅前広場,表,単独,380,,,対象
831,筑豊本線,00,無し,筑前内野,51210.0,駅前広場,表,単独,636,,,対象
831,筑豊本線,00,無し,筑前山家,61370.0,駅前広場,表,単独,753,,,対象
851,後藤寺線,00,無し,船尾,9840.0,駅前広場,表,単独,572.8,,,対象
