EKI_CD,ROSEN_CD,EKI_NAME,KIROTEI_Z,KIROTEI_DB,SORT_ORDER
91001110,103,新八代,1199120.0,1199120.0,8
91001120,103,新水俣,1241910.0,1241910.0,9
91001130,103,出水,1257900.0,1257900.0,10
91001140,103,川内,1290620.0,1290620.0,11
91001150,103,鹿児島中央,1325870.0,1325870.0,12
91002110,103,博多,1069100.0,1069100.0,1
91002120,103,新鳥栖,1095354.0,1095354.0,2
91002130,103,久留米,1101060.0,1101060.0,3
91002140,103,筑後船小屋,1116990.0,1116990.0,4
91002150,103,新大牟田,1128870.0,1128870.0,5
91002160,103,新玉名,1145390.0,1145390.0,6
91002170,103,熊本,1167275.0,1167275.0,7
91101010,711,門司港,0.0,0.0,1
91101030,291,門司,535030.0,535030.0,1
91101030,711,門司,5500.0,5500.0,3
91101050,712,東小倉,9440.0,9440.0,1
91101060,711,小倉,11010.0,11010.0,4
91101060,791,小倉,0.0,0.0,1
91101070,711,西小倉,11820.0,11820.0,5
91101070,791,西小倉,800.0,800.0,2
91101080,711,戸畑,17200.0,17240.0,7
91101100,711,枝光,19380.0,19380.0,8
91101110,711,八幡,23150.0,23150.0,10
91101130,711,黒崎,25870.0,25870.0,11
91101140,711,陣原,28060.0,28060.0,12
91101150,711,折尾,31060.0,31060.0,13
91101150,831,折尾,10770.0,10770.0,6
91101160,711,遠賀川,35300.0,35300.0,15
91101170,711,海老津,40410.0,40410.0,16
91101180,711,赤間,47530.0,47530.0,18
91101190,711,東郷,51690.0,51690.0,19
91101200,711,福間,57630.0,57630.0,21
91101210,711,古賀,61610.0,61610.0,23
91101220,711,福工大前,66050.0,66050.0,26
91101230,711,香椎,70810.0,70810.0,28
91101230,723,香椎,12660.0,12660.0,6
91101250,711,箱崎,76000.0,76000.0,30
91101260,711,吉塚,77250.0,77250.0,31
91101260,725,吉塚,0.0,0.0,1
91101270,711,博多,79160.0,79160.0,32
91101280,711,竹下,82350.0,82350.0,33
91101290,711,南福岡,86380.0,86380.0,35
91101300,711,大野城,88910.0,88910.0,37
91101310,711,水城,90290.0,90290.0,38
91101320,711,二日市,93940.0,93940.0,41
91101330,711,原田,99400.0,99400.0,43
91101330,831,原田,66070.0,66070.0,25
91101340,711,基山,102900.0,102900.0,45
91101350,711,田代,107110.0,107110.0,47
91101360,711,鳥栖,108330.0,108330.0,48
91101360,753,鳥栖,0.0,0.0,1
91101370,711,肥前旭,111970.0,111970.0,49
91101380,711,久留米,115370.0,115370.0,50
91101380,783,久留米,0.0,0.0,1
91101390,711,水巻,33240.0,33240.0,14
91101400,712,浜小倉,13400.0,13400.0,2
91101410,711,九州工大前,15310.0,15310.0,6
91101420,711,東福間,54920.0,54920.0,20
91101430,711,笹原,84688.0,84770.0,34
91101440,711,小森江,4020.0,4020.0,2
91101450,711,教育大前,45430.0,45570.0,17
91101460,711,九産大前,69070.0,69070.0,27
91101470,711,春日,87540.0,87540.0,36
91101480,711,都府楼南,92530.0,92530.0,40
91101490,711,天拝山,95820.0,95820.0,42
91101500,711,けやき台,101390.0,101390.0,44
91101510,711,千鳥,59480.0,59480.0,22
91101520,711,スペースワールド,21240.0,21240.0,9
91101530,711,弥生が丘,104960.0,104960.0,46
91101540,711,大宰府（信号場）,91650.0,91650.0,39
91101560,711,千早,71960.0,71960.0,29
91101570,711,ししぶ,63000.0,63000.0,24
91101580,711,新宮中央,64370.0,64370.0,25
91103010,783,南久留米,4870.0,4870.0,3
91103020,783,御井,8040.0,8040.0,5
91103030,783,善導寺,12570.0,12570.0,6
91103040,783,筑後草野,15670.0,15670.0,7
91103050,783,田主丸,20790.0,20790.0,8
91103060,783,筑後吉井,26420.0,26420.0,9
91103070,783,うきは,29980.0,29980.0,10
91103080,783,筑後大石,32970.0,32970.0,11
91103090,783,夜明,39050.0,39050.0,12
91103090,795,夜明,69170.0,69170.0,24
91103100,783,光岡,45150.0,45150.0,13
91103110,783,日田,47570.0,47570.0,14
91103120,783,豊後三芳,49410.0,49410.0,15
91103130,783,久留米大学前,6780.0,6780.0,4
91103140,783,久留米高校前,3390.0,3390.0,2
91105010,791,南小倉,2840.0,2840.0,3
91105020,791,城野,5370.0,5370.0,4
91105020,795,城野,0.0,0.0,1
91105040,791,下曽根,10920.0,10920.0,6
91105050,791,朽網,14310.0,14310.0,7
91105060,791,苅田,17910.0,17910.0,8
91105070,791,小波瀬西工大前,21480.0,21480.0,9
91105080,791,行橋,24220.0,24220.0,10
91105090,791,安部山公園,7710.0,7710.0,5
91105100,791,南行橋,26010.0,26010.0,11
91115010,723,西戸崎,0.0,0.0,1
91115020,723,海ノ中道,1558.0,1590.0,2
91115028,723,中道（信号場）,2520.0,999999.0,17
91115030,723,雁ノ巣,6090.0,6090.0,3
91115040,723,奈多,6980.0,6980.0,4
91115050,723,和白,8760.0,8760.0,5
91115060,723,土井,15930.0,15930.0,9
91115070,723,伊賀,17750.0,17750.0,10
91115080,723,酒殿,20150.0,20150.0,12
91115090,723,須恵,21440.0,21440.0,13
91115100,723,新原,23700.0,23700.0,15
91115110,723,宇美,24950.0,24950.0,16
91115120,723,香椎神宮,13820.0,13820.0,7
91115130,723,須恵中央,22650.0,22650.0,14
91115140,723,舞松原,14430.0,14430.0,8
91116010,725,原町,5010.0,5010.0,3
91116020,725,篠栗,10310.0,10310.0,6
91116030,725,筑前山手,13420.0,13420.0,7
91116040,725,城戸南蔵院前,14880.0,14880.0,8
91116050,725,九郎原,19940.0,19940.0,9
91116060,725,筑前大分,21940.0,21940.0,10
91116070,725,門松,7670.0,7670.0,5
91116080,725,柚須,2470.0,2470.0,2
91116090,723,長者原,18730.0,18730.0,11
91116090,725,長者原,5740.0,5740.0,4
91118060,731,姪浜,12490.0,12410.0,1
91118080,731,今宿,17670.0,17670.0,3
91118090,731,周船寺,20570.0,20570.0,5
91118100,731,波多江,22560.0,22560.0,6
91118110,731,筑前前原,25200.0,25200.0,8
91118120,731,加布里,27880.0,27880.0,10
91118130,731,一貴山,29160.0,29160.0,11
91118140,731,筑前深江,32610.0,32610.0,12
91118160,731,大入,36010.0,36010.0,13
91118170,731,福吉,38650.0,38650.0,14
91118180,731,鹿家,42700.0,42700.0,15
91118190,731,浜崎,47880.0,47880.0,16
91118200,731,虹ノ松原,49970.0,49970.0,17
91118210,731,東唐津,51800.0,51800.0,18
91118240,731,和多田,53420.0,53420.0,19
91118250,731,肥前久保,65500.0,65500.0,22
91118260,731,西相知,66950.0,66950.0,23
91118270,731,佐里,68610.0,68610.0,24
91118280,731,駒鳴,71410.0,71410.0,25
91118290,731,大川野,73280.0,73280.0,26
91118300,731,肥前長野,74650.0,74650.0,27
91118310,731,桃川,77760.0,77760.0,28
91118320,731,金石原,80070.0,80070.0,29
91118330,731,上伊万里,84450.0,84450.0,30
91118340,731,下山門,14100.0,14100.0,2
91118350,731,伊万里,86113.0,86113.0,31
91118360,731,美咲が丘,26780.0,26780.0,9
91118370,731,九大学研都市,18960.0,18960.0,4
91118380,731,糸島高校前,23770.0,23770.0,7
91120010,753,肥前麓,4160.0,4160.0,3
91120020,753,中原,8500.0,8550.0,4
91120030,753,吉野ヶ里公園,13140.0,13140.0,5
91120040,753,神埼,15670.0,15670.0,6
91120050,753,伊賀屋,20180.0,20180.0,7
91120060,753,佐賀,24980.0,24980.0,8
91120070,753,鍋島,28060.0,28060.0,9
91120080,753,久保田,31460.0,31460.0,11
91120080,761,久保田,0.0,0.0,1
91120090,753,牛津,34280.0,34280.0,12
91120100,753,肥前山口,39670.0,39670.0,13
91120100,767,肥前山口,0.0,0.0,1
91120110,753,肥前白石,44740.0,44740.0,14
91120120,753,肥前竜王,49480.0,49480.0,15
91120130,753,肥前鹿島,54660.0,54660.0,16
91120140,753,肥前浜,57630.0,57630.0,17
91120150,753,肥前七浦,61520.0,61520.0,18
91120160,753,肥前飯田,63680.0,63680.0,19
91120170,753,多良,67780.0,67780.0,20
91120180,753,肥前大浦,75700.0,75700.0,22
91120190,753,小長井,82380.0,82380.0,24
91120200,753,湯江,87650.0,87650.0,26
91120210,753,小江,90870.0,90870.0,27
91120220,753,肥前長田,95570.0,95570.0,28
91120230,753,東諫早,97740.0,97740.0,29
91120240,753,諫早,100400.0,100400.0,30
91120240,781,諫早,47370.0,47370.0,13
91120250,753,土井崎（信号場）,79030.0,79030.0,23
91120260,753,喜々津,106930.0,106930.0,32
91120260,754,喜々津,0.0,0.0,1
91120270,754,大草,114070.0,114070.0,3
91120280,754,本川内,119200.0,119200.0,4
91120290,754,長与,122260.0,122260.0,5
91120300,754,道ノ尾,125760.0,125760.0,7
91120310,753,浦上,123700.0,123700.0,37
91120310,754,浦上,130360.0,130360.0,9
91120320,753,長崎,131940.0,131940.0,38
91120340,754,東園,110560.0,110400.0,2
91120350,753,里（信号場）,72325.0,72325.0,21
91120360,753,市布,109550.0,109550.0,33
91120370,753,肥前古賀,112360.0,112360.0,34
91120380,753,現川,114850.0,114850.0,35
91120390,753,肥前三川,118600.0,118600.0,36
91120400,753,西諫早,103190.0,103190.0,31
91120410,754,西浦上,127460.0,127460.0,8
91120420,753,バルーンさが,29830.0,29830.0,10
91120430,753,長里,84780.0,84780.0,25
91120440,754,高田,123280.0,123280.0,6
91120450,753,新鳥栖,2890.0,2890.0,2
91122010,761,小城,5110.0,5110.0,2
91122020,761,東多久,10620.0,10620.0,3
91122030,761,多久,15220.0,15220.0,5
91122050,761,厳木,20790.0,20790.0,6
91122060,761,岩屋,23330.0,23330.0,7
91122070,761,相知,25970.0,25970.0,8
91122090,761,本牟田部,30080.0,30080.0,9
91122100,731,山本,60396.0,60400.0,21
91122100,761,山本,32880.0,32880.0,10
91122110,761,鬼塚,36550.0,36550.0,11
91122120,731,唐津,55130.0,55140.0,20
91122120,761,唐津,40250.0,40250.0,12
91122130,761,西唐津,42520.0,42520.0,13
91122150,761,中多久,13620.0,13620.0,4
91123010,767,大町,5250.0,5250.0,2
91123020,767,北方,7440.0,7440.0,3
91123030,767,高橋,11470.0,11470.0,4
91123040,767,武雄温泉,13680.0,13680.0,5
91123050,767,永尾,18250.0,18250.0,6
91123060,767,三間坂,21480.0,21480.0,7
91123070,767,上有田,25710.0,25710.0,8
91123080,767,有田,28220.0,28220.0,9
91123090,767,三河内,35760.0,35760.0,11
91123100,767,早岐,39950.0,39950.0,12
91123100,781,早岐,0.0,0.0,1
91123110,767,大塔,42630.0,42630.0,13
91123120,767,日宇,45510.0,45510.0,14
91123130,767,佐世保,48890.0,48870.0,15
91123140,767,西有田（信号場）,31400.0,31400.0,10
91128010,781,南風崎,5520.0,5520.0,3
91128020,781,小串郷,9780.0,9780.0,4
91128030,781,川棚,13520.0,13520.0,5
91128040,781,彼杵,19580.0,19580.0,6
91128050,781,千綿,23980.0,23980.0,7
91128060,781,松原,28350.0,28350.0,8
91128070,781,竹松,32770.0,32770.0,9
91128080,781,大村,36200.0,36200.0,11
91128090,781,岩松,39770.0,39770.0,12
91128100,781,諏訪,34790.0,34730.0,10
91128110,781,ハウステンボス,4740.0,4740.0,2
91129020,795,石田,3270.0,3270.0,2
91129030,795,志井,6750.0,6750.0,4
91129040,795,石原町,9030.0,9030.0,5
91129050,795,呼野,12330.0,12330.0,6
91129060,795,採銅所,18130.0,18130.0,7
91129070,795,香春,23380.0,23380.0,8
91129080,795,田川伊田,27400.0,27400.0,10
91129090,795,田川後藤寺,29980.0,29980.0,11
91129090,851,田川後藤寺,13260.0,13240.0,6
91129100,795,池尻,32200.0,32200.0,12
91129110,795,豊前川崎,34740.0,34700.0,13
91129120,795,西添田,38320.0,38320.0,14
91129130,795,添田,39480.0,39480.0,15
91129140,795,豊前桝田,43190.0,43190.0,17
91129150,795,彦山,47140.0,47140.0,18
91129160,795,筑前岩屋,55070.0,55070.0,19
91129170,795,大行司,59250.0,59250.0,20
91129180,795,宝珠山,61250.0,61250.0,21
91129190,795,大鶴,62810.0,62810.0,22
91129200,795,今山,65380.0,65380.0,23
91129210,795,志井公園,5080.0,5080.0,3
91129220,795,一本松,24960.0,24960.0,9
91129230,795,歓遊舎ひこさん,41550.0,41550.0,16
91132010,831,若松,0.0,0.0,1
91132020,831,藤ノ木,2870.0,2860.0,2
91132030,831,奥洞海,4550.0,4550.0,3
91132040,831,二島,6260.0,6260.0,4
91132050,831,本城,9260.0,9260.0,5
91132060,831,中間,14880.0,14880.0,8
91132070,831,筑前垣生,16355.0,16350.0,9
91132080,831,鞍手,18712.0,18740.0,10
91132090,831,筑前植木,21235.0,21230.0,11
91132100,831,直方,24770.0,24770.0,13
91132110,831,勝野,27450.0,27450.0,14
91132120,831,小竹,31290.0,31290.0,15
91132130,831,鯰田,34720.0,34720.0,16
91132140,831,新飯塚,37640.0,37640.0,18
91132140,851,新飯塚,0.0,0.0,1
91132150,831,飯塚,39440.0,39440.0,19
91132160,831,天道,42290.0,42290.0,20
91132170,725,桂川,25140.0,25140.0,11
91132170,831,桂川,45270.0,45270.0,21
91132180,831,上穂波,48080.0,48080.0,22
91132190,831,筑前内野,51210.0,51210.0,23
91132200,831,筑前山家,61370.0,61370.0,24
91132210,831,東水巻,13430.0,13430.0,7
91132220,831,新入,22840.0,22840.0,12
91132230,831,浦田,36220.0,36220.0,17
91138010,851,上三緒,3070.0,3070.0,2
91138030,851,下鴨生,5000.0,5000.0,3
91138040,851,筑前庄内,6190.0,6190.0,4
91138050,851,船尾,9860.0,9840.0,5
91203010,783,豊後中川,55270.0,55270.0,16
91203020,783,天ヶ瀬,59490.0,59490.0,17
91203030,783,杉河内,63610.0,63610.0,18
91203040,783,北山田,67820.0,67820.0,19
91203050,783,豊後森,73220.0,73220.0,20
91203060,783,恵良,77330.0,77330.0,21
91203070,783,引治,80700.0,80700.0,22
91203080,783,豊後中村,83150.0,83150.0,23
91203090,783,野矢,88260.0,88260.0,24
91203100,783,由布院,99140.0,99140.0,25
91203110,783,南由布,102540.0,102540.0,26
91203120,783,湯平,109580.0,109580.0,27
91203130,783,庄内,114560.0,114560.0,28
91203140,783,天神山,118100.0,118100.0,29
91203150,783,小野屋,119580.0,119580.0,30
91203160,783,鬼瀬,123930.0,123930.0,31
91203170,783,向之原,127080.0,127080.0,32
91203180,783,賀来,133400.0,133400.0,34
91203190,783,南大分,135710.0,135710.0,35
91203200,783,古国府,138020.0,137990.0,36
91203210,783,豊後国分,131060.0,131060.0,33
91204010,786,豊後荻,75190.0,75190.0,23
91204020,786,玉来,84930.0,84930.0,24
91204030,786,豊後竹田,88030.0,88030.0,25
91204040,786,朝地,93920.0,93920.0,26
91204050,786,緒方,100300.0,100300.0,27
91204060,786,豊後清川,105350.0,105350.0,28
91204070,786,三重町,111860.0,111860.0,29
91204080,786,菅尾,117250.0,117250.0,30
91204090,786,犬飼,125160.0,125160.0,31
91204100,786,竹中,130800.0,130800.0,32
91204110,786,中判田,136280.0,136280.0,33
91204120,786,滝尾,142930.0,142930.0,36
91204130,786,下郡（信号場）,145850.0,145850.0,37
91204140,786,敷戸,140160.0,140180.0,35
91204150,786,大分大学前,138780.0,138780.0,34
91205010,791,新田原,29460.0,29460.0,12
91205020,791,築城,33220.0,33220.0,13
91205030,791,椎田,36170.0,36170.0,14
91205040,791,豊前松江,41100.0,41100.0,15
91205050,791,宇島,44460.0,44460.0,16
91205060,791,三毛門,47290.0,47290.0,17
91205070,791,中津,51050.0,51050.0,19
91205080,791,東中津,55960.0,55960.0,20
91205090,791,今津,59350.0,59350.0,21
91205100,791,天津,61810.0,61810.0,22
91205110,791,豊前善光寺,64750.0,64750.0,23
91205120,791,柳ヶ浦,68430.0,68430.0,24
91205130,791,豊前長洲,70310.0,70310.0,25
91205140,791,宇佐,75100.0,75100.0,26
91205150,791,西屋敷,78730.0,78730.0,27
91205160,791,立石,84520.0,84520.0,28
91205170,791,中山香,89680.0,89680.0,29
91205180,791,杵築,98540.0,98540.0,30
91205190,791,大神,102550.0,102550.0,31
91205200,791,日出,106540.0,106540.0,32
91205210,791,豊後豊岡,110550.0,110550.0,34
91205220,791,亀川,114260.0,114260.0,35
91205230,791,別府,120160.0,120160.0,37
91205240,791,東別府,122188.0,122190.0,38
91205260,791,西大分,129770.0,129770.0,39
91205270,783,大分,140620.0,140590.0,37
91205270,786,大分,150950.0,150950.0,38
91205270,791,大分,132360.0,132360.0,40
91205290,791,高城,137380.0,137380.0,42
91205300,791,鶴崎,140430.0,140430.0,43
91205310,791,大在,143670.0,143670.0,44
91205320,791,坂ノ市,146820.0,146820.0,45
91205330,791,幸崎,151200.0,151200.0,46
91205340,791,佐志生,158400.0,158400.0,47
91205350,791,下ノ江,160510.0,160510.0,48
91205360,791,熊崎,164090.0,164090.0,49
91205370,791,上臼杵,167040.0,167040.0,50
91205380,791,臼杵,168560.0,168560.0,51
91205390,791,津久見,178280.0,178280.0,52
91205400,791,日代,183840.0,183840.0,53
91205410,791,浅海井,187590.0,187590.0,54
91205420,791,狩生,191430.0,191430.0,55
91205430,791,海崎,194200.0,194200.0,56
91205440,791,佐伯,197230.0,197230.0,57
91205450,791,上岡,201780.0,201780.0,58
91205460,791,直見,208170.0,208170.0,59
91205470,791,直川,213030.0,213030.0,60
91205480,791,重岡,223610.0,223610.0,62
91205490,791,宗太郎,230370.0,230370.0,63
91205500,791,市棚,237940.0,237940.0,64
91205510,791,北川,242610.0,242610.0,65
91205520,791,日向長井,246090.0,246090.0,66
91205530,791,北延岡,250680.0,250680.0,67
91205540,791,延岡,255560.0,255560.0,68
91205550,791,南延岡,258980.0,258980.0,69
91205560,791,旭ヶ丘,262510.0,262510.0,70
91205570,791,土々呂,265110.0,265110.0,71
91205580,791,門川,269390.0,999999.0,114
91205590,791,日向市,276100.0,999999.0,115
91205600,791,南日向,282470.0,282470.0,73
91205610,791,美々津,289120.0,289120.0,74
91205620,791,東都農,293520.0,293520.0,75
91205630,791,都農,298120.0,298120.0,76
91205640,791,川南,304960.0,304960.0,77
91205650,791,高鍋,312960.0,312960.0,78
91205660,791,日向新富,319360.0,319360.0,79
91205680,791,川原木（信号場）,216940.0,216940.0,61
91205710,791,暘谷,107670.0,107670.0,33
91205720,791,別府大学,116390.0,116390.0,36
91205730,791,牧,135660.0,135660.0,41
91205750,791,財光寺,278320.0,278320.0,72
91205830,791,吉富,49310.0,49310.0,18
91301010,711,荒木,120270.0,120270.0,51
91301020,711,西牟田,123540.0,123540.0,52
91301030,711,羽犬塚,127600.0,127600.0,53
91301040,711,筑後船小屋,131230.0,130620.0,54
91301050,711,瀬高,133740.0,133740.0,55
91301060,711,南瀬高,136652.0,136650.0,56
91301070,711,渡瀬,140580.0,140580.0,57
91301080,711,銀水,145790.0,145790.0,59
91301090,711,大牟田,148970.0,148970.0,60
91301100,711,荒尾,153110.0,153110.0,61
91301110,711,南荒尾,156280.0,156280.0,62
91301120,711,長洲,160880.0,160880.0,63
91301130,711,大野下,165620.0,165620.0,64
91301140,711,玉名,170080.0,170080.0,65
91301150,711,肥後伊倉,174150.0,174150.0,66
91301160,711,木葉,178200.0,178200.0,67
91301170,711,田原坂,181660.0,181660.0,68
91301180,711,植木,186110.0,186110.0,69
91301190,711,西里,190108.0,190320.0,70
91301200,711,上熊本,194760.0,194760.0,72
91301210,711,熊本,198110.0,198110.0,73
91301210,786,熊本,0.0,0.0,1
91301220,711,川尻,203350.0,203350.0,75
91301230,711,宇土,209010.0,209010.0,77
91301230,737,宇土,0.0,0.0,1
91301240,711,松橋,213790.0,213790.0,78
91301250,711,小川,220020.0,220020.0,79
91301260,711,有佐,225000.0,225000.0,80
91301270,711,千丁,229050.0,229050.0,81
91301280,711,八代,233780.0,233780.0,83
91301280,741,八代,0.0,0.0,1
91301400,711,崇城大学前,193220.0,193220.0,71
91301410,711,吉野,143400.0,143400.0,58
91301430,711,新八代,230930.0,230930.0,82
91301470,711,富合,206780.0,206780.0,76
91301490,711,西熊本,201250.0,201250.0,74
91302010,741,段,5160.0,5160.0,2
91302020,741,坂本,10970.0,10970.0,3
91302030,741,葉木,14370.0,14350.0,4
91302040,741,鎌瀬,16770.0,16770.0,5
91302050,741,瀬戸石,19600.0,19600.0,6
91302060,741,海路,23480.0,23480.0,7
91302070,741,吉尾,26680.0,26680.0,8
91302080,741,白石,29840.0,29840.0,9
91302090,741,球泉洞,34890.0,34890.0,10
91302100,741,一勝地,39810.0,39810.0,11
91302110,741,那良口,42440.0,42440.0,12
91302120,741,渡,45270.0,45270.0,13
91302130,741,西人吉,48410.0,48410.0,14
91302140,741,人吉,51770.0,51770.0,15
91302150,741,大畑,62230.0,62230.0,16
91302160,741,矢岳,71730.0,71730.0,17
91302170,741,真幸,78560.0,78560.0,18
91304010,786,南熊本,3630.0,3630.0,3
91304020,786,水前寺,5830.0,5830.0,5
91304030,786,竜田口,8910.0,8910.0,7
91304040,786,三里木,15750.0,15750.0,10
91304050,786,原水,18940.0,18940.0,11
91304060,786,肥後大津,22550.0,22550.0,12
91304070,786,瀬田,27190.0,27190.0,13
91304080,786,立野,32250.0,32250.0,14
91304090,786,赤水,40170.0,40170.0,15
91304100,786,市ノ川,42600.0,42600.0,16
91304110,786,内牧,46370.0,46370.0,17
91304120,786,阿蘇,49870.0,49870.0,18
91304130,786,宮地,53410.0,53410.0,20
91304140,786,波野,64120.0,64120.0,21
91304150,786,滝水,68980.0,68980.0,22
91304160,786,武蔵塚,12900.0,12900.0,8
91304170,786,東海学園前,7840.0,7840.0,6
91304180,786,新水前寺,5249.0,5249.0,4
91304190,786,いこいの村,51220.0,51220.0,19
91304200,786,平成,2760.0,2760.0,2
91304210,786,光の森,14750.0,14750.0,9
91315010,737,緑川,3960.0,3960.0,2
91315020,737,住吉,7190.0,7190.0,3
91315030,737,肥後長浜,11360.0,11360.0,4
91315040,737,網田,14510.0,14510.0,5
91315050,737,赤瀬,18440.0,18440.0,6
91315060,737,波多浦,23460.0,23460.0,8
91315070,737,三角,25510.0,25510.0,9
91315080,737,石打ダム,19670.0,19670.0,7
91401140,711,川内,350670.0,350670.0,84
91401150,711,隈之城,353280.0,353280.0,85
91401160,711,木場茶屋,356430.0,356430.0,86
91401170,711,串木野,362680.0,362680.0,87
91401180,711,市来,367310.0,367310.0,88
91401190,711,湯之元,371063.0,371060.0,89
91401200,711,東市来,373640.0,373640.0,90
91401210,711,伊集院,379530.0,379530.0,91
91401220,711,薩摩松元,384750.0,384750.0,92
91401230,711,上伊集院,387180.0,387180.0,93
91401240,711,広木,392130.0,392130.0,94
91401250,711,鹿児島中央,396760.0,396760.0,95
91401250,747,鹿児島中央,0.0,0.0,1
91401260,711,鹿児島,400003.0,400000.0,96
91401260,791,鹿児島,462030.0,462030.0,113
91401280,711,神村学園前,364840.0,999999.0,97
91402010,741,吉松,85860.0,85860.0,19
91402010,825,吉松,61570.0,61560.0,17
91402020,741,栗野,93395.0,93400.0,20
91402030,741,大隅横川,99880.0,99880.0,21
91402040,741,植村,102760.0,102760.0,22
91402050,741,霧島温泉,105566.0,105590.0,23
91402060,741,嘉例川,111380.0,111380.0,24
91402070,741,中福良,113460.0,113460.0,25
91402080,741,表木山,115890.0,115890.0,26
91402090,741,日当山,120710.0,120710.0,27
91405010,791,佐土原,326100.0,326100.0,80
91405020,791,日向住吉,330300.0,330300.0,81
91405030,791,宮崎神宮,336840.0,336840.0,83
91405040,791,宮崎,339330.0,339330.0,84
91405050,791,南宮崎,341880.0,341880.0,85
91405050,823,南宮崎,0.0,0.0,1
91405060,791,清武,347160.0,347160.0,87
91405070,791,田野,357390.0,357390.0,89
91405080,791,青井岳,368650.0,368650.0,91
91405090,791,山之口,378520.0,378520.0,93
91405100,791,三股,385030.0,385030.0,95
91405110,791,都城,389342.0,389340.0,96
91405110,825,都城,0.0,0.0,1
91405120,791,西都城,391850.0,391850.0,97
91405130,791,五十市,394660.0,394660.0,98
91405140,791,財部,398850.0,398850.0,99
91405150,791,北俣,402490.0,402490.0,100
91405160,791,大隅大川原,407530.0,407530.0,101
91405170,791,北永野田,412890.0,412890.0,102
91405180,791,霧島神宮,418820.0,418820.0,103
91405190,791,国分,431540.0,431540.0,105
91405200,741,隼人,124200.0,124200.0,28
91405200,791,隼人,434120.0,434120.0,106
91405210,791,加治木,441010.0,441010.0,107
91405220,791,帖佐,445010.0,445010.0,109
91405230,791,重富,448170.0,448170.0,111
91405250,791,竜ヶ水,455130.0,455130.0,112
91405260,791,餅原,382080.0,382080.0,94
91405270,791,日向沓掛,352550.0,352550.0,88
91405280,791,門石（信号場）,363000.0,363000.0,90
91405290,791,楠ヶ丘（信号場）,374070.0,374070.0,92
91405300,791,南霧島（信号場）,423300.0,423300.0,104
91405310,791,錦江,442710.0,442710.0,108
91405320,791,蓮ヶ池,334080.0,334090.0,82
91405330,791,姶良,446600.0,446600.0,110
91405340,791,加納,344460.0,344460.0,86
91416010,747,南鹿児島,3480.0,3480.0,3
91416020,747,谷山,7430.0,7430.0,5
91416030,747,五位野,14130.0,14130.0,8
91416040,747,平川,17220.0,17220.0,9
91416050,747,瀬々串,20580.0,20580.0,10
91416060,747,中名,24010.0,24010.0,11
91416070,747,喜入,26610.0,26610.0,12
91416080,747,前之浜,30350.0,30350.0,13
91416090,747,生見,34970.0,34970.0,14
91416100,747,薩摩今和泉,37880.0,37880.0,15
91416110,747,宮ヶ浜,40650.0,40650.0,16
91416120,747,二月田,43430.0,43430.0,17
91416130,747,指宿,45710.0,45710.0,18
91416140,747,山川,50040.0,50040.0,19
91416150,747,大山,54220.0,54220.0,20
91416160,747,西大山,56650.0,56650.0,21
91416170,747,薩摩川尻,57820.0,57820.0,22
91416180,747,東開聞,59570.0,59570.0,23
91416190,747,開聞,60990.0,60990.0,24
91416200,747,入野,62790.0,62790.0,25
91416210,747,頴娃,66050.0,66050.0,26
91416220,747,西頴娃,67670.0,67670.0,27
91416230,747,御領,70350.0,70350.0,28
91416240,747,石垣,72760.0,72760.0,29
91416250,747,水成川,74200.0,74200.0,30
91416260,747,頴娃大川,76010.0,76010.0,31
91416270,747,松ヶ浦,78050.0,78050.0,32
91416280,747,薩摩塩屋,79870.0,79870.0,33
91416290,747,白沢,81880.0,81880.0,34
91416300,747,薩摩板敷,84420.0,84420.0,35
91416310,747,枕崎,87790.0,87790.0,36
91416320,747,坂之上,11250.0,11250.0,7
91416330,747,郡元,2240.0,2240.0,2
91416340,747,宇宿,4940.0,4940.0,4
91416350,747,慈眼寺,9190.0,9190.0,6
91418010,825,日向庄内,4070.0,4070.0,2
91418020,825,谷頭,7080.0,7080.0,3
91418030,825,万ヶ塚,10600.0,10600.0,4
91418040,825,高崎新田,17740.0,17740.0,6
91418050,825,日向前田,22200.0,22200.0,7
91418060,825,高原,26770.0,26770.0,8
91418070,825,小林,34750.0,34750.0,10
91418080,825,西小林,40920.0,40920.0,11
91418090,825,えびの飯野,46540.0,46540.0,12
91418100,825,えびの上江,48560.0,48560.0,13
91418110,825,えびの,51910.0,51910.0,14
91418120,825,京町温泉,56580.0,56580.0,15
91418130,825,鶴丸,58970.0,58960.0,16
91418140,825,広原,30733.0,30740.0,9
91418150,825,東高崎,13530.0,13530.0,5
91419090,823,志布志,88890.0,88890.0,28
91421010,823,田吉,2020.0,2020.0,2
91421010,824,田吉,0.0,0.0,1
91421020,823,南方,4230.0,4230.0,3
91421030,823,木花,7450.0,7450.0,4
91421040,823,曽山寺,10150.0,10150.0,6
91421050,823,子供の国,11390.0,11390.0,7
91421060,823,青島,12680.0,12680.0,8
91421070,823,内海,17450.0,17450.0,10
91421080,823,小内海,19781.0,19910.0,11
91421090,823,伊比井,23320.0,23320.0,12
91421100,823,北郷,32540.0,32540.0,13
91421110,823,内之田,37090.0,37090.0,14
91421120,823,飫肥,39780.0,39780.0,15
91421130,823,日南,43770.0,43770.0,16
91421140,823,油津,45990.0,45990.0,17
91421150,823,大堂津,50280.0,50280.0,18
91421160,823,南郷,52990.0,52990.0,19
91421170,823,谷之口,56110.0,56110.0,20
91421180,823,榎原,60460.0,60460.0,21
91421190,823,日向大束,68610.0,68610.0,22
91421200,823,日向北方,71830.0,71830.0,23
91421210,823,串間,74430.0,74430.0,24
91421220,823,福島今町,77190.0,77190.0,25
91421230,823,福島高松,79630.0,79630.0,26
91421240,823,大隅夏井,84470.0,84470.0,27
91421250,823,折生迫,13820.0,13820.0,9
91421260,823,運動公園,8925.0,8925.0,5
91422010,824,宮崎空港,3370.0,3370.0,2
99999999,291,下関,528690.0,999999.0,2
