beaconID,place,vehicle,updown,iconURL
3,唐津車両センター,W-2,ｸﾊ305-2,305.png
5,唐津車両センター,W-3,ｸﾊ305-3,305.png
7,唐津車両センター,W-4,ｸﾊ305-4,305.png
19,大分車両センター,ｷﾊ125-2,1E,125-Normal.png
20,大分車両センター,ｷﾊ125-2,2E,125-Normal.png
21,唐津車両センター,ｷﾊ125-3,1E,125-Normal.png
22,唐津車両センター,ｷﾊ125-3,2E,125-Normal.png
23,唐津車両センター,ｷﾊ125-4,1E,125-Normal.png
24,唐津車両センター,ｷﾊ125-4,2E,125-Normal.png
25,唐津車両センター,ｷﾊ125-5,1E,125-Normal.png
26,唐津車両センター,ｷﾊ125-5,2E,125-Normal.png
27,唐津車両センター,ｷﾊ125-6,1E,125-Normal.png
28,唐津車両センター,ｷﾊ125-6,2E,125-Normal.png
29,唐津車両センター,ｷﾊ125-7,1E,125-Normal.png
30,唐津車両センター,ｷﾊ125-7,2E,125-Normal.png
31,唐津車両センター,ｷﾊ125-8,1E,125-Normal.png
32,唐津車両センター,ｷﾊ125-8,2E,125-Normal.png
33,大分車両センター,ｷﾊ125-9,1E,125-Normal.png
34,大分車両センター,ｷﾊ125-9,2E,125-Normal.png
35,直方車両センター,RG-17,ｸﾊ813-117,813-Nogata.png
36,直方車両センター,RG-17,ｸﾓﾊ813-117,813-Nogata.png
37,直方車両センター,VG-2003,ｸﾊ816-2003,817-2000.3000.png
38,直方車両センター,VG-2003,ｸﾓﾊ817-2003,817-2000.3000.png
39,直方車両センター,VG-1603,ｸﾊ816-1603,817-Normal.png
40,直方車両センター,VG-1603,ｸﾓﾊ817-1603,817-Normal.png
41,直方車両センター,ZG-2,ｸﾓﾊ819-2,819.png
42,直方車両センター,ZG-2,ｸﾊ818-2,819.png
43,直方車両センター,VG-1604,ｸﾓﾊ817-1604,817-Normal.png
44,直方車両センター,VG-1604,ｸﾊ816-1604,817-Normal.png
45,鹿児島車両センター,VK-1509,ｸﾓﾊ817-1509,817-Normal.png
46,鹿児島車両センター,VK-1509,ｸﾊ816-1509,817-Normal.png
47,鹿児島車両センター,VK-1510,ｸﾓﾊ817-1510,817-Normal.png
48,鹿児島車両センター,VK-1510,ｸﾊ816-1510,817-Normal.png
49,直方車両センター,VG-2001,ｸﾓﾊ817-2001,817-2000.3000.png
50,直方車両センター,VG-2001,ｸﾊ816-2001,817-2000.3000.png
51,直方車両センター,VG-2004,ｸﾓﾊ817-2004,817-2000.3000.png
52,直方車両センター,VG-2004,ｸﾊ816-2004,817-2000.3000.png
53,直方車両センター,VG-1514,ｸﾓﾊ817-1514,817-Normal.png
54,直方車両センター,VG-1514,ｸﾊ816-1514,817-Normal.png
55,直方車両センター,ZG-3,ｸﾓﾊ819-3,819.png
56,直方車両センター,ZG-3,ｸﾊ818-3,819.png
57,直方車両センター,RG-1002,ｸﾊ813-1002,813-Nogata.png
59,直方車両センター,VG-2005,ｸﾓﾊ817-2005,817-2000.3000.png
60,直方車両センター,VG-2005,ｸﾊ816-2005,817-2000.3000.png
61,直方車両センター,VG-2002,ｸﾓﾊ817-2002,817-2000.3000.png
62,直方車両センター,VG-2002,ｸﾊ816-2002,817-2000.3000.png
63,直方車両センター,VG-2007,ｸﾓﾊ817-2007,817-2000.3000.png
64,直方車両センター,VG-2007,ｸﾊ816-2007,817-2000.3000.png
65,直方車両センター,VG-1513,ｸﾓﾊ817-1513,817-Normal.png
66,直方車両センター,VG-1513,ｸﾊ816-1513,817-Normal.png
73,鹿児島車両センター,VK-1008,ｸﾓﾊ817-1008,817-Normal.png
74,鹿児島車両センター,VK-1008,ｸﾊ816-1008,817-Normal.png
75,直方車両センター,VG-1602,ｸﾓﾊ817-1602,817-Normal.png
76,直方車両センター,VG-1602,ｸﾊ816-1602,817-Normal.png
79,直方車両センター,VG-2006,ｸﾊ816-2006,817-2000.3000.png
80,直方車両センター,VG-2006,ｸﾓﾊ817-2006,817-2000.3000.png
83,直方車両センター,VG-1601,ｸﾓﾊ817-1601,817-Normal.png
84,直方車両センター,VG-1601,ｸﾊ816-1601,817-Normal.png
85,直方車両センター,ZG-106,ｸﾓﾊ819-106,819.png
86,直方車両センター,ZG-106,ｸﾊ818-106,819.png
87,直方車両センター,VG-1511,ｸﾓﾊ817-1511,817-Normal.png
88,直方車両センター,VG-1511,ｸﾊ816-1511,817-Normal.png
89,直方車両センター,ZG-1,ｸﾓﾊ819-1,819.png
90,直方車両センター,ZG-1,ｸﾊ818-1,819.png
91,直方車両センター,ZG-5,ｸﾓﾊ819-5,819.png
92,直方車両センター,ZG-5,ｸﾊ818-5,819.png
93,直方車両センター,ZG-4,ｸﾓﾊ819-4,819.png
94,直方車両センター,ZG-4,ｸﾊ818-4,819.png
95,直方車両センター,RG-16,ｸﾊ813-116,813-Nogata.png
96,直方車両センター,RG-16,ｸﾓﾊ813-116,813-Nogata.png
97,直方車両センター,RG-228,ｸﾊ813-228,813-Nogata.png
98,直方車両センター,RG-228,ｸﾓﾊ813-228,813-Nogata.png
103,南福岡車両区,PM-7609,ｸﾓﾊ810-7609,811-New.png
104,南福岡車両区,PM-7609,ｸﾊ810-7609,811-New.png
105,南福岡車両区,BM-2,ｸﾓﾛ787-9,787-Normal.png
106,南福岡車両区,BM-2,ｸﾓﾊ786-9,787-Normal.png
107,大分車両センター,Fo-1514,ｸﾊ411-1514,415-1500.png
108,大分車両センター,Fo-1514,ｸﾊ411-1614,415-1500.png
109,南福岡車両区,RM-111,ｸﾊ813-111,813-Normal.png
110,南福岡車両区,RM-111,ｸﾓﾊ813-111,813-Normal.png
111,南福岡車両区,VM-3001,ｸﾊ816-3001,817-2000.3000.png
112,南福岡車両区,VM-3001,ｸﾊ817-3001,817-2000.3000.png
113,熊本車両センター,UT-3,ｸﾊ821-3,821.png
114,熊本車両センター,UT-3,ｸﾓﾊ821-3,821.png
115,南福岡車両区,PM-5,ｸﾊ810-5,811-Normal.png
116,南福岡車両区,PM-15,ｸﾊ810-15,811-Normal.png
117,南福岡車両区,PM-15,ｸﾓﾊ810-15,811-Normal.png
118,南福岡車両区,PM-5,ｸﾓﾊ810-5,811-Normal.png
119,南福岡車両区,BM-13,ｸﾓﾊ786-13,787-Normal.png
120,南福岡車両区,BM-13,ｸﾓﾛ787-13,787-Normal.png
121,南福岡車両区,BM-7,ｸﾓﾛ787-7,787-Normal.png
122,南福岡車両区,BM-7,ｸﾓﾊ786-7,787-Normal.png
125,南福岡車両区,BM-10,ｸﾓﾊ786-10,787-Normal.png
126,南福岡車両区,BM-10,ｸﾓﾛ787-10,787-Normal.png
127,南福岡車両区,BM-14,ｸﾓﾛ787-14,787-Normal.png
128,南福岡車両区,BM-14,ｸﾓﾊ786-14,787-Normal.png
129,南福岡車両区,SM-8,ｸﾓﾊ885-8,885-Sonic.png
131,南福岡車両区,RM-109,ｸﾓﾊ813-109,813-Normal.png
132,南福岡車両区,RM-109,ｸﾊ813-109,813-Normal.png
133,南福岡車両区,RM-2214,ｸﾓﾊ813-2214,813-Normal.png
134,南福岡車両区,RM-2214,ｸﾊ813-2214,813-Normal.png
135,南福岡車両区,PM-1511,ｸﾓﾊ810-1511,811-RedEye.png
136,南福岡車両区,PM-1511,ｸﾊ810-1511,811-RedEye.png
139,南福岡車両区,BM-1,ｸﾓﾛ787-1,787-Normal.png
140,南福岡車両区,BM-1,ｸﾓﾊ786-1,787-Normal.png
145,南福岡車両区,CM-11,ｸﾓﾊ783-6,783-Midori.png
146,南福岡車両区,SM-5,ｸﾓﾊ885-5,885-Sonic.png
147,南福岡車両区,SM-5,ｸﾛﾊ884-5,885-Sonic.png
150,南福岡車両区,RM-2216,ｸﾓﾊ813-2216,813-Normal.png
151,南福岡車両区,RM-2216,ｸﾊ813-2216,813-Normal.png
152,南福岡車両区,CM-13,ｸﾓﾊ783-9,783-Midori.png
155,南福岡車両区,RM-2224,ｸﾊ813-2224,813-Normal.png
159,南福岡車両区,VM-3010,ｸﾊ817-3010,817-2000.3000.png
160,南福岡車両区,VM-3010,ｸﾊ816-3010,817-2000.3000.png
162,大分車両センター,Fo-1510,ｸﾊ411-1610,415-1500.png
163,熊本車両センター,UT-1,ｸﾓﾊ821-1,821.png
164,熊本車両センター,UT-1,ｸﾊ821-1,821.png
165,熊本車両センター,UT-2,ｸﾓﾊ821-2,821.png
166,熊本車両センター,UT-2,ｸﾊ821-2,821.png
167,南福岡車両区,BM-8,ｸﾓﾛ787-8,787-Normal.png
168,南福岡車両区,BM-8,ｸﾓﾊ786-8,787-Normal.png
172,南福岡車両区,SM-1,ｸﾛﾊ884-1,885-Sonic.png
173,大分車両センター,Fo-1511,ｸﾊ411-1611,415-1500.png
174,大分車両センター,Fo-1511,ｸﾊ411-1511,415-1500.png
176,南福岡車両区,BM-4,ｸﾓﾛ787-4,787-Normal.png
177,南福岡車両区,VM-3008,ｸﾊ816-3008,817-2000.3000.png
178,南福岡車両区,VM-3008,ｸﾊ817-3008,817-2000.3000.png
182,南福岡車両区,BM-5,ｸﾓﾊ786-5,787-Normal.png
183,南福岡車両区,BM-5,ｸﾓﾛ787-5,787-Normal.png
184,南福岡車両区,PM-2108,ｸﾓﾊ810-2108,811-RedEye.png
185,南福岡車両区,PM-2108,ｸﾊ810-1608,811-RedEye.png
187,南福岡車両区,PM-2101,ｸﾊ810-1601,811-RedEye.png
188,南福岡車両区,RM-113,ｸﾊ813-113,813-Normal.png
189,南福岡車両区,RM-113,ｸﾓﾊ813-113,813-Normal.png
190,南福岡車両区,RM-5,ｸﾊ813-5,813-Normal.png
191,南福岡車両区,RM-5,ｸﾓﾊ813-5,813-Normal.png
192,南福岡車両区,RM-2301,ｸﾓﾊ813-2301,813-Normal.png
193,南福岡車両区,VM-3009,ｸﾊ816-3009,817-2000.3000.png
194,南福岡車両区,VM-3009,ｸﾊ817-3009,817-2000.3000.png
195,南福岡車両区,RM-2301,ｸﾊ813-2301,813-Normal.png
197,南福岡車両区,VM-3005,ｸﾊ817-3005,817-2000.3000.png
198,南福岡車両区,VM-3005,ｸﾊ816-3005,817-2000.3000.png
199,南福岡車両区,BM-12,ｸﾓﾛ787-12,787-Normal.png
200,南福岡車両区,BM-12,ｸﾓﾊ786-12,787-Normal.png
201,南福岡車両区,VM-3006,ｸﾊ817-3006,817-2000.3000.png
202,南福岡車両区,VM-3006,ｸﾊ816-3006,817-2000.3000.png
203,南福岡車両区,RM-2,ｸﾊ813-2,813-Normal.png
204,南福岡車両区,RM-2,ｸﾓﾊ813-2,813-Normal.png
205,南福岡車両区,RM-7,ｸﾊ813-7,813-Normal.png
206,南福岡車両区,RM-7,ｸﾓﾊ813-7,813-Normal.png
207,大分車両センター,Fo-1516,ｸﾊ411-1516,415-1500.png
208,大分車両センター,Fo-1516,ｸﾊ411-1616,415-1500.png
209,南福岡車両区,SM-6,ｸﾓﾊ885-6,885-Sonic.png
211,南福岡車両区,RM-3,ｸﾊ813-3,813-Normal.png
212,南福岡車両区,RM-3,ｸﾓﾊ813-3,813-Normal.png
215,南福岡車両区,RM-3113,ｸﾊ813-3113,813-1000.1100.png
216,南福岡車両区,RM-3113,ｸﾊ812-3113,813-1000.1100.png
217,大分車両センター,Fo-1518,ｸﾊ411-1518,415-1500.png
218,大分車両センター,Fo-1518,ｸﾊ411-1618,415-1500.png
219,南福岡車両区,RM-4,ｸﾓﾊ813-4,813-Normal.png
220,南福岡車両区,RM-4,ｸﾊ813-4,813-Normal.png
221,大分車両センター,Fo-1520,ｸﾊ411-1620,415-1500.png
222,大分車両センター,Fo-1520,ｸﾊ411-1520,415-1500.png
223,南福岡車両区,RM-2217,ｸﾊ813-2217,813-Normal.png
224,南福岡車両区,RM-2217,ｸﾓﾊ813-2217,813-Normal.png
225,南福岡車両区,RM-602,ｸﾊ813-602,813-Normal.png
226,南福岡車両区,RM-602,ｸﾓﾊ813-602,813-Normal.png
227,南福岡車両区,RM-2212,ｸﾓﾊ813-2212,813-Normal.png
228,南福岡車両区,RM-2212,ｸﾊ813-2212,813-Normal.png
229,南福岡車両区,RM-3427,ｸﾓﾊ813-3427,813-Normal.png
230,南福岡車両区,RM-3427,ｸﾊ813-3427,813-Normal.png
231,南福岡車両区,RM-3435,ｸﾓﾊ813-3435,813-Normal.png
232,南福岡車両区,RM-3435,ｸﾊ813-3435,813-Normal.png
235,南福岡車両区,PM-8105,ｸﾊ810-7605,811-New.png
237,南福岡車両区,PM-1,ｸﾊ810-1,811-Normal.png
239,南福岡車両区,PM-2110,ｸﾊ810-2110,811-RedEye.png
241,南福岡車両区,PM-2111,ｸﾊ810-2111,811-RedEye.png
244,南福岡車両区,RM-607,ｸﾊ813-607,813-Normal.png
245,南福岡車両区,RM-607,ｸﾓﾊ813-607,813-Normal.png
246,南福岡車両区,RM-9,ｸﾊ813-9,813-Normal.png
247,南福岡車両区,RM-9,ｸﾓﾊ813-9,813-Normal.png
248,南福岡車両区,PM-2013,ｸﾊ810-1513,811-RedEye.png
249,南福岡車両区,PM-2013,ｸﾓﾊ810-2013,811-RedEye.png
250,南福岡車両区,RM-2202,ｸﾊ813-2202,813-Normal.png
251,南福岡車両区,RM-2202,ｸﾓﾊ813-2202,813-Normal.png
252,南福岡車両区,RM-3408,ｸﾓﾊ813-3408,813-Normal.png
253,南福岡車両区,RM-3408,ｸﾊ813-3408,813-Normal.png
255,南福岡車両区,BM-11,ｸﾓﾛ787-11,787-Normal.png
256,大分車両センター,Fo-1512,ｸﾊ411-1612,415-1500.png
257,南福岡車両区,RM-3102,ｸﾊ812-3102,813-1000.1100.png
258,南福岡車両区,RM-3102,ｸﾊ813-3102,813-1000.1100.png
261,南福岡車両区,VM-3002,ｸﾊ816-3002,817-2000.3000.png
262,南福岡車両区,VM-3002,ｸﾊ817-3002,817-2000.3000.png
263,南福岡車両区,RM-3429,ｸﾓﾊ813-3429,813-Normal.png
264,南福岡車両区,RM-3429,ｸﾊ813-3429,813-Normal.png
265,南福岡車両区,RM-103,ｸﾓﾊ813-103,813-Normal.png
266,南福岡車両区,RM-103,ｸﾊ813-103,813-Normal.png
267,大分車両センター,Fo-1509,ｸﾊ411-1509,415-1500.png
268,大分車両センター,Fo-1509,ｸﾊ411-1609,415-1500.png
269,大分車両センター,Fo-1512,ｸﾊ411-1512,415-1500.png
270,南福岡車両区,PM-2107,ｸﾓﾊ810-2107,811-RedEye.png
271,南福岡車両区,PM-2107,ｸﾊ810-1607,811-RedEye.png
272,南福岡車両区,PM-2016,ｸﾓﾊ810-2016,811-RedEye.png
273,南福岡車両区,PM-2016,ｸﾊ810-1516,811-RedEye.png
274,南福岡車両区,CM-25,ｸﾛﾊ782-503,783-HTB.png
275,南福岡車両区,RM-6,ｸﾊ813-6,813-Normal.png
276,南福岡車両区,RM-6,ｸﾓﾊ813-6,813-Normal.png
277,大分車両センター,Fo-1519,ｸﾊ411-1519,415-1500.png
278,大分車両センター,Fo-1519,ｸﾊ411-1619,415-1500.png
279,南福岡車両区,VM-3004,ｸﾊ817-3004,817-2000.3000.png
280,南福岡車両区,VM-3004,ｸﾊ816-3004,817-2000.3000.png
281,熊本車両センター,UT-4,ｸﾓﾊ821-4,821.png
283,南福岡車両区,RM-106,ｸﾊ813-106,813-Normal.png
284,南福岡車両区,RM-106,ｸﾓﾊ813-106,813-Normal.png
287,南福岡車両区,RM-2234,ｸﾊ813-2234,813-Normal.png
289,南福岡車両区,RM-2225,ｸﾊ813-2225,813-Normal.png
290,南福岡車両区,RM-2225,ｸﾓﾊ813-2225,813-Normal.png
291,南福岡車両区,RM-3107,ｸﾊ813-3107,813-1000.1100.png
292,南福岡車両区,RM-3107,ｸﾊ812-3107,813-1000.1100.png
293,南福岡車両区,RM-604,ｸﾊ813-604,813-Normal.png
294,南福岡車両区,RM-604,ｸﾓﾊ813-604,813-Normal.png
295,南福岡車両区,RM-3418,ｸﾊ813-3418,813-Normal.png
296,南福岡車両区,RM-3418,ｸﾓﾊ813-3418,813-Normal.png
297,南福岡車両区,RM-2205,ｸﾊ813-2205,813-Normal.png
298,南福岡車両区,RM-2205,ｸﾓﾊ813-2205,813-Normal.png
299,南福岡車両区,RM-3112,ｸﾊ813-3112,813-1000.1100.png
300,南福岡車両区,RM-3112,ｸﾊ812-3112,813-1000.1100.png
301,南福岡車両区,PM-1504,ｸﾓﾊ810-1504,811-RedEye.png
302,南福岡車両区,PM-1504,ｸﾊ810-1504,811-RedEye.png
303,南福岡車両区,PM-2003,ｸﾓﾊ810-2003,811-RedEye.png
306,南福岡車両区,PM-7,ｸﾊ810-7,811-Normal.png
307,南福岡車両区,PM-6,ｸﾓﾊ810-6,811-Normal.png
308,南福岡車両区,PM-6,ｸﾊ810-6,811-Normal.png
309,南福岡車両区,PM-8,ｸﾓﾊ810-8,811-Normal.png
310,南福岡車両区,PM-8,ｸﾊ810-8,811-Normal.png
311,南福岡車両区,RM-3420,ｸﾊ813-3420,813-Normal.png
312,南福岡車両区,RM-3420,ｸﾓﾊ813-3420,813-Normal.png
313,南福岡車両区,RM-105,ｸﾊ813-105,813-Normal.png
314,南福岡車両区,RM-105,ｸﾓﾊ813-105,813-Normal.png
315,南福岡車両区,PM-2106,ｸﾓﾊ810-2106,811-Normal.png
316,南福岡車両区,PM-2106,ｸﾊ810-2106,811-Normal.png
317,南福岡車両区,PM-2102,ｸﾓﾊ810-2102,811-Normal.png
318,南福岡車両区,PM-2102,ｸﾊ810-1602,811-Normal.png
321,南福岡車両区,RM-107,ｸﾊ813-107,813-Normal.png
322,南福岡車両区,RM-107,ｸﾓﾊ813-107,813-Normal.png
323,南福岡車両区,RM-3103,ｸﾊ813-3103,813-1000.1100.png
324,南福岡車両区,RM-3103,ｸﾊ812-3103,813-1000.1100.png
325,南福岡車両区,RM-2222,ｸﾊ813-2222,813-Normal.png
326,南福岡車両区,RM-2222,ｸﾓﾊ813-2222,813-Normal.png
327,南福岡車両区,RM-2201,ｸﾓﾊ813-2201,813-Normal.png
328,南福岡車両区,RM-2201,ｸﾊ813-2201,813-Normal.png
329,南福岡車両区,RM-104,ｸﾊ813-104,813-Normal.png
331,南福岡車両区,RM-3108,ｸﾊ813-3108,813-1000.1100.png
332,南福岡車両区,RM-3108,ｸﾊ812-3108,813-1000.1100.png
334,南福岡車両区,SM-3,ｸﾓﾊ885-403,885-Sonic.png
335,南福岡車両区,VM-3007,ｸﾊ817-3007,817-2000.3000.png
336,南福岡車両区,VM-3007,ｸﾊ816-3007,817-2000.3000.png
337,南福岡車両区,RM-102,ｸﾊ813-102,813-Normal.png
338,南福岡車両区,RM-102,ｸﾓﾊ813-102,813-Normal.png
339,南福岡車両区,RM-605,ｸﾊ813-605,813-Normal.png
341,南福岡車両区,RM-2210,ｸﾊ813-2210,813-Normal.png
342,南福岡車両区,RM-2210,ｸﾓﾊ813-2210,813-Normal.png
343,南福岡車両区,PM-103,ｸﾓﾊ810-103,811-Normal.png
344,南福岡車両区,PM-103,ｸﾊ810-103,811-Normal.png
345,南福岡車両区,PM-2017,ｸﾓﾊ810-2017,811-RedEye.png
346,南福岡車両区,PM-2017,ｸﾊ810-1517,811-RedEye.png
348,南福岡車両区,PM-2009,ｸﾊ810-1509,811-RedEye.png
349,南福岡車両区,RM-2211,ｸﾊ813-2211,813-Normal.png
350,南福岡車両区,RM-2211,ｸﾓﾊ813-2211,813-Normal.png
352,南福岡車両区,BM-3,ｸﾓﾛ787-3,787-Normal.png
353,南福岡車両区,RM-1,ｸﾊ813-1,813-Normal.png
354,南福岡車両区,RM-1,ｸﾓﾊ813-1,813-Normal.png
355,南福岡車両区,RM-2302,ｸﾊ813-2302,813-Normal.png
356,南福岡車両区,RM-302,ｸﾓﾊ813-302,813-Normal.png
357,南福岡車両区,VM-3003,ｸﾊ817-3003,817-2000.3000.png
358,南福岡車両区,VM-3003,ｸﾊ816-3003,817-2000.3000.png
360,南福岡車両区,RM-3404,ｸﾓﾊ813-3404,813-Normal.png
361,大分車両センター,Fo-1515,ｸﾊ411-1515,415-1500.png
362,大分車両センター,Fo-1515,ｸﾊ411-1615,415-1500.png
363,南福岡車両区,RM-606,ｸﾊ813-606,813-Normal.png
364,南福岡車両区,RM-606,ｸﾓﾊ813-606,813-Normal.png
365,南福岡車両区,RM-3114,ｸﾊ813-3114,813-1000.1100.png
366,南福岡車両区,RM-3114,ｸﾊ812-3114,813-1000.1100.png
368,南福岡車両区,RM-3503,ｸﾊ813-3503,813-Normal.png
369,南福岡車両区,RM-3503,ｸﾓﾊ813-3503,813-Normal.png
370,南福岡車両区,RM-112,ｸﾊ813-112,813-Normal.png
371,南福岡車両区,RM-112,ｸﾓﾊ813-112,813-Normal.png
372,南福岡車両区,RM-110,ｸﾊ813-110,813-Normal.png
373,南福岡車両区,RM-110,ｸﾓﾊ813-110,813-Normal.png
375,南福岡車両区,PM-104,ｸﾊ810-104,811-Normal.png
376,南福岡車両区,RM-608,ｸﾊ813-608,813-Normal.png
379,南福岡車両区,RM-2215,ｸﾓﾊ813-2215,813-Normal.png
381,南福岡車両区,VM-3011,ｸﾊ816-3011,817-2000.3000.png
382,南福岡車両区,RM-3115,ｸﾊ813-3115,813-1000.1100.png
383,南福岡車両区,RM-3115,ｸﾊ812-3115,813-1000.1100.png
384,南福岡車両区,RM-3101,ｸﾊ813-3101,813-1000.1100.png
385,南福岡車両区,RM-3101,ｸﾊ812-3101,813-1000.1100.png
387,南福岡車両区,SM-4,ｸﾛﾊ884-4,885-Sonic.png
388,南福岡車両区,RM-2207,ｸﾊ813-2207,813-Normal.png
389,南福岡車両区,RM-2207,ｸﾓﾊ813-2207,813-Normal.png
391,南福岡車両区,RM-603,ｸﾓﾊ813-603,813-Normal.png
392,南福岡車両区,RM-3430,ｸﾊ813-3430,813-Normal.png
394,大分車両センター,Fo-1513,ｸﾊ411-1513,415-1500.png
395,大分車両センター,Fo-1513,ｸﾊ411-1613,415-1500.png
396,南福岡車両区,RM-3109,ｸﾊ813-3109,813-1000.1100.png
397,南福岡車両区,RM-3109,ｸﾊ812-3109,813-1000.1100.png
398,大分車両センター,Fo-1517,ｸﾊ411-1517,415-1500.png
399,大分車両センター,Fo-1517,ｸﾊ411-1617,415-1500.png
400,南福岡車両区,CM-14,ｸﾓﾊ783-12,783-Midori.png
401,南福岡車両区,CM-12,ｸﾓﾊ783-8,783-Midori.png
402,南福岡車両区,RM-3110,ｸﾊ813-3110,813-1000.1100.png
403,南福岡車両区,RM-3110,ｸﾊ812-3110,813-1000.1100.png
405,南福岡車両区,RM-3111,ｸﾊ813-3111,813-1000.1100.png
406,南福岡車両区,RM-3111,ｸﾊ812-3111,813-1000.1100.png
407,竹下車両派出,ZG-5307,ｸﾊ818-5307,819.png
409,竹下車両派出,ZG-5306,ｸﾓﾊ819-5306,819.png
410,竹下車両派出,ZG-5306,ｸﾊ818-5306,819.png
411,竹下車両派出,ZG-5308,ｸﾊ818-5308,819.png
412,竹下車両派出,ZG-5308,ｸﾓﾊ819-5308,819.png
413,直方車両センター,ZG-107,ｸﾓﾊ819-107,819.png
415,直方車両センター,ZG-107,ｸﾊ818-107,819.png
418,竹下車両派出,ZG-5310,ｸﾓﾊ819-5310,819.png
419,竹下車両派出,ZG-5307,ｸﾓﾊ819-5307,819.png
420,竹下車両派出,ZG-5310,ｸﾊ818-5310,819.png
421,竹下車両派出,ZG-5302,ｸﾊ818-5302,819.png
422,竹下車両派出,ZG-5302,ｸﾓﾊ819-5302,819.png
423,竹下車両派出,ZG-5303,ｸﾓﾊ819-5303,819.png
424,竹下車両派出,ZG-5303,ｸﾊ818-5303,819.png
425,竹下車両派出,ZG-5305,ｸﾊ818-5305,819.png
426,竹下車両派出,ZG-5305,ｸﾓﾊ819-5305,819.png
427,竹下車両派出,ZG-5311,ｸﾊ818-5311,819.png
428,竹下車両派出,ZG-5311,ｸﾓﾊ819-5311,819.png
429,竹下車両派出,ZG-5304,ｸﾊ818-5304,819.png
430,竹下車両派出,ZG-5304,ｸﾓﾊ819-5304,819.png
431,竹下車両派出,ZG-5301,ｸﾓﾊ819-5301,819.png
432,竹下車両派出,ZG-5301,ｸﾊ818-5301,819.png
435,大分車両センター,ｷﾊ220-1101,2Ｅ,200-Red.png
436,鹿児島車両センター,ｷﾊ200-1556,ｷﾊ200-1556,200-Yellow.png
437,佐世保車両センター,YC1-1001,YC1-1001,YC1.png
438,佐世保車両センター,YC1-1,YC1-1,YC1.png
439,鹿児島車両センター,ｷﾊ200-556,ｷﾊ200-556,200-Yellow.png
440,大分車両センター,ｷﾊ200-12,ｷﾊ200-12,200-Red.png
441,大分車両センター,ｷﾊ200-1012,ｷﾊ200-1012,200-Red.png
442,熊本車両センター,ｷﾊ220-207,1Ｅ,220-Red.png
443,熊本車両センター,ｷﾊ220-207,2Ｅ,220-Red.png
444,大分車両センター,ｷﾊ220-1101,1Ｅ,200-Red.png
445,熊本車両センター,ｷﾊ220-208,1Ｅ,220-Red.png
446,熊本車両センター,ｷﾊ220-208,2Ｅ,220-Red.png
447,熊本車両センター,ｷﾊ220-209,1Ｅ,220-Red.png
448,熊本車両センター,ｷﾊ220-209,2Ｅ,220-Red.png
449,佐世保車両センター,VN-31,ｸﾊ816-31,817-Normal.png
451,熊本車両センター,ｷﾊ200-1014,ｷﾊ200-1014,220-Red.png
452,熊本車両センター,ｷﾊ200-14,ｷﾊ200-14,220-Red.png
453,佐世保車両センター,YC1-101,YC1-101,YC1.png
454,佐世保車両センター,YC1-1101,YC1-1101,YC1.png
455,鹿児島車両センター,VK-529,ｸﾊ816-529,817-Normal.png
457,鹿児島車両センター,VK-27,ｸﾊ816-27,817-Normal.png
458,鹿児島車両センター,VK-27,ｸﾓﾊ817-27,817-Normal.png
459,鹿児島車両センター,Vk-25,ｸﾓﾊ817-25,817-Normal.png
460,鹿児島車両センター,Vk-25,ｸﾊ816-25,817-Normal.png
461,熊本車両センター,VT-520,ｸﾓﾊ817-520,817-Normal.png
462,熊本車両センター,VT-520,ｸﾊ816-520,817-Normal.png
463,佐世保車両センター,YC1-1202,YC1-1202,YC1.png
464,佐世保車両センター,YC1-1201,YC1-1201,YC1.png
465,佐世保車両センター,YC1-201,YC1-201,YC1.png
466,佐世保車両センター,YC1-202,YC1-202,YC1.png
467,佐世保車両センター,VN-26,ｸﾊ816-26,817-Normal.png
468,佐世保車両センター,VN-28,ｸﾊ816-28,817-Normal.png
469,佐世保車両センター,VN-28,ｸﾓﾊ817-28,817-Normal.png
470,鹿児島車両センター,VK-523,ｸﾓﾊ817-523,817-Normal.png
472,鹿児島車両センター,ｷﾊ200-1565,ｷﾊ200-1565,200-Yellow.png
473,鹿児島車両センター,ｷﾊ200-565,ｷﾊ200-565,200-Yellow.png
474,佐世保車両センター,ｷﾛｼ47-3505,ｷﾛｼ47-3505,147-Aruressha.png
475,佐世保車両センター,ｷﾛｼ47-9176,ｷﾛｼ47-9176,147-Aruressha.png
476,佐世保車両センター,VN-26,ｸﾓﾊ817-26,817-Normal.png
479,佐世保車両センター,VN-30,ｸﾓﾊ817-30,817-Normal.png
480,佐世保車両センター,VN-30,ｸﾊ816-30,817-Normal.png
481,南福岡車両区,VN-22,ｸﾊ816-22,817-Normal.png
482,佐世保車両センター,VN-24,ｸﾊ816-24,817-Normal.png
483,大分車両センター,No-17,ｸﾓﾊ815-17,815.png
486,大分車両センター,No-17,ｸﾊ814-17,815.png
487,大分車両センター,ｷﾊ125-12,2E（日豊下り）,125-Normal.png
488,大分車両センター,ｷﾊ125-12,1E（日豊上り）,125-Normal.png
490,佐世保車両センター,VN-24,ｸﾓﾊ817-24,817-Normal.png
491,南福岡車両区,VN-22,ｸﾓﾊ817-22,817-Normal.png
492,大分車両センター,ｷﾊ185-2,ｷﾊ185-2,185-Normal.png
493,大分車両センター,Ao-1,ｸﾛﾊ882-1,883.png
494,大分車両センター,Ao-1,ｸﾓﾊ883-1,883.png
495,佐世保車両センター,YC1-217,YC1-217,YC1.png
496,佐世保車両センター,YC1-220,YC1-220,YC1.png
497,佐世保車両センター,YC1-1221,YC1-1221,YC1.png
498,佐世保車両センター,YC1-221,YC1-221,YC1.png
499,佐世保車両センター,YC1-1219,YC1-1219,YC1.png
502,佐世保車両センター,YC1-219,YC1-219,YC1.png
503,佐世保車両センター,YC1-1220,YC1-1220,YC1.png
506,佐世保車両センター,YC1-1106,YC1-1106,YC1.png
507,大分車両センター,ｷﾊ200-1551,ｷﾊ200-1551,200-Red.png
508,大分車両センター,ｷﾊ125-10,2E（日豊下り）,125-Normal.png
509,大分車両センター,No-19,ｸﾓﾊ815-19,815.png
510,大分車両センター,ｷﾊ125-10,1E（日豊上り）,125-Normal.png
511,大分車両センター,No-22,ｸﾊ814-22,815.png
512,大分車両センター,ｷﾊ125-113,2E（日豊下り）,125-Normal.png
514,大分車両センター,ｷﾊ125-113,1E（日豊上り）,125-Normal.png
516,大分車両センター,No-22,ｸﾓﾊ815-22,815.png
519,大分車両センター,ｷﾊ125-1,2E（日豊下り）,125-Normal.png
520,大分車両センター,No-16,ｸﾓﾊ815-16,815.png
521,大分車両センター,No-16,ｸﾊ814-16,815.png
522,大分車両センター,ｷﾊ125-1,1E（日豊上り）,125-Normal.png
523,大分車両センター,ｷﾊ125-114,2E（日豊下り）,125-Normal.png
524,大分車両センター,ｷﾊ125-25,2E(日豊下り）,125-Normal.png
525,大分車両センター,ｷﾊ125-114,1E（日豊上り）,125-Normal.png
526,大分車両センター,ｷﾊ200-1104,ｷﾊ200-1104,200-Red.png
527,大分車両センター,ｷﾊ200-104,ｷﾊ200-104,200-Red.png
528,大分車両センター,ｷﾊ125-25,1E（日豊上り）,125-Normal.png
531,大分車両センター,No-26,ｸﾓﾊ815-26,815.png
532,大分車両センター,No-26,ｸﾊ814-26,815.png
534,大分車両センター,ｷﾊ125-17,2E（日豊下り）,125-Normal.png
536,大分車両センター,ｷﾊ125-15,2E（日豊下り）,125-Normal.png
537,大分車両センター,ｷﾊ200-554,ｷﾊ200-554,200-Red.png
538,大分車両センター,ｷﾊ125-17,1E（日豊上り）,125-Normal.png
539,大分車両センター,ｷﾊ125-15,1E（日豊上り）,125-Normal.png
540,大分車両センター,ｷﾊ200-1554,ｷﾊ200-1554,200-Red.png
541,大分車両センター,ｷﾊ220-210,1E（日豊下り）,220-200-Red.png
542,大分車両センター,ｷﾊ220-210,2E（日豊上り）,220-200-Red.png
543,大分車両センター,ｷﾊ125-21,2E（日豊下り）,125-Normal.png
545,大分車両センター,ｷﾊ220-211,2E(日豊上り）,220-200-Red.png
546,佐世保車両センター,ｷﾊ47-3510,ｷﾊ47-3510,40-Normal.png
547,大分車両センター,ｷﾊ220-211,1E（日豊下り）,220-200-Red.png
548,大分車両センター,ｷﾊ125-21,1E(日豊上り）,125-Normal.png
549,大分車両センター,ｷﾊ125-18,1E(日豊上り）,125-Normal.png
550,大分車両センター,ｷﾊ125-18,2E（日豊下り）,125-Normal.png
551,大分車両センター,ｷﾊ185-1008,ｷﾊ185-1008,185-Normal.png
552,大分車両センター,ｷﾊ185-5,ｷﾊ185-5,185-Normal.png
553,大分車両センター,ｷﾊ125-19,1E（日豊上り）,125-Normal.png
554,大分車両センター,ｷﾊ125-19,2E（日豊下り）,125-Normal.png
555,大分車両センター,ｷﾊ220-1503,1E（日豊下り）,220-200-Red.png
556,大分車両センター,ｷﾊ125-122,1E（日豊上り）,125-Normal.png
557,大分車両センター,ｷﾊ125-122,2E（日豊下り）,125-Normal.png
558,大分車両センター,ｷﾊ220-1503,2E（日豊上り）,200-Red.png
559,大分車両センター,ｷﾊ185-15,ｷﾊ185-15,185-Normal.png
560,南福岡車両区,RM-3104,ｸﾊ812-3104,813-1000.1100.png
561,大分車両センター,ｷﾊ185-16,ｷﾊ185-16,185-Normal.png
562,大分車両センター,ｷﾊ220-201,2E（日豊上り）,220-200-Red.png
563,大分車両センター,ｷﾊ220-201,1E（日豊下り）,220-200-Red.png
564,大分車両センター,ｷﾊ200-551,ｷﾊ200-551,200-Red.png
567,大分車両センター,No-18,ｸﾊ814-18,815.png
568,大分車両センター,No-18,ｸﾓﾊ815-18,815.png
569,大分車両センター,Ao-4,ｸﾛﾊ882-4,883.png
571,大分車両センター,ｷﾊ125-16,1E（日豊上り）,125-Normal.png
572,大分車両センター,ｷﾊ125-16,2E（日豊下り）,125-Normal.png
574,熊本車両センター,NT-23,ｸﾊ814-23,815.png
576,熊本車両センター,NT-23,ｸﾓﾊ815-23,815.png
577,大分車両センター,No-19,ｸﾊ814-19,815.png
580,大分車両センター,ｷﾊ220-205,1E（日豊下り）,220-200-Red.png
581,大分車両センター,ｷﾊ220-205,2E（日豊上り）,220-200-Red.png
582,大分車両センター,ｷﾊ220-1502,1E（日豊下り）,200-Red.png
583,大分車両センター,ｷﾊ220-1502,2E（日豊上り）,200-Red.png
584,大分車両センター,ｷﾊ200-1103,ｷﾊ200-1103,200-Red.png
585,大分車両センター,ｷﾊ200-103,ｷﾊ200-103,200-Red.png
586,佐世保車両センター,ｷﾊ47-4509,ｷﾊ47-4509,40-Normal.png
587,大分車両センター,No-27,ｸﾊ814-27,815.png
588,大分車両センター,No-27,ｸﾓﾊ815-27,815.png
589,大分車両センター,ｷﾊ185-3,ｷﾊ185-3,185-Normal.png
590,大分車両センター,ｷﾊ220-204,1E（日豊下り）,220-200-Red.png
591,大分車両センター,ｷﾊ200-5011,ｷﾊ200-5011,200-Red.png
592,大分車両センター,ｷﾊ125-20,1E（日豊上り）,125-Normal.png
593,大分車両センター,ｷﾊ125-20,2E（日豊下り）,125-Normal.png
594,大分車両センター,ｷﾊ200-11,ｷﾊ200-11,200-Red.png
595,大分車両センター,ｷﾊ185-10,ｷﾊ185-10,185-Normal.png
596,佐世保車両センター,ｷﾊ47-8158,ｷﾊ47-8158,40-Normal.png
597,大分車両センター,ｷﾊ125-111,1E（日豊上り）,125-Normal.png
598,大分車両センター,ｷﾊ185-7,ｷﾊ185-7,185-Normal.png
599,大分車両センター,ｷﾊ125-111,2E（日豊下り）,125-Normal.png
600,大分車両センター,ｷﾊ220-204,2E（日豊上り）,220-200-Red.png
601,大分車両センター,ｷﾊ200-3,ｷﾊ200-3,220-200-Red.png
602,大分車両センター,ｷﾊ200-1003,ｷﾊ200-1003,200-Red.png
603,大分車両センター,Ao-2,ｸﾓﾊ883-2,883.png
605,大分車両センター,ｷﾊ200-1105,ｷﾊ200-1105,200-Red.png
606,大分車両センター,ｷﾊ200-105,ｷﾊ200-105,200-Red.png
607,大分車両センター,ｷﾊ185-1,ｷﾊ185-1,185-Normal.png
608,大分車両センター,ｷﾊ185-6,ｷﾊ185-6,185-Normal.png
609,大分車両センター,No-24,ｸﾓﾊ815-24,815.png
610,大分車両センター,ｷﾊ200-1005,ｷﾊ200-1005,200-Red.png
611,大分車両センター,No-24,ｸﾊ814-24,815.png
612,大分車両センター,ｷﾊ200-5,ｷﾊ200-5,200-Red.png
613,大分車両センター,ｷﾊ125-24,1E(日豊上り）,125-Normal.png
614,大分車両センター,ｷﾊ125-24,2E（日豊下り）,125-Normal.png
615,大分車両センター,Ao-16,ｸﾓﾊ883-6,883.png
618,大分車両センター,ｷﾊ220-202,1E（日豊下り）,220-200-Red.png
619,大分車両センター,ｷﾊ220-202,2E（日豊上り）,220-200-Red.png
623,大分車両センター,No-20,ｸﾊ814-20,815.png
624,大分車両センター,No-20,ｸﾓﾊ815-20,815.png
625,大分車両センター,No-25,ｸﾊ814-25,815.png
626,大分車両センター,No-25,ｸﾓﾊ815-25,815.png
627,大分車両センター,Ao-3,ｸﾛﾊ882-3,883.png
629,大分車両センター,Ao-3,ｸﾓﾊ883-3,883.png
632,大分車両センター,Fo-1521,ｸﾊ411-1521,415-1500.png
633,大分車両センター,Fo-1521,ｸﾊ411-1621,415-1500.png
634,大分車両センター,No-21,ｸﾓﾊ815-21,815.png
636,大分車両センター,No-21,ｸﾊ814-21,815.png
637,大分車両センター,ｷﾊ185-8,ｷﾊ185-8,185-Normal.png
638,大分車両センター,ｷﾊ185-1001,ｷﾊ185-1001,185-Normal.png
639,大分車両センター,ｷﾊ220-1504,1E（日豊下り）,200-Red.png
640,大分車両センター,ｷﾊ220-1501,1E（日豊下り）,200-Red.png
641,大分車両センター,ｷﾊ220-1504,2E（日豊上り）,200-Red.png
642,大分車両センター,ｷﾊ220-1501,2E（日豊上り）,200-Red.png
643,大分車両センター,ｷﾊ200-552,ｷﾊ200-552,200-Red.png
644,大分車両センター,ｷﾊ200-1552,ｷﾊ200-1552,200-Red.png
645,大分車両センター,ｷﾊ220-212,2E（日豊上り）,220-200-Red.png
646,大分車両センター,ｷﾊ185-1011,ｷﾊ185-1011,185-Normal.png
647,大分車両センター,ｷﾊ185-1004,ｷﾊ185-1004,185-Normal.png
648,大分車両センター,ｷﾊ220-212,1E（日豊下り）,220-200-Red.png
649,大分車両センター,ｷﾊ220-203,2E（日豊上り）,220-200-Red.png
650,大分車両センター,ｷﾊ220-203,1E（日豊下り）,220-200-Red.png
652,熊本車両センター,ｷﾊ220-206,2E（日豊下り）,220-Red.png
653,熊本車両センター,ｷﾊ220-206,1E（日豊上り）,220-Red.png
655,熊本車両センター,NT-1,ｸﾓﾊ815-1,815.png
656,熊本車両センター,NT-1,ｸﾊ814-1,815.png
657,熊本車両センター,NT-2,ｸﾓﾊ815-2,815.png
658,熊本車両センター,NT-2,ｸﾊ814-2,815.png
659,熊本車両センター,NT-3,ｸﾓﾊ815-3,815.png
660,熊本車両センター,NT-3,ｸﾊ814-3,815.png
661,熊本車両センター,NT-4,ｸﾓﾊ815-4,815.png
662,熊本車両センター,NT-4,ｸﾊ814-4,815.png
663,熊本車両センター,NT-5,ｸﾓﾊ815-5,815.png
664,熊本車両センター,NT-5,ｸﾊ814-5,815.png
665,熊本車両センター,NT-6,ｸﾓﾊ815-6,815.png
666,熊本車両センター,NT-6,ｸﾊ814-6,815.png
667,熊本車両センター,NT-7,ｸﾓﾊ815-7,815.png
668,熊本車両センター,NT-7,ｸﾊ814-7,815.png
669,熊本車両センター,NT-8,ｸﾓﾊ815-8,815.png
670,熊本車両センター,NT-8,ｸﾊ814-8,815.png
671,熊本車両センター,NT-9,ｸﾓﾊ815-9,815.png
672,熊本車両センター,NT-9,ｸﾊ814-9,815.png
673,熊本車両センター,NT-10,ｸﾓﾊ815-10,815.png
674,熊本車両センター,NT-10,ｸﾊ814-10,815.png
675,熊本車両センター,NT-11,ｸﾓﾊ815-11,815.png
677,熊本車両センター,NT-12,ｸﾓﾊ815-12,815.png
678,熊本車両センター,NT-12,ｸﾊ814-12,815.png
679,熊本車両センター,NT-13,ｸﾓﾊ815-13,815.png
680,熊本車両センター,NT-13,ｸﾊ814-13,815.png
681,熊本車両センター,NT-14,ｸﾓﾊ815-14,815.png
682,熊本車両センター,NT-14,ｸﾊ814-14,815.png
683,熊本車両センター,VT-501,ｸﾓﾊ817-501,817-Normal.png
684,熊本車両センター,VT-501,ｸﾊ816-501,817-Normal.png
685,熊本車両センター,VT-512,ｸﾓﾊ817-512,817-Normal.png
686,熊本車両センター,VT-512,ｸﾊ816-512,817-Normal.png
687,鹿児島車両センター,VK-513,ｸﾓﾊ817-513,817-Normal.png
688,鹿児島車両センター,VK-513,ｸﾊ816-513,817-Normal.png
689,鹿児島車両センター,VK-515,ｸﾓﾊ817-515,817-Normal.png
690,鹿児島車両センター,VK-515,ｸﾊ816-515,817-Normal.png
691,熊本車両センター,VT-516,ｸﾓﾊ817-516,817-Normal.png
692,熊本車両センター,VT-516,ｸﾊ816-516,817-Normal.png
693,鹿児島車両センター,VK-517,ｸﾓﾊ817-517,817-Normal.png
694,鹿児島車両センター,VK-517,ｸﾊ816-517,817-Normal.png
695,鹿児島車両センター,VK-521,ｸﾓﾊ817-521,817-Normal.png
696,鹿児島車両センター,VK-521,ｸﾊ816-521,817-Normal.png
697,鹿児島車両センター,VK-1505,ｸﾓﾊ817-1505,817-Normal.png
698,鹿児島車両センター,VK-1505,ｸﾊ816-1505,817-Normal.png
699,鹿児島車両センター,VK-1506,ｸﾓﾊ817-1506,817-Normal.png
700,鹿児島車両センター,VK-1506,ｸﾊ816-1506,817-Normal.png
701,熊本車両センター,VT-1507,ｸﾓﾊ817-1507,817-Normal.png
702,熊本車両センター,VT-1507,ｸﾊ816-1507,817-Normal.png
703,鹿児島車両センター,VK-1512,ｸﾓﾊ817-1512,817-Normal.png
704,鹿児島車両センター,VK-1512,ｸﾊ816-1512,817-Normal.png
705,熊本車両センター,BE220-1,1E,BE200.png
706,熊本車両センター,BE220-1,2E,BE200.png
707,熊本車両センター,ｷﾊ200-1101,ｷﾊ200-1101,220-Red.png
708,熊本車両センター,ｷﾊ200-101,ｷﾊ200-101,220-Red.png
709,熊本車両センター,ｷﾊ200-1102,ｷﾊ200-1102,220-Red.png
710,熊本車両センター,ｷﾊ200-102,ｷﾊ200-102,220-Red.png
713,熊本車両センター,ｷﾊ47-8159,ｷﾊ47-8159,147-hayato.png
714,熊本車両センター,ｷﾊ47-9082,ｷﾊ47-9082,147-hayato.png
715,熊本車両センター,ｷﾊ47-9051,ｷﾊ47-9051,147-kawayama.png
716,熊本車両センター,ｷﾊ47-8087,ｷﾊ47-8087,147-kawayama.png
719,鹿児島車両センター,VK-11,ｸﾓﾊ817-11,817-Normal.png
720,鹿児島車両センター,VK-11,ｸﾊ816-11,817-Normal.png
722,鹿児島車両センター,ｷﾊ200-1503,ｷﾊ200-1503,200-Yellow.png
723,鹿児島車両センター,ｷﾊ200-503,ｷﾊ200-503,200-Yellow.png
726,鹿児島車両センター,VK-14,ｸﾓﾊ817-14,817-Normal.png
727,鹿児島車両センター,VK-14,ｸﾊ816-14,817-Normal.png
730,熊本車両センター,ｷﾊ200-5007,ｷﾊ200-5007,220-Red.png
731,熊本車両センター,ｷﾊ200-7,ｷﾊ200-7,220-Red.png
732,鹿児島車両センター,ｷﾊ200-1501,ｷﾊ200-1501,200-Yellow.png
733,鹿児島車両センター,ｷﾊ200-501,ｷﾊ200-501,200-Yellow.png
734,鹿児島車両センター,VK-1004,ｸﾓﾊ817-1004,817-Normal.png
735,鹿児島車両センター,VK-1004,ｸﾊ816-1004,817-Normal.png
736,鹿児島車両センター,VK-1003,ｸﾓﾊ817-1003,817-Normal.png
737,鹿児島車両センター,VK-1003,ｸﾊ816-1003,817-Normal.png
744,鹿児島車両センター,VK-1502,ｸﾓﾊ817-1502,817-Normal.png
745,鹿児島車両センター,VK-1502,ｸﾊ816-1502,817-Normal.png
746,南福岡車両区,ｷﾊ47-9049,ｷﾊ47-9049,40-Normal.png
747,鹿児島車両センター,VK-19,ｸﾓﾊ817-19,817-Normal.png
748,鹿児島車両センター,VK-19,ｸﾊ816-19,817-Normal.png
749,鹿児島車両センター,ｷﾊ200-1559,ｷﾊ200-1559,200-Yellow.png
750,鹿児島車両センター,ｷﾊ200-559,ｷﾊ200-559,200-Yellow.png
751,鹿児島車両センター,VK-7,ｸﾓﾊ817-7,817-Normal.png
752,鹿児島車両センター,VK-7,ｸﾊ816-7,817-Normal.png
753,鹿児島車両センター,ｷﾊ200-8,ｷﾊ200-8,200-Yellow.png
754,鹿児島車両センター,ｷﾊ200-1008,ｷﾊ200-1008,200-Yellow.png
755,鹿児島車両センター,VK-3,ｸﾓﾊ817-3,817-Normal.png
756,鹿児島車両センター,VK-3,ｸﾊ816-3,817-Normal.png
757,鹿児島車両センター,VK-506,ｸﾓﾊ817-506,817-Normal.png
758,鹿児島車両センター,VK-506,ｸﾊ816-506,817-Normal.png
759,佐世保車両センター,ｷﾊ47-4047,ｷﾊ47-4047,4047.png
760,佐世保車両センター,ｷﾊ147-4047,ｷﾊ147-4047,4047.png
763,鹿児島車両センター,VK-10,ｸﾓﾊ817-10,817-Normal.png
764,鹿児島車両センター,VK-10,ｸﾊ816-10,817-Normal.png
765,鹿児島車両センター,ｷﾊ47-9079,ｷﾊ47-9079,147-Ibutama.png
766,鹿児島車両センター,ｷﾊ47-8060,ｷﾊ47-8060,147-Ibutama.png
767,鹿児島車両センター,ｷﾊ140-2066,1E,40-Normal.png
768,鹿児島車両センター,ｷﾊ140-2066,2E,40-Normal.png
769,鹿児島車両センター,VK-2,ｸﾓﾊ817-2,817-Normal.png
770,鹿児島車両センター,VK-2,ｸﾊ816-2,817-Normal.png
771,鹿児島車両センター,ｷﾊ200-1560,ｷﾊ200-1560,200-Yellow.png
772,鹿児島車両センター,ｷﾊ200-560,ｷﾊ200-560,200-Yellow.png
773,鹿児島車両センター,ｷﾊ200-1502,ｷﾊ200-1502,200-Yellow.png
774,鹿児島車両センター,ｷﾊ200-502,ｷﾊ200-502,200-Yellow.png
775,鹿児島車両センター,VK-8,ｸﾓﾊ817-8,817-Normal.png
777,鹿児島車両センター,VK-5,ｸﾓﾊ817-5,817-Normal.png
778,鹿児島車両センター,VK-5,ｸﾊ816-5,817-Normal.png
779,鹿児島車両センター,VK-518,ｸﾓﾊ817-518,817-Normal.png
780,鹿児島車両センター,VK-518,ｸﾊ816-518,817-Normal.png
781,鹿児島車両センター,VK-504,ｸﾓﾊ817-504,817-Normal.png
782,鹿児島車両センター,VK-504,ｸﾊ816-504,817-Normal.png
783,鹿児島車両センター,VK-9,ｸﾓﾊ817-9,817-Normal.png
784,鹿児島車両センター,VK-9,ｸﾊ816-9,817-Normal.png
785,南福岡車両区,ｷﾊ47-9084,ｷﾊ47-9084,40-Normal.png
786,宮崎車両センター,ｷﾊ40-8098,2ＥＮＤ,40-Normal.png
788,宮崎車両センター,ｷﾊ40-8098,1ＥＮＤ,40-Normal.png
789,宮崎車両センター,ｷﾊ40-8069,1ＥＮＤ,40-Normal.png
790,鹿児島車両センター,ｷﾊ47-8123,ｷﾊ47-8123,40-Normal.png
791,宮崎車両センター,ｷﾊ40-8069,2ＥＮＤ,40-Normal.png
792,宮崎車両センター,ｷﾊ40-8128,1ＥＮＤ,40-Normal.png
793,宮崎車両センター,ｷﾊ40-8128,2ＥＮＤ,40-Normal.png
794,鹿児島車両センター,ｷﾊ47-9056,ｷﾊ47-9056,40-Normal.png
798,唐津車両センター,W-5,ｸﾊ305-5,305.png
806,直方車両センター,ｷﾊ147-1069,ｷﾊ147-1069,40-Normal.png
807,直方車両センター,ｷﾊ147-1033,ｷﾊ147-1033,40-Normal.png
808,南福岡車両区,ｷﾊ47-8120,ｷﾊ47-8120,40-Normal.png
815,南福岡車両区,PM-2009,ｸﾓﾊ810-2009,811-RedEye.png
817,南福岡車両区,SM-11,ｸﾛﾊ884-11,885-Sonic.png
819,南福岡車両区,BM-3,ｸﾓﾊ786-3,787-Normal.png
820,南福岡車両区,PM-1,ｸﾓﾊ810-1,811-Normal.png
822,南福岡車両区,RM-2226,ｸﾊ813-2226,813-Normal.png
823,南福岡車両区,SM-6,ｸﾛﾊ884-6,885-Sonic.png
825,南福岡車両区,PM-2010,ｸﾊ810-1510,811-RedEye.png
826,南福岡車両区,SM-1,ｸﾓﾊ885-1,885-Sonic.png
827,南福岡車両区,BM-11,ｸﾓﾊ786-11,787-Normal.png
828,南福岡車両区,CM-24,ｸﾛﾊ782-508,783-HTB.png
829,南福岡車両区,BM-363,ｸﾓﾛ786-363,787-363.png
831,南福岡車両区,SM-7,ｸﾓﾊ885-7,885-Sonic.png
832,南福岡車両区,SM-7,ｸﾛﾊ884-7,885-Sonic.png
834,南福岡車両区,SM-10,ｸﾛﾊ884-10,885-Sonic.png
835,南福岡車両区,RM-3104,ｸﾊ813-3104,813-1000.1100.png
837,南福岡車両区,RM-3105,ｸﾊ812-3105,813-1000.1100.png
838,南福岡車両区,RM-3105,ｸﾊ813-3105,813-1000.1100.png
839,南福岡車両区,PM-1512,ｸﾓﾊ810-1512,811-RedEye.png
840,南福岡車両区,PM-1512,ｸﾊ810-1512,811-RedEye.png
841,南福岡車両区,RM-3406,ｸﾊ813-3406,813-Normal.png
842,南福岡車両区,RM-3406,ｸﾓﾊ813-3406,813-Normal.png
843,南福岡車両区,RM-3001,ｸﾊ813-3001,813-Normal.png
844,南福岡車両区,RM-3001,ｸﾊ812-3001,813-Normal.png
845,南福岡車両区,RM-108,ｸﾊ813-108,813-Normal.png
846,南福岡車両区,RM-108,ｸﾓﾊ813-108,813-Normal.png
848,南福岡車両区,CM-2,ｸﾛﾊ782-2,783-Normal.png
849,南福岡車両区,CM-23,ｸﾓﾊ782-506,783-HTB.png
850,南福岡車両区,CM-13,ｸﾛﾊ782-104,783-Midori.png
851,南福岡車両区,SM-9,ｸﾓﾊ885-9,885-Sonic.png
853,南福岡車両区,RM-3106,ｸﾊ813-3106,813-1000.1100.png
854,南福岡車両区,RM-3106,ｸﾊ812-3106,813-1000.1100.png
855,直方車両センター,ｷﾊ72-1,ｷﾊ72-1,72.png
856,直方車両センター,ｷﾊ72-5,ｷﾊ72-5,72.png
857,直方車両センター,ｷﾊ70.71-2,ｷﾊ71-2,70.71.png
858,直方車両センター,ｷﾊ70.71-1,ｷﾊ71-1,70.71.png
859,鹿児島車両センター,VK-529,ｸﾓﾊ817-529,817-Normal.png
860,佐世保車両センター,YC1-1103,YC1-1103,YC1.png
861,佐世保車両センター,YC1-1204,YC1-1204,YC1.png
862,佐世保車両センター,YC1-204,YC1-204,YC1.png
863,佐世保車両センター,YC1-1102,YC1-1102,YC1.png
864,佐世保車両センター,YC1-1203,YC1-1203,YC1.png
873,大分車両センター,Fo-1501,ｸﾊ411-1501,415-1500.png
874,大分車両センター,Fo-1501,ｸﾊ411-1601,415-1500.png
882,大分車両センター,Ao-17,ｸﾓﾊ883-7,883.png
883,大分車両センター,Ao-17,ｸﾛﾊ882-7,883.png
889,大分車両センター,Ao-5,ｸﾓﾊ883-5,883.png
891,大分車両センター,ｷﾊ125-23,1Ｅ（日豊上り）,125-Normal.png
892,大分車両センター,ｷﾊ125-23,2Ｅ（日豊下り）,125-Normal.png
893,熊本車両センター,DE10-1207,DE10-1207,DE10.png
894,熊本車両センター,DE10-1207,DE10-1207,DE10.png
895,宮崎車両センター,ｷﾊ40-8097,2ＥＮＤ,40-Yellow.png
896,宮崎車両センター,ｷﾊ40-8097,1ＥＮＤ,40-Yellow.png
899,宮崎車両センター,ｷﾊ40-8065,2ＥＮＤ,40-Normal.png
900,宮崎車両センター,ｷﾊ40-8065,1ＥＮＤ,40-Normal.png
901,宮崎車両センター,ｷﾊ40-8100,2ＥＮＤ,40-Normal.png
902,宮崎車両センター,ｷﾊ40-8100,1ＥＮＤ,40-Normal.png
903,鹿児島車両センター,VK-1001,ｸﾓﾊ817-1001,817-Normal.png
904,鹿児島車両センター,VK-1001,ｸﾊ816-1001,817-Normal.png
919,宮崎車両センター,ｷﾊ40-8104,1ＥＮＤ,40-Normal.png
920,宮崎車両センター,ｷﾊ40-8104,2ＥＮＤ,40-Normal.png
923,宮崎車両センター,ｷﾊ40-8099,1ＥＮＤ,40-Normal.png
924,宮崎車両センター,ｷﾊ40-8099,2ＥＮＤ,40-Normal.png
941,佐世保車両センター,VN-22,ｸﾊ816-22,817-Normal.png
942,佐世保車両センター,VN-22,ｸﾓﾊ817-22,817-Normal.png
943,佐世保車両センター,YC1-212,YC1-212,YC1.png
944,佐世保車両センター,YC1-1208,YC1-1208,YC1.png
945,佐世保車両センター,YC1-1207,YC1-1207,YC1.png
946,佐世保車両センター,YC1-207,YC1-207,YC1.png
947,佐世保車両センター,YC1-1212,YC1-1212,YC1.png
948,竹下車両派出,ZG-5309,ｸﾊ818-5309,819.png
949,竹下車両派出,ZG-5309,ｸﾓﾊ819-5309,819.png
953,熊本車両センター,ｷﾊ200-1013,ｷﾊ200-1013,220-Red.png
954,佐世保車両センター,YC1-211,YC1-211,YC1.png
957,南福岡車両区,RM-2203,ｸﾊ813-2203,813-Normal.png
964,南福岡車両区,RM-2203,ｸﾓﾊ813-2203,813-Normal.png
967,佐世保車両センター,YC1-208,YC1-208,YC1.png
968,佐世保車両センター,YC1-210,YC1-210,YC1.png
971,佐世保車両センター,YC1-102,YC1-102,YC1.png
972,佐世保車両センター,YC1-1216,YC1-1216,YC1.png
973,佐世保車両センター,YC1-1218,YC1-1218,YC1.png
974,佐世保車両センター,YC1-218,YC1-218,YC1.png
979,佐世保車両センター,YC1-1210,YC1-1210,YC1.png
981,南福岡車両区,SM-2,ｸﾛﾊ884-2,885-Sonic.png
982,佐世保車両センター,YC1-1211,YC1-1211,YC1.png
984,佐世保車両センター,YC1-1213,YC1-1213,YC1.png
985,佐世保車両センター,YC1-213,YC1-213,YC1.png
986,佐世保車両センター,YC1-1214,YC1-1214,YC1.png
987,佐世保車両センター,YC1-214,YC1-214,YC1.png
988,佐世保車両センター,YC1-1215,YC1-1215,YC1.png
989,佐世保車両センター,YC1-215,YC1-215,YC1.png
990,佐世保車両センター,YC1-203,YC1-203,YC1.png
991,佐世保車両センター,YC1-1105,YC1-1105,YC1.png
992,佐世保車両センター,YC1-1206,YC1-1206,YC1.png
993,佐世保車両センター,YC1-206,YC1-206,YC1.png
994,佐世保車両センター,YC1-1104,YC1-1104,YC1.png
995,佐世保車両センター,YC1-1205,YC1-1205,YC1.png
996,佐世保車両センター,YC1-205,YC1-205,YC1.png
997,佐世保車両センター,YC1-1217,YC1-1217,YC1.png
998,佐世保車両センター,YC1-1209,YC1-1209,YC1.png
999,佐世保車両センター,YC1-216,YC1-216,YC1.png
1000,佐世保車両センター,YC1-209,YC1-209,YC1.png
1001,唐津車両センター,E-12,ｸﾓﾊ103-1512,103.png
1002,唐津車両センター,E-12,ｸﾊ103-1512,103.png
1003,唐津車両センター,E-13,ｸﾊ103-1513,103.png
1004,唐津車両センター,E-13,ｸﾓﾊ102-1513,103.png
1005,唐津車両センター,E-14,ｸﾓﾊ103-1514,103.png
1006,唐津車両センター,E-14,ｸﾊ103-1514,103.png
1007,唐津車両センター,E-17,ｸﾊ103-1517,103.png
1008,唐津車両センター,E-17,ｸﾓﾊ102-1517,103.png
1009,唐津車両センター,E-18,ｸﾓﾊ103-1518,103.png
1010,唐津車両センター,E-18,ｸﾊ103-1518,103.png
1013,唐津車両センター,ｷﾊ47-8062,ｷﾊ47-8062,40-Normal.png
1014,唐津車両センター,ｷﾊ47-8121,ｷﾊ47-8121,40-Normal.png
1015,唐津車両センター,ｷﾊ47-8126,ｷﾊ47-8126,40-Normal.png
1016,唐津車両センター,ｷﾊ47-8132,ｷﾊ47-8132,40-Normal.png
1017,唐津車両センター,ｷﾊ47-8134,ｷﾊ47-8134,40-Normal.png
1018,唐津車両センター,ｷﾊ47-8157,ｷﾊ47-8157,40-Normal.png
1019,唐津車両センター,ｷﾊ47-9126,ｷﾊ47-9126,40-Normal.png
1021,直方車両センター,ｷﾊ147-90,ｷﾊ147-90,40-Normal.png
1022,直方車両センター,ｷﾊ147-185,ｷﾊ147-185,40-Normal.png
1023,直方車両センター,ｷﾊ147-50,ｷﾊ147-50,40-Normal.png
1025,直方車両センター,ｷﾊ40-8052,1E,40-Normal.png
1026,直方車両センター,ｷﾊ147-184,ｷﾊ147-184,40-Normal.png
1027,直方車両センター,ｷﾊ147-91,ｷﾊ147-91,40-Normal.png
1028,直方車両センター,ｷﾊ140-2067,1E,40-Normal.png
1029,直方車両センター,ｷﾊ147-49,ｷﾊ147-49,40-Normal.png
1030,直方車両センター,ｷﾊ40-8051,1E,40-Normal.png
1031,直方車両センター,ｷﾊ40-8051,2E,40-Normal.png
1032,鹿児島車両センター,ｷﾊ47-8070,ｷﾊ47-8070,40-Normal.png
1033,直方車両センター,ｷﾊ147-1058,ｷﾊ147-1058,40-Normal.png
1034,直方車両センター,ｷﾊ147-54,ｷﾊ147-54,40-Normal.png
1035,直方車両センター,ｷﾊ40-8052,2E,40-Normal.png
1036,直方車両センター,ｷﾊ40-8063,1E,40-Normal.png
1037,直方車両センター,ｷﾊ40-8063,2E,40-Normal.png
1038,直方車両センター,ｷﾊ147-58,ｷﾊ147-58,40-Normal.png
1039,直方車両センター,ｷﾊ140-2067,2E,40-Normal.png
1040,直方車両センター,ｷﾊ140-2041,1E,40-Normal.png
1041,直方車両センター,ｷﾊ140-2041,2E,40-Normal.png
1042,直方車両センター,ｷﾊ147-1081,ｷﾊ147-1081,40-Normal.png
1043,直方車両センター,ｷﾊ147-1043,ｷﾊ147-1043,40-Normal.png
1044,直方車両センター,ｷﾊ147-1125,ｷﾊ147-1125,40-Normal.png
1045,直方車両センター,ｷﾊ147-1032,ｷﾊ147-1032,40-Normal.png
1046,直方車両センター,ｷﾊ147-1057,ｷﾊ147-1057,40-Normal.png
1048,直方車両センター,ｷﾊ147-1069,ｷﾊ147-1069,40-Normal.png
1049,直方車両センター,ｷﾊ147-1033,1E,40-Normal.png
1050,鹿児島車両センター,ｷﾊ47-8120,ｷﾊ47-8120,40-Normal.png
1051,大分車両センター,Bo-102,ｸﾊ787-2,787-Normal.png
1052,大分車両センター,Bo-102,ｸﾛﾊ786-2,787-Normal.png
1053,大分車両センター,Bo-103,ｸﾊ787-3,787-Normal.png
1054,大分車両センター,Bo-103,ｸﾛﾊ786-3,787-Normal.png
1055,大分車両センター,Bo-6104,ｸﾊ787-6004,787-Normal.png
1056,大分車両センター,Bo-6104,ｸﾛﾊ786-6004,787-Normal.png
1057,大分車両センター,Bo-105,ｸﾊ787-5,787-Normal.png
1058,大分車両センター,Bo-105,ｸﾛﾊ786-5,787-Normal.png
1059,大分車両センター,Bo-6106,ｸﾊ787-6,787-Normal.png
1060,大分車両センター,Bo-6106,ｸﾛﾊ786-6,787-Normal.png
1061,大分車両センター,Bo-107,ｸﾊ787-102,787-Normal.png
1062,大分車両センター,Bo-107,ｸﾛﾊ786-7,787-Normal.png
1063,大分車両センター,Bo-108,ｸﾊ787-108,787-Normal.png
1064,大分車両センター,Bo-108,ｸﾛﾊ786-8,787-Normal.png
1065,大分車両センター,Bo-109,ｸﾊ787-114,787-Normal.png
1066,大分車両センター,Bo-109,ｸﾛﾊ786-9,787-Normal.png
1067,大分車両センター,Bo-110,ｸﾊ787-112,787-Normal.png
1068,大分車両センター,Bo-110,ｸﾛﾊ786-10,787-Normal.png
1069,大分車両センター,DF200-7000,1E(日豊下り）,DF200.png
1070,大分車両センター,DF200-7000,2E(日豊上り),DF200.png
1071,大分車両センター,Bo-111,ｸﾊ787-113,787-Normal.png
1072,大分車両センター,Bo-111,ｸﾛﾊ786-11,787-Normal.png
1073,大分車両センター,Bo-6101,ｸﾊ787-6001,787-Normal.png
1074,大分車両センター,Bo-6101,ｸﾛﾊ786-6001,787-Normal.png
1075,熊本車両センター,ｷﾊ183-1002,ｷﾊ183-1002,183.png
1076,熊本車両センター,ｷﾊ183-1001,ｷﾊ183-1001,183.png
1080,直方車両センター,ｷﾊ40-8102,1E,40-Normal.png
1081,直方車両センター,ｷﾊ40-8102,2E,40-Normal.png
1086,佐世保車両センター,ｷﾊ47-8135,ｷﾊ47-8135,40-Normal.png
1087,佐世保車両センター,ｷﾊ47-3509,ｷﾊ47-3509,40-Normal.png
1088,佐世保車両センター,ｷﾊ47-4510,ｷﾊ47-4510,40-Normal.png
1089,佐世保車両センター,ｷﾊ47-8076,ｷﾊ47-8076,40-Normal.png
1090,佐世保車両センター,ｷﾊ47-8129,ｷﾊ47-8129,40-Normal.png
1091,佐世保車両センター,ｷﾊ47-9031,ｷﾊ47-9031,40-Normal.png
1092,佐世保車両センター,ｷﾊ47-9041,ｷﾊ47-9041,40-Normal.png
1095,熊本車両センター,ｷﾊ147-104,ｷﾊ147-104,40-Normal.png
1096,直方車両センター,ｷﾊ147-182,ｷﾊ147-182,40-Normal.png
1097,直方車両センター,ｷﾊ147-1044,ｷﾊ147-1044,40-Normal.png
1103,熊本車両センター,DE10-1206,DE10-1206,DE10.png
1104,熊本車両センター,DE10-1207,DE10-1207,DE10.png
1105,熊本車両センター,DE10-1209,DE10-1209,DE10.png
1106,熊本車両センター,DE10-1638,DE10-1638,DE10.png
1107,熊本車両センター,DE10-1753,DE10-1753,DE10.png
1108,熊本車両センター,DE10-1756,DE10-1756,DE10.png
1109,熊本車両センター,DE10-1207,DE10-1207,DE10.png
1110,熊本車両センター,DD200-702,DD200-702,DE10.png
1111,熊本車両センター,ｷﾊ185-4,ｷﾊ185-4,185-Arresha.png
1112,熊本車両センター,ｷﾊ185-1012,ｷﾊ185-1012,185-Arresha.png
1133,鹿児島車両センター,ｷﾊ140-2127,1E,40-Normal.png
1134,鹿児島車両センター,ｷﾊ140-2127,2E,40-Normal.png
1135,鹿児島車両センター,DE10-1755,DE10-1755,DE10.png
1137,熊本車両センター,DD200-701,DD200-701,DE10.png
1138,鹿児島車両センター,ｷﾊ40-8038,1E,40-Normal.png
1139,鹿児島車両センター,ｷﾊ40-8038,2E,40-Normal.png
1140,鹿児島車両センター,ｷﾊ140-2062,1E,40-Normal.png
1141,鹿児島車両センター,ｷﾊ140-2062,2E,40-Normal.png
1142,鹿児島車両センター,ｷﾊ47-8055,ｷﾊ47-8055,40-Normal.png
1143,熊本車両センター,ｷﾊ147-1055,ｷﾊ147-1055,40-Normal.png
1144,鹿児島車両センター,ｷﾊ47-9050,ｷﾊ47-9050,40-Normal.png
1145,熊本車両センター,ｷﾊ147-106,ｷﾊ147-106,40-Normal.png
1146,熊本車両センター,ｷﾊ147-105,ｷﾊ147-105,40-Normal.png
1147,鹿児島車両センター,ｷﾊ47-9046,ｷﾊ47-9046,40-Normal.png
1148,鹿児島車両センター,ｷﾊ47-8057,ｷﾊ47-8057,40-Normal.png
1149,鹿児島車両センター,ｷﾊ47-9075,ｷﾊ47-9075,40-Normal.png
1150,鹿児島車両センター,ｷﾊ47-8089,ｷﾊ47-8089,40-Normal.png
1151,鹿児島車両センター,ｷﾊ47-9048,ｷﾊ47-9048,40-Normal.png
1152,鹿児島車両センター,ｷﾊ47-8077,ｷﾊ47-8077,40-Normal.png
1153,鹿児島車両センター,ｷﾊ47-9098,ｷﾊ47-9098,40-Normal.png
1154,鹿児島車両センター,ｷﾊ47-8125,ｷﾊ47-8125,40-Normal.png
1155,鹿児島車両センター,ｷﾊ47-9077,ｷﾊ47-9077,40-Normal.png
1156,鹿児島車両センター,ｷﾊ47-9049,ｷﾊ47-9049,40-Normal.png
1157,鹿児島車両センター,ｷﾊ40-8101,1E,40-Normal.png
1158,鹿児島車両センター,ｷﾊ40-8101,2E,40-Normal.png
1159,鹿児島車両センター,ｷﾊ40-8056,1E,40-Normal.png
1160,鹿児島車両センター,ｷﾊ40-8056,2E,40-Normal.png
1163,鹿児島車両センター,ｷﾊ47-8072,ｷﾊ47-8072,40-Normal.png
1164,鹿児島車両センター,ｷﾊ47-9042,ｷﾊ47-9042,40-Normal.png
1166,唐津車両センター,ｷﾊ47-8051,ｷﾊ47-8051,40-Normal.png
1167,唐津車両センター,ｷﾊ47-9097,ｷﾊ47-9097,40-Normal.png
1168,鹿児島車両センター,ｷﾊ47-8133,ｷﾊ47-8133,40-Normal.png
1169,佐世保車両センター,ｷﾊ47-4047,ｷﾊ47-4047,4047.png
1170,佐世保車両センター,ｷﾊ147-4047,ｷﾊ147-4047,4047.png
1171,鹿児島車両センター,ｷﾊ140-2061,1E,40-Normal.png
1172,鹿児島車両センター,ｷﾊ140-2061,2E,40-Normal.png
1173,鹿児島車両センター,ｷﾊ47-8056,ｷﾊ47-8056,40-Normal.png
1174,鹿児島車両センター,ｷﾊ47-9072,ｷﾊ47-9072,40-Normal.png
1177,鹿児島車両センター,ｷﾊ40-8064,1E,40-Normal.png
1178,鹿児島車両センター,ｷﾊ40-8064,2E,40-Normal.png
1179,鹿児島車両センター,ｷﾊ47-8124,ｷﾊ47-8124,40-Normal.png
1180,鹿児島車両センター,ｷﾊ47-9078,ｷﾊ47-9078,40-Normal.png
1181,宮崎車両センター,ｷﾊ47-8119,ｷﾊ47-8119,40-Normal.png
1182,宮崎車両センター,ｷﾊ47-9084,ｷﾊ47-9084,40-Normal.png
1183,宮崎車両センター,ｷﾊ47-8052,ｷﾊ47-8052,40-Normal.png
1184,宮崎車両センター,ｷﾊ47-9083,ｷﾊ47-9083,40-Normal.png
1206,南福岡車両区,CM-11,ｸﾛﾊ782-102,783-Midori.png
1208,南福岡車両区,CM-12,ｸﾛﾊ782-110,783-Midori.png
1210,南福岡車両区,CM-13,ｸﾛﾊ782-104,783-Midori.png
1212,南福岡車両区,CM-14,ｸﾛﾊ782-101,783-Midori.png
1216,南福岡車両区,CM-35,ｸﾛﾊ782-407,783-Midori.png
1217,南福岡車両区,CM-35,ｸﾓﾊ783-15,783-Midori.png
1218,南福岡車両区,CM-21,ｸﾊ783-105,783-HTB.png
1219,南福岡車両区,CM-21,ｸﾛﾊ782-502,783-HTB.png
1221,南福岡車両区,CM-22,ｸﾊ783-107,783-HTB.png
1223,南福岡車両区,CM-23,ｸﾊ783-106,783-HTB.png
1225,南福岡車両区,CM-24,ｸﾊ783-108,783-HTB.png
1227,南福岡車両区,CM-25,ｸﾊ783-109,783-HTB.png
1251,熊本車両センター,UT-5,ｸﾓﾊ821-5,821.png
1252,熊本車両センター,UT-5,ｸﾊ821-5,821.png
1253,熊本車両センター,UT-6,ｸﾓﾊ821-6,821.png
1254,熊本車両センター,UT-6,ｸﾊ821-6,821.png
1255,熊本車両センター,UT-7,ｸﾓﾊ821-7,821.png
1256,熊本車両センター,UT-7,ｸﾊ821-7,821.png
1257,熊本車両センター,UT-8,ｸﾓﾊ821-8,821.png
1258,熊本車両センター,UT-8,ｸﾊ821-8,821.png
1259,熊本車両センター,UT-9,ｸﾓﾊ821-9,821.png
1260,熊本車両センター,UT-9,ｸﾊ821-9,821.png
1261,熊本車両センター,UT-10,ｸﾓﾊ821-10,821.png
1262,熊本車両センター,UT-10,ｸﾊ821-10,821.png
1263,唐津車両センター,W-1,ｸﾊ305-1,305.png
1264,唐津車両センター,W-2,ｸﾊ304-2,305.png
1265,唐津車両センター,W-3,ｸﾊ304-3,305.png
1266,唐津車両センター,W-6,ｸﾊ305-6,305.png
1267,唐津車両センター,K-1,ｸﾊ303-1,303.png
1268,唐津車両センター,K-2,ｸﾊ303-2,303.png
1269,唐津車両センター,K-3,ｸﾊ302-3,303.png
1270,唐津車両センター,ｷﾊ125-2,1E,125-Normal.png
1271,唐津車両センター,ｷﾊ125-2,2E,125-Normal.png
1272,唐津車両センター,ｷﾊ125-3,2E,125-Normal.png
1273,唐津車両センター,ｷﾊ125-4,1E,125-Normal.png
1274,唐津車両センター,ｷﾊ125-4,2E,125-Normal.png
1275,唐津車両センター,ｷﾊ125-5,2E,125-Normal.png
1276,唐津車両センター,ｷﾊ125-6,1E,125-Normal.png
1277,唐津車両センター,ｷﾊ125-6,2E,125-Normal.png
1278,大分車両センター,ｷﾊ125-9,2E,125-Normal.png
1279,直方車両センター,RG-1002,ｸﾊ812-1002,813-Nogata.png
1280,直方車両センター,RG-1003,ｸﾊ813-1003,813-Nogata.png
1281,直方車両センター,RG-1003,ｸﾊ812-1003,813-Nogata.png
1282,直方車両センター,RG-18,ｸﾊ813-118,813-Nogata.png
1283,直方車両センター,RG-18,ｸﾓﾊ813-118,813-Nogata.png
1284,直方車両センター,RG-15,ｸﾓﾊ813-115,813-Nogata.png
1285,直方車両センター,RG-14,ｸﾊ813-114,813-Nogata.png
1286,直方車両センター,RG-14,ｸﾓﾊ813-114,813-Nogata.png
1287,南福岡車両区,SM-8,ｸﾛﾊ884-8,885-Sonic.png
1288,南福岡車両区,BM-6,ｸﾓﾛ787-6,787-Normal.png
1289,南福岡車両区,BM-6,ｸﾓﾊ786-6,787-Normal.png
1290,南福岡車両区,PM-2010,ｸﾓﾊ810-2010,811-RedEye.png
1291,南福岡車両区,RM-2224,ｸﾓﾊ813-2224,813-Normal.png
1292,南福岡車両区,SM-11,ｸﾓﾊ885-11,885-Sonic.png
1293,大分車両センター,Fo-1510,ｸﾊ411-1510,415-1500.png
1294,南福岡車両区,BM-4,ｸﾓﾊ786-4,787-Normal.png
1295,南福岡車両区,PM-2101,ｸﾓﾊ810-2101,811-RedEye.png
1296,南福岡車両区,RM-601,ｸﾊ813-601,813-Normal.png
1297,南福岡車両区,RM-601,ｸﾓﾊ813-601,813-Normal.png
1298,南福岡車両区,PM-8105,ｸﾓﾊ810-8105,811-New.png
1299,南福岡車両区,PM-2110,ｸﾓﾊ810-2110,811-RedEye.png
1300,南福岡車両区,PM-2111,ｸﾓﾊ810-2111,811-RedEye.png
1301,南福岡車両区,SM-2,ｸﾓﾊ885-2,885-Sonic.png
1302,南福岡車両区,RM-2219,ｸﾊ813-2219,813-Normal.png
1303,南福岡車両区,RM-2219,ｸﾓﾊ813-2219,813-Normal.png
1304,南福岡車両区,RM-2234,ｸﾓﾊ813-2234,813-Normal.png
1305,南福岡車両区,PM-2003,ｸﾊ810-1503,811-RedEye.png
1306,南福岡車両区,PM-7,ｸﾓﾊ810-7,811-Normal.png
1307,南福岡車両区,PM-2014,ｸﾓﾊ810-2014,811-RedEye.png
1308,南福岡車両区,PM-2014,ｸﾊ810-1514,811-RedEye.png
1309,南福岡車両区,RM-104,ｸﾓﾊ813-104,813-Normal.png
1310,南福岡車両区,SM-3,ｸﾓﾊ885-403,885-Sonic.png
1311,南福岡車両区,RM-2221,ｸﾓﾊ813-2221,813-Normal.png
1312,南福岡車両区,RM-2302,ｸﾓﾊ813-2302,813-Normal.png
1313,南福岡車両区,RM-3404,ｸﾊ813-3404,813-Normal.png
1314,南福岡車両区,PM-104,ｸﾓﾊ810-104,811-Normal.png
1315,南福岡車両区,RM-608,ｸﾓﾊ813-608,813-Normal.png
1316,南福岡車両区,RM-2215,ｸﾊ813-2215,813-Normal.png
1317,南福岡車両区,VM-3011,ｸﾊ817-3011,817-2000.3000.png
1318,南福岡車両区,SM-4,ｸﾓﾊ885-4,885-Sonic.png
1319,南福岡車両区,RM-3430,ｸﾓﾊ813-3430,813-Normal.png
1320,大分車両センター,ｷﾊ200-1012,ｷﾊ200-1012,200-Red.png
1321,佐世保車両センター,VN-31,ｸﾓﾊ817-31,817-Normal.png
1322,鹿児島車両センター,VK-523,ｸﾊ816-523,817-Normal.png
1323,南福岡車両区,CM-2,ｸﾓﾊ783-2,783-Normal.png
1324,大分車両センター,ｷﾊ125-12,2E（日豊下り）,125-Normal.png
1325,大分車両センター,ｷﾊ125-12,1E（日豊上り）,125-Normal.png
1326,大分車両センター,Ao-1,ｸﾓﾊ883-1,883.png
1327,大分車両センター,ｷﾊ200-554,ｷﾊ200-554,200-Red.png
1328,大分車両センター,ｷﾊ185-16,ｷﾊ185-16,185-Normal.png
1329,大分車両センター,Ao-4,ｸﾓﾊ883-4,883.png
1330,大分車両センター,ｷﾊ185-3,ｷﾊ185-3,185-Normal.png
1331,大分車両センター,Ao-2,ｸﾛﾊ882-2,883.png
1332,大分車両センター,ｷﾊ125-24,1E(日豊上り）,125-Normal.png
1333,大分車両センター,ｷﾊ125-24,2E（日豊下り）,125-Normal.png
1334,大分車両センター,Ao-16,ｸﾛﾊ882-6,883.png
1335,熊本車両センター,NT-11,ｸﾊ814-11,815.png
1336,熊本車両センター,ｷﾊ47-8159,ｷﾊ47-8159,147-hayato.png
1337,熊本車両センター,ｷﾊ47-9082,ｷﾊ47-9082,147-hayato.png
1338,鹿児島車両センター,ｷﾊ200-559,ｷﾊ200-559,200-Yellow.png
1339,鹿児島車両センター,ｷﾊ140-2066,1E,40-Normal.png
1340,鹿児島車両センター,VK-8,ｸﾊ816-8,817-Normal.png
1341,南福岡車両区,CM-22,ｸﾛﾊ782-504,783-HTB.png
1342,宮崎車両センター,ｷﾊ40-8069,2ＥＮＤ,40-Normal.png
1343,唐津車両センター,W-4,ｸﾊ304-4,305.png
1344,唐津車両センター,W-5,ｸﾊ304-5,305.png
1345,唐津車両センター,W-6,ｸﾊ304-6,305.png
1346,唐津車両センター,K-2,ｸﾊ302-2,303.png
1347,唐津車両センター,K-3,ｸﾊ303-3,303.png
1348,唐津車両センター,W-1,ｸﾊ304-1,305.png
1349,唐津車両センター,K-1,ｸﾊ302-1,303.png
1350,直方車両センター,RG-19,ｸﾊ813-119,813-Nogata.png
1351,直方車両センター,RG-19,ｸﾓﾊ813-119,813-Nogata.png
1352,直方車両センター,RG-15,ｸﾊ813-115,813-Nogata.png
1353,南福岡車両区,SM-3,ｸﾛﾊ884-3,885-Sonic.png
1354,南福岡車両区,BM-363,ｸﾓﾛ786-363,787-363.png
1355,南福岡車両区,BM-363,ｸﾓﾛ787-363,787-363.png
1356,南福岡車両区,SM-10,ｸﾓﾊ885-10,885-Sonic.png
1357,南福岡車両区,SM-9,ｸﾛﾊ884-9,885-Sonic.png
1358,大分車両センター,Ao-18,ｸﾛﾊ882-8,883.png
1359,大分車両センター,Ao-18,ｸﾓﾊ883-8,883.png
1360,大分車両センター,Ao-5,ｸﾛﾊ882-5,883.png
1361,鹿児島車両センター,Lk-2,ｸﾓﾊ713-2,713.png
1362,鹿児島車両センター,Lk-2,ｸﾊ712-2,713.png
1363,鹿児島車両センター,Lk-4,ｸﾓﾊ713-4,713.png
1364,鹿児島車両センター,Lk-4,ｸﾊ712-4,713.png
1367,熊本車両センター,UT-4,ｸﾊ821-4,821.png
1368,熊本車両センター,ｷﾊ200-13,ｷﾊ200-13,220-Red.png
1369,佐世保車両センター,YC1-1109,YC1-1109,YC1.png
1370,佐世保車両センター,YC1-1107,YC1-1107,YC1.png
1371,佐世保車両センター,YC1-107,YC1-107,YC1.png
1372,佐世保車両センター,YC1-1108,YC1-1108,YC1.png
1373,佐世保車両センター,YC1-108,YC1-108,YC1.png
1374,佐世保車両センター,YC1ｰ1222,YC1ｰ1222,YC1.png
1375,佐世保車両センター,YC1ｰ222,YC1ｰ222,YC1.png
1376,宮崎車両センター,ｷﾊ125-402,ｷﾊ125-402,125-umiyama.png
1377,宮崎車両センター,ｷﾊ125-401,ｷﾊ125-401,125-umiyama.png
1480,宮崎車両センター,ｷﾊ40-8054,2ＥＮＤ,40-Normal.png
1481,宮崎車両センター,ｷﾊ40-8054,1ＥＮＤ,40-Normal.png
1482,宮崎車両センター,ｷﾊ40-8065,2ＥＮＤ,40-Normal.png
1483,宮崎車両センター,ｷﾊ40-8065,1ＥＮＤ,40-Normal.png
1484,宮崎車両センター,ｷﾊ40-8069,2ＥＮＤ,40-Normal.png
1485,宮崎車両センター,ｷﾊ40-8069,1ＥＮＤ,40-Normal.png
1486,宮崎車両センター,ｷﾊ40-8097,2ＥＮＤ,40-Normal.png
1487,宮崎車両センター,ｷﾊ40-8097,1ＥＮＤ,40-Normal.png
1488,宮崎車両センター,ｷﾊ40-8098,2ＥＮＤ,40-Normal.png
1489,宮崎車両センター,ｷﾊ40-8098,1ＥＮＤ,40-Normal.png
1490,宮崎車両センター,ｷﾊ40-8099,2ＥＮＤ,40-Yellow.png
1491,宮崎車両センター,ｷﾊ40-8099,1ＥＮＤ,40-Yellow.png
1492,宮崎車両センター,ｷﾊ40-8100,2ＥＮＤ,40-Normal.png
1493,宮崎車両センター,ｷﾊ40-8100,1ＥＮＤ,40-Normal.png
1494,宮崎車両センター,ｷﾊ40-8104,2ＥＮＤ,40-Normal.png
1495,宮崎車両センター,ｷﾊ40-8104,1ＥＮＤ,40-Normal.png
1496,宮崎車両センター,ｷﾊ40-8128,2ＥＮＤ,40-Normal.png
1497,宮崎車両センター,ｷﾊ40-8128,下,40-Normal.png
1498,宮崎車両センター,ｷﾊ47-8052,ｷﾊ47-8052,40-Normal.png
1499,宮崎車両センター,ｷﾊ47-8119,ｷﾊ47-8119,40-Normal.png
1500,宮崎車両センター,ｷﾊ47-9073,ｷﾊ47-9073,40-Normal.png
1501,宮崎車両センター,ｷﾊ47-9083,ｷﾊ47-9083,40-Normal.png
