•½‹x‹æ•ª,˜Hü–¼,ã‰º‹æ•ª,—ñŽÔ”Ô†,Žn”­‰w,I’…‰w,‰ñ‘—ƒtƒ‰ƒO,Œ`Ž®,‰w‡˜,“–‰w–¼,“–‰w’…Žž,“–‰w”­Žž,“–‰w”Ôü,ŽŸ‰w–¼,ŽŸ‰w’…Žž,ŽŸ‰w”­Žž,ŽŸ‰w”Ôü,’â’Ê‹æ•ª,‰^“]Žž•ª,Šî€Žž•ª,—]—TŽž•ª,“–‰wƒLƒ,ŽŸ‰wƒLƒ,ƒpƒ^[ƒ“ƒLƒ,ƒpƒ^[ƒ“Žž•ª,
‹x,¼‹ãBVŠ²ü,‰º‚è,2001G,•—Y‰·ò,’·è,0_—·‹q,N700S,1,•—Y‰·ò,,07:03:45,11,Šð–ì‰·ò,7:09:15,7:10:15,12,’â’â,330,330,0,0.8,11.8,6.6,150,
‹x,¼‹ãBVŠ²ü,‰º‚è,2001G,•—Y‰·ò,’·è,0_—·‹q,N700S,2,Šð–ì‰·ò,7:09:15,7:10:15,12,V‘å‘º,07:18:00,07:19:00,12,’â’â,465,465,0,11.8,33.1,27.8,150,
‹x,¼‹ãBVŠ²ü,‰º‚è,2001G,•—Y‰·ò,’·è,0_—·‹q,N700S,3,V‘å‘º,7:18:00,7:19:00,12,æ|‘,7:24:30,7:25:30,12,’â’â,330,330,0,33.1,45.6,40.2,165,
‹x,¼‹ãBVŠ²ü,‰º‚è,2001G,•—Y‰·ò,’·è,0_—·‹q,N700S,4,æ|‘,7:24:30,7:25:30,12,’·è,07:33:45,,12,’â’â,495,480,15,45.6,66.8,60.8,175,
‹x,¼‹ãBVŠ²ü,ã‚è,2002G,’·è,•—Y‰·ò,0_—·‹q,N700S,1,’·è,,06:17:15,14,æ|‘,6:25:45,6:26:45,11,’â’â,510,495,15,66.8,45.6,51.5,175,
‹x,¼‹ãBVŠ²ü,ã‚è,2002G,’·è,•—Y‰·ò,0_—·‹q,N700S,2,æ|‘,6:25:45,6:26:45,11,V‘å‘º,06:32:30,06:33:30,11,’â’â,345,330,15,45.6,33.1,38.2,150,
‹x,¼‹ãBVŠ²ü,ã‚è,2002G,’·è,•—Y‰·ò,0_—·‹q,N700S,3,V‘å‘º,06:32:30,06:33:30,11,Šð–ì‰·ò,6:41:15,6:42:15,11,’â’â,465,450,15,33.1,11.8,17.9,175,
‹x,¼‹ãBVŠ²ü,ã‚è,2002G,’·è,•—Y‰·ò,0_—·‹q,N700S,4,Šð–ì‰·ò,6:41:15,6:42:15,11,•—Y‰·ò,06:48:00,,11,’â’â,345,315,30,11.8,0.8,6.4,175,
‹x,¼‹ãBVŠ²ü,‰º‚è,2003G,•—Y‰·ò,’·è,0_—·‹q,N700S,1,•—Y‰·ò,,07:42:15,11,Šð–ì‰·ò,07:48:15,07:49:15,12,’â’â,360,330,30,0.8,11.8,6.6,150,
‹x,¼‹ãBVŠ²ü,‰º‚è,2003G,•—Y‰·ò,’·è,0_—·‹q,N700S,2,Šð–ì‰·ò,07:48:15,07:49:15,12,V‘å‘º,07:57:15,07:58:15,12,’â’â,480,465,15,11.8,33.1,27.8,150,
‹x,¼‹ãBVŠ²ü,‰º‚è,2003G,•—Y‰·ò,’·è,0_—·‹q,N700S,3,V‘å‘º,07:57:15,07:58:15,12,æ|‘,08:03:45,08:04:45,12,’â’â,330,330,0,33.1,45.6,40.2,165,
‹x,¼‹ãBVŠ²ü,‰º‚è,2003G,•—Y‰·ò,’·è,0_—·‹q,N700S,4,æ|‘,08:03:45,08:04:45,12,’·è,08:12:45,,14,’â’â,480,480,0,45.6,66.8,60.8,175,
‹x,¼‹ãBVŠ²ü,ã‚è,2004G,’·è,•—Y‰·ò,0_—·‹q,N700S,1,’·è,,6:58:00,11,æ|‘,7:06:30,7:07:30,11,’â’â,510,495,15,66.8,45.6,51.5,170,
‹x,¼‹ãBVŠ²ü,ã‚è,2004G,’·è,•—Y‰·ò,0_—·‹q,N700S,2,æ|‘,7:06:30,7:07:30,11,V‘å‘º,7:13:15,7:14:15,11,’â’â,345,330,15,45.6,33.1,38.2,150,
‹x,¼‹ãBVŠ²ü,ã‚è,2004G,’·è,•—Y‰·ò,0_—·‹q,N700S,3,V‘å‘º,7:13:15,7:14:15,11,Šð–ì‰·ò,7:22:00,7:23:00,11,’â’â,465,450,15,33.1,11.8,17.9,175,
‹x,¼‹ãBVŠ²ü,ã‚è,2004G,’·è,•—Y‰·ò,0_—·‹q,N700S,4,Šð–ì‰·ò,7:22:00,7:23:00,11,•—Y‰·ò,7:28:45,,11,’â’â,345,315,30,11.8,0.8,6.4,175,
‹x,¼‹ãBVŠ²ü,‰º‚è,2005G,•—Y‰·ò,’·è,0_—·‹q,N700S,1,•—Y‰·ò,,08:28:30,11,Šð–ì‰·ò,08:34:15,08:35:15,12,’â’â,345,330,15,0.8,11.8,6.6,150,
‹x,¼‹ãBVŠ²ü,‰º‚è,2005G,•—Y‰·ò,’·è,0_—·‹q,N700S,2,Šð–ì‰·ò,08:34:15,08:35:15,12,V‘å‘º,08:43:15,08:44:15,12,’â’â,480,465,15,11.8,33.1,27.8,150,
‹x,¼‹ãBVŠ²ü,‰º‚è,2005G,•—Y‰·ò,’·è,0_—·‹q,N700S,3,V‘å‘º,08:43:15,08:44:15,12,æ|‘,08:49:45,08:50:45,12,’â’â,330,330,0,33.1,45.6,40.2,165,
‹x,¼‹ãBVŠ²ü,‰º‚è,2005G,•—Y‰·ò,’·è,0_—·‹q,N700S,4,æ|‘,08:49:45,08:50:45,12,’·è,08:59:00,,12,’â’â,495,480,15,45.6,66.8,60.8,175,
‹x,¼‹ãBVŠ²ü,ã‚è,2008G,’·è,•—Y‰·ò,0_—·‹q,N700S,1,’·è,,7:46:15,12,æ|‘,7:54:30,7:55:30,11,’â’â,495,480,15,66.8,45.6,51.5,170,
‹x,¼‹ãBVŠ²ü,ã‚è,2008G,’·è,•—Y‰·ò,0_—·‹q,N700S,2,æ|‘,7:54:30,7:55:30,11,V‘å‘º,8:01:15,8:02:15,11,’â’â,345,330,15,45.6,33.1,38.2,150,
‹x,¼‹ãBVŠ²ü,ã‚è,2008G,’·è,•—Y‰·ò,0_—·‹q,N700S,3,V‘å‘º,8:01:15,8:02:15,11,Šð–ì‰·ò,8:10:00,8:11:00,11,’â’â,465,450,15,33.1,11.8,17.9,175,
‹x,¼‹ãBVŠ²ü,ã‚è,2008G,’·è,•—Y‰·ò,0_—·‹q,N700S,4,Šð–ì‰·ò,8:10:00,8:11:00,11,•—Y‰·ò,8:16:30,,11,’â’â,330,315,15,11.8,0.8,6.4,175,
‹x,¼‹ãBVŠ²ü,‰º‚è,2009G,•—Y‰·ò,’·è,0_—·‹q,N700S,1,•—Y‰·ò,,09:23:00,11,Šð–ì‰·ò,09:29:00,09:30:00,12,’â’â,360,330,30,0.8,11.8,6.6,150,
‹x,¼‹ãBVŠ²ü,‰º‚è,2009G,•—Y‰·ò,’·è,0_—·‹q,N700S,2,Šð–ì‰·ò,09:29:00,09:30:00,12,V‘å‘º,09:38:00,09:39:00,12,’â’â,480,465,15,11.8,33.1,27.8,150,
‹x,¼‹ãBVŠ²ü,‰º‚è,2009G,•—Y‰·ò,’·è,0_—·‹q,N700S,3,V‘å‘º,09:38:00,09:39:00,12,æ|‘,09:44:45,09:45:45,12,’â’â,345,330,15,33.1,45.6,40.2,165,
‹x,¼‹ãBVŠ²ü,‰º‚è,2009G,•—Y‰·ò,’·è,0_—·‹q,N700S,4,æ|‘,09:44:45,09:45:45,12,’·è,09:54:00,,13,’â’â,495,480,15,45.6,66.8,60.8,175,
‹x,¼‹ãBVŠ²ü,ã‚è,2012G,’·è,•—Y‰·ò,0_—·‹q,N700S,1,’·è,,8:44:00,11,æ|‘,8:52:15,8:53:15,11,’â’â,495,495,0,66.8,45.6,51.4,170,
‹x,¼‹ãBVŠ²ü,ã‚è,2012G,’·è,•—Y‰·ò,0_—·‹q,N700S,2,æ|‘,8:52:15,8:53:15,11,V‘å‘º,Ú,8:58:15,11,’â’Ê,300,285,15,45.6,33.1,33.1,0,
‹x,¼‹ãBVŠ²ü,ã‚è,2012G,’·è,•—Y‰·ò,0_—·‹q,N700S,3,V‘å‘º,Ú,8:58:15,11,Šð–ì‰·ò,Ú,9:03:45,11,’Ê’Ê,330,315,15,33.1,11.8,11.8,0,
‹x,¼‹ãBVŠ²ü,ã‚è,2012G,’·è,•—Y‰·ò,0_—·‹q,N700S,4,Šð–ì‰·ò,Ú,9:03:45,11,•—Y‰·ò,9:08:15,,11,’Ê’â,270,255,15,11.8,0.8,6.3,175,
‹x,¼‹ãBVŠ²ü,‰º‚è,2013G,•—Y‰·ò,’·è,0_—·‹q,N700S,1,•—Y‰·ò,,10:01:30,11,Šð–ì‰·ò,10:07:15,10:08:15,12,’â’â,345,330,15,0.8,11.8,6.6,150,
‹x,¼‹ãBVŠ²ü,‰º‚è,2013G,•—Y‰·ò,’·è,0_—·‹q,N700S,2,Šð–ì‰·ò,10:07:15,10:08:15,12,V‘å‘º,10:16:15,10:17:15,12,’â’â,480,465,15,11.8,33.1,27.8,150,
‹x,¼‹ãBVŠ²ü,‰º‚è,2013G,•—Y‰·ò,’·è,0_—·‹q,N700S,3,V‘å‘º,10:16:15,10:17:15,12,æ|‘,10:22:45,10:23:45,12,’â’â,330,330,0,33.1,45.6,40.2,165,
‹x,¼‹ãBVŠ²ü,‰º‚è,2013G,•—Y‰·ò,’·è,0_—·‹q,N700S,4,æ|‘,10:22:45,10:23:45,12,’·è,10:32:00,,12,’â’â,495,480,15,45.6,66.8,60.8,175,
‹x,¼‹ãBVŠ²ü,ã‚è,2014G,’·è,•—Y‰·ò,0_—·‹q,N700S,1,’·è,,09:08:45,14,æ|‘,09:17:15,09:18:15,11,’â’â,510,495,15,66.8,45.6,51.5,170,
‹x,¼‹ãBVŠ²ü,ã‚è,2014G,’·è,•—Y‰·ò,0_—·‹q,N700S,2,æ|‘,09:17:15,09:18:15,11,V‘å‘º,09:24:00,09:25:00,11,’â’â,345,330,15,45.6,33.1,38.2,150,
‹x,¼‹ãBVŠ²ü,ã‚è,2014G,’·è,•—Y‰·ò,0_—·‹q,N700S,3,V‘å‘º,09:24:00,09:25:00,11,Šð–ì‰·ò,09:32:30,09:33:30,11,’â’â,450,450,0,33.1,11.8,17.9,175,
‹x,¼‹ãBVŠ²ü,ã‚è,2014G,’·è,•—Y‰·ò,0_—·‹q,N700S,4,Šð–ì‰·ò,09:32:30,09:33:30,11,•—Y‰·ò,09:39:00,,11,’â’â,330,315,15,11.8,0.8,6.4,175,
‹x,¼‹ãBVŠ²ü,ã‚è,2018G,’·è,•—Y‰·ò,0_—·‹q,N700S,1,’·è,,09:50:00,12,æ|‘,09:58:00,09:59:00,11,’â’â,480,480,0,66.8,45.6,51.5,170,
‹x,¼‹ãBVŠ²ü,ã‚è,2018G,’·è,•—Y‰·ò,0_—·‹q,N700S,2,æ|‘,09:58:00,09:59:00,11,V‘å‘º,Ú,10:03:45,11,’â’Ê,285,285,0,45.6,33.1,33.1,0,
‹x,¼‹ãBVŠ²ü,ã‚è,2018G,’·è,•—Y‰·ò,0_—·‹q,N700S,3,V‘å‘º,Ú,10:03:45,11,Šð–ì‰·ò,Ú,10:09:15,11,’Ê’Ê,330,315,15,33.1,11.8,11.8,0,
‹x,¼‹ãBVŠ²ü,ã‚è,2018G,’·è,•—Y‰·ò,0_—·‹q,N700S,4,Šð–ì‰·ò,Ú,10:09:15,11,•—Y‰·ò,10:13:30,,11,’Ê’â,255,255,0,11.8,0.8,6.3,175,
‹x,¼‹ãBVŠ²ü,‰º‚è,2017G,•—Y‰·ò,’·è,0_—·‹q,N700S,1,•—Y‰·ò,,11:03:45,11,Šð–ì‰·ò,Ú,11:08:15,12,’â’Ê,270,255,15,0.8,11.8,11.8,0,
‹x,¼‹ãBVŠ²ü,‰º‚è,2017G,•—Y‰·ò,’·è,0_—·‹q,N700S,2,Šð–ì‰·ò,Ú,11:08:15,12,V‘å‘º,Ú,11:13:45,12,’Ê’Ê,330,315,15,11.8,33.1,33.1,0,
‹x,¼‹ãBVŠ²ü,‰º‚è,2017G,•—Y‰·ò,’·è,0_—·‹q,N700S,3,V‘å‘º,Ú,11:13:45,12,æ|‘,11:18:45,11:19:45,12,’Ê’â,300,300,0,33.1,45.6,40.2,165,
‹x,¼‹ãBVŠ²ü,‰º‚è,2017G,•—Y‰·ò,’·è,0_—·‹q,N700S,4,æ|‘,11:18:45,11:19:45,12,’·è,11:28:00,,13,’â’â,495,480,15,45.6,66.8,60.8,175,
‹x,¼‹ãBVŠ²ü,ã‚è,2022G,’·è,•—Y‰·ò,0_—·‹q,N700S,1,’·è,,10:44:30,13,æ|‘,10:53:00,10:54:00,11,’â’â,510,495,15,66.8,45.6,51.5,170,
‹x,¼‹ãBVŠ²ü,ã‚è,2022G,’·è,•—Y‰·ò,0_—·‹q,N700S,2,æ|‘,10:53:00,10:54:00,11,V‘å‘º,10:59:45,11:00:45,11,’â’â,345,330,15,45.6,33.1,38.2,150,
‹x,¼‹ãBVŠ²ü,ã‚è,2022G,’·è,•—Y‰·ò,0_—·‹q,N700S,3,V‘å‘º,10:59:45,11:00:45,11,Šð–ì‰·ò,11:08:30,11:09:30,11,’â’â,465,450,15,33.1,11.8,17.9,175,
‹x,¼‹ãBVŠ²ü,ã‚è,2022G,’·è,•—Y‰·ò,0_—·‹q,N700S,4,Šð–ì‰·ò,11:08:30,11:09:30,11,•—Y‰·ò,11:15:00,,11,’â’â,330,315,15,11.8,0.8,6.4,175,
‹x,¼‹ãBVŠ²ü,‰º‚è,2021G,•—Y‰·ò,’·è,0_—·‹q,N700S,1,•—Y‰·ò,,11:58:45,11,Šð–ì‰·ò,12:04:30,12:05:30,12,’â’â,345,330,15,0.8,11.8,6.6,150,
‹x,¼‹ãBVŠ²ü,‰º‚è,2021G,•—Y‰·ò,’·è,0_—·‹q,N700S,2,Šð–ì‰·ò,12:04:30,12:05:30,12,V‘å‘º,12:13:30,12:14:30,12,’â’â,480,465,15,11.8,33.1,27.8,150,
‹x,¼‹ãBVŠ²ü,‰º‚è,2021G,•—Y‰·ò,’·è,0_—·‹q,N700S,3,V‘å‘º,12:13:30,12:14:30,12,æ|‘,12:20:15,12:21:15,12,’â’â,345,330,15,33.1,45.6,40.2,165,
‹x,¼‹ãBVŠ²ü,‰º‚è,2021G,•—Y‰·ò,’·è,0_—·‹q,N700S,4,æ|‘,12:20:15,12:21:15,12,’·è,12:29:30,,12,’â’â,495,480,15,45.6,66.8,60.8,175,
‹x,¼‹ãBVŠ²ü,ã‚è,2026G,’·è,•—Y‰·ò,0_—·‹q,N700S,1,’·è,,11:45:30,12,æ|‘,11:54:00,11:55:00,11,’â’â,510,480,30,66.8,45.6,51.4,170,
‹x,¼‹ãBVŠ²ü,ã‚è,2026G,’·è,•—Y‰·ò,0_—·‹q,N700S,2,æ|‘,11:54:00,11:55:00,11,V‘å‘º,12:00:45,12:01:45,11,’â’â,345,330,15,45.6,33.1,38.2,150,
‹x,¼‹ãBVŠ²ü,ã‚è,2026G,’·è,•—Y‰·ò,0_—·‹q,N700S,3,V‘å‘º,12:00:45,12:01:45,11,Šð–ì‰·ò,Ú,12:08:15,11,’â’Ê,390,375,15,33.1,11.8,11.8,0,
‹x,¼‹ãBVŠ²ü,ã‚è,2026G,’·è,•—Y‰·ò,0_—·‹q,N700S,4,Šð–ì‰·ò,Ú,12:08:15,11,•—Y‰·ò,12:13:00,,11,’Ê’â,285,255,30,11.8,0.8,6.3,175,
‹x,¼‹ãBVŠ²ü,‰º‚è,2025G,•—Y‰·ò,’·è,0_—·‹q,N700S,1,•—Y‰·ò,,12:56:30,11,Šð–ì‰·ò,Ú,13:01:15,12,’â’Ê,285,255,30,0.8,11.8,11.8,0,
‹x,¼‹ãBVŠ²ü,‰º‚è,2025G,•—Y‰·ò,’·è,0_—·‹q,N700S,2,Šð–ì‰·ò,Ú,13:01:15,12,V‘å‘º,13:08:00,13:09:00,12,’Ê’â,405,390,15,11.8,33.1,27.9,150,
‹x,¼‹ãBVŠ²ü,‰º‚è,2025G,•—Y‰·ò,’·è,0_—·‹q,N700S,3,V‘å‘º,13:08:00,13:09:00,12,æ|‘,13:14:45,13:15:45,12,’â’â,345,330,15,33.1,45.6,40.2,165,
‹x,¼‹ãBVŠ²ü,‰º‚è,2025G,•—Y‰·ò,’·è,0_—·‹q,N700S,4,æ|‘,13:14:45,13:15:45,12,’·è,13:24:00,,13,’â’â,495,480,15,45.6,66.8,60.8,175,
‹x,¼‹ãBVŠ²ü,ã‚è,2030G,’·è,•—Y‰·ò,0_—·‹q,N700S,1,’·è,,12:42:15,13,æ|‘,12:50:45,12:51:45,11,’â’â,510,495,15,66.8,45.6,51.5,170,
‹x,¼‹ãBVŠ²ü,ã‚è,2030G,’·è,•—Y‰·ò,0_—·‹q,N700S,2,æ|‘,12:50:45,12:51:45,11,V‘å‘º,12:57:30,12:58:30,11,’â’â,345,330,15,45.6,33.1,38.2,150,
‹x,¼‹ãBVŠ²ü,ã‚è,2030G,’·è,•—Y‰·ò,0_—·‹q,N700S,3,V‘å‘º,12:57:30,12:58:30,11,Šð–ì‰·ò,13:06:15,13:07:15,11,’â’â,465,450,15,33.1,11.8,17.9,175,
‹x,¼‹ãBVŠ²ü,ã‚è,2030G,’·è,•—Y‰·ò,0_—·‹q,N700S,4,Šð–ì‰·ò,13:06:15,13:07:15,11,•—Y‰·ò,13:12:45,,11,’â’â,330,315,15,11.8,0.8,6.4,175,
‹x,¼‹ãBVŠ²ü,‰º‚è,2029G,•—Y‰·ò,’·è,0_—·‹q,N700S,1,•—Y‰·ò,,13:58:00,11,Šð–ì‰·ò,14:03:45,14:04:45,12,’â’â,345,330,15,0.8,11.8,6.6,150,
‹x,¼‹ãBVŠ²ü,‰º‚è,2029G,•—Y‰·ò,’·è,0_—·‹q,N700S,2,Šð–ì‰·ò,14:03:45,14:04:45,12,V‘å‘º,14:12:45,14:13:45,12,’â’â,480,465,15,11.8,33.1,27.8,150,
‹x,¼‹ãBVŠ²ü,‰º‚è,2029G,•—Y‰·ò,’·è,0_—·‹q,N700S,3,V‘å‘º,14:12:45,14:13:45,12,æ|‘,14:19:30,14:20:30,12,’â’â,345,330,15,33.1,45.6,40.2,165,
‹x,¼‹ãBVŠ²ü,‰º‚è,2029G,•—Y‰·ò,’·è,0_—·‹q,N700S,4,æ|‘,14:19:30,14:20:30,12,’·è,14:28:45,,12,’â’â,495,480,15,45.6,66.8,60.8,175,
‹x,¼‹ãBVŠ²ü,ã‚è,2034G,’·è,•—Y‰·ò,0_—·‹q,N700S,1,’·è,,13:45:30,12,æ|‘,13:54:00,13:55:00,11,’â’â,510,480,30,66.8,45.6,51.4,170,
‹x,¼‹ãBVŠ²ü,ã‚è,2034G,’·è,•—Y‰·ò,0_—·‹q,N700S,2,æ|‘,13:54:00,13:55:00,11,V‘å‘º,14:00:45,14:01:45,11,’â’â,345,330,15,45.6,33.1,38.2,150,
‹x,¼‹ãBVŠ²ü,ã‚è,2034G,’·è,•—Y‰·ò,0_—·‹q,N700S,3,V‘å‘º,14:00:45,14:01:45,11,Šð–ì‰·ò,Ú,14:08:15,11,’â’Ê,390,375,15,33.1,11.8,11.8,0,
‹x,¼‹ãBVŠ²ü,ã‚è,2034G,’·è,•—Y‰·ò,0_—·‹q,N700S,4,Šð–ì‰·ò,Ú,14:08:15,11,•—Y‰·ò,14:13:00,,11,’Ê’â,285,255,30,11.8,0.8,6.3,175,
‹x,¼‹ãBVŠ²ü,‰º‚è,2033G,•—Y‰·ò,’·è,0_—·‹q,N700S,1,•—Y‰·ò,,14:57:00,11,Šð–ì‰·ò,Ú,15:01:30,12,’â’Ê,270,255,15,0.8,11.8,11.8,0,
‹x,¼‹ãBVŠ²ü,‰º‚è,2033G,•—Y‰·ò,’·è,0_—·‹q,N700S,2,Šð–ì‰·ò,Ú,15:01:30,12,V‘å‘º,15:08:15,15:09:15,12,’Ê’â,405,390,15,11.8,33.1,27.9,150,
‹x,¼‹ãBVŠ²ü,‰º‚è,2033G,•—Y‰·ò,’·è,0_—·‹q,N700S,3,V‘å‘º,15:08:15,15:09:15,12,æ|‘,15:15:00,15:16:00,12,’â’â,345,330,15,33.1,45.6,40.2,165,
‹x,¼‹ãBVŠ²ü,‰º‚è,2033G,•—Y‰·ò,’·è,0_—·‹q,N700S,4,æ|‘,15:15:00,15:16:00,12,’·è,15:24:15,,13,’â’â,495,480,15,45.6,66.8,60.8,175,
‹x,¼‹ãBVŠ²ü,ã‚è,2038G,’·è,•—Y‰·ò,0_—·‹q,N700S,1,’·è,,14:43:00,13,æ|‘,14:51:15,14:52:15,11,’â’â,495,495,0,66.8,45.6,51.5,170,
‹x,¼‹ãBVŠ²ü,ã‚è,2038G,’·è,•—Y‰·ò,0_—·‹q,N700S,2,æ|‘,14:51:15,14:52:15,11,V‘å‘º,14:58:00,14:59:00,11,’â’â,345,330,15,45.6,33.1,38.2,150,
‹x,¼‹ãBVŠ²ü,ã‚è,2038G,’·è,•—Y‰·ò,0_—·‹q,N700S,3,V‘å‘º,14:58:00,14:59:00,11,Šð–ì‰·ò,15:06:45,15:07:45,11,’â’â,465,450,15,33.1,11.8,17.9,175,
‹x,¼‹ãBVŠ²ü,ã‚è,2038G,’·è,•—Y‰·ò,0_—·‹q,N700S,4,Šð–ì‰·ò,15:06:45,15:07:45,11,•—Y‰·ò,15:13:30,,11,’â’â,345,315,30,11.8,0.8,6.4,175,
‹x,¼‹ãBVŠ²ü,‰º‚è,2037G,•—Y‰·ò,’·è,0_—·‹q,N700S,1,•—Y‰·ò,,15:57:30,11,Šð–ì‰·ò,16:03:15,16:04:15,12,’â’â,345,330,15,0.8,11.8,6.6,150,
‹x,¼‹ãBVŠ²ü,‰º‚è,2037G,•—Y‰·ò,’·è,0_—·‹q,N700S,2,Šð–ì‰·ò,16:03:15,16:04:15,12,V‘å‘º,16:12:15,16:13:15,12,’â’â,480,465,15,11.8,33.1,27.8,150,
‹x,¼‹ãBVŠ²ü,‰º‚è,2037G,•—Y‰·ò,’·è,0_—·‹q,N700S,3,V‘å‘º,16:12:15,16:13:15,12,æ|‘,16:19:00,16:20:00,12,’â’â,345,330,15,33.1,45.6,40.2,165,
‹x,¼‹ãBVŠ²ü,‰º‚è,2037G,•—Y‰·ò,’·è,0_—·‹q,N700S,4,æ|‘,16:19:00,16:20:00,12,’·è,16:28:15,,11,’â’â,495,480,15,45.6,66.8,60.8,175,
‹x,¼‹ãBVŠ²ü,ã‚è,2042G,’·è,•—Y‰·ò,0_—·‹q,N700S,1,’·è,,15:42:00,12,æ|‘,15:50:15,15:51:15,11,’â’â,495,480,15,66.8,45.6,51.5,170,
‹x,¼‹ãBVŠ²ü,ã‚è,2042G,’·è,•—Y‰·ò,0_—·‹q,N700S,2,æ|‘,15:50:15,15:51:15,11,V‘å‘º,15:57:00,15:58:00,11,’â’â,345,330,15,45.6,33.1,38.2,150,
‹x,¼‹ãBVŠ²ü,ã‚è,2042G,’·è,•—Y‰·ò,0_—·‹q,N700S,3,V‘å‘º,15:57:00,15:58:00,11,Šð–ì‰·ò,16:05:45,16:06:45,11,’â’â,465,450,15,33.1,11.8,17.9,175,
‹x,¼‹ãBVŠ²ü,ã‚è,2042G,’·è,•—Y‰·ò,0_—·‹q,N700S,4,Šð–ì‰·ò,16:05:45,16:06:45,11,•—Y‰·ò,16:12:15,,11,’â’â,330,315,15,11.8,0.8,6.4,175,
‹x,¼‹ãBVŠ²ü,‰º‚è,2041G,•—Y‰·ò,’·è,0_—·‹q,N700S,1,•—Y‰·ò,,16:58:00,11,Šð–ì‰·ò,Ú,17:02:30,12,’â’Ê,270,255,15,0.8,11.8,11.8,0,
‹x,¼‹ãBVŠ²ü,‰º‚è,2041G,•—Y‰·ò,’·è,0_—·‹q,N700S,2,Šð–ì‰·ò,Ú,17:02:30,12,V‘å‘º,Ú,17:08:00,12,’Ê’Ê,330,315,15,11.8,33.1,33.1,0,
‹x,¼‹ãBVŠ²ü,‰º‚è,2041G,•—Y‰·ò,’·è,0_—·‹q,N700S,3,V‘å‘º,Ú,17:08:00,12,æ|‘,17:13:15,17:14:15,12,’Ê’â,315,300,15,33.1,45.6,40.2,165,
‹x,¼‹ãBVŠ²ü,‰º‚è,2041G,•—Y‰·ò,’·è,0_—·‹q,N700S,4,æ|‘,17:13:15,17:14:15,12,’·è,17:22:30,,12,’â’â,495,480,15,45.6,66.8,60.8,175,
‹x,¼‹ãBVŠ²ü,‰º‚è,2043G,•—Y‰·ò,’·è,0_—·‹q,N700S,1,•—Y‰·ò,,17:22:00,11,Šð–ì‰·ò,17:28:00,17:29:00,12,’â’â,360,330,30,0.8,11.8,6.6,150,
‹x,¼‹ãBVŠ²ü,‰º‚è,2043G,•—Y‰·ò,’·è,0_—·‹q,N700S,2,Šð–ì‰·ò,17:28:00,17:29:00,12,V‘å‘º,17:37:00,17:38:00,12,’â’â,480,465,15,11.8,33.1,27.8,150,
‹x,¼‹ãBVŠ²ü,‰º‚è,2043G,•—Y‰·ò,’·è,0_—·‹q,N700S,3,V‘å‘º,17:37:00,17:38:00,12,æ|‘,17:43:45,17:44:45,12,’â’â,345,330,15,33.1,45.6,40.2,165,
‹x,¼‹ãBVŠ²ü,‰º‚è,2043G,•—Y‰·ò,’·è,0_—·‹q,N700S,4,æ|‘,17:43:45,17:44:45,12,’·è,17:53:00,,13,’â’â,495,480,15,45.6,66.8,60.8,175,
‹x,¼‹ãBVŠ²ü,ã‚è,2046G,’·è,•—Y‰·ò,0_—·‹q,N700S,1,’·è,,16:42:30,13,æ|‘,16:51:00,16:52:00,11,’â’â,510,495,15,66.8,45.6,51.4,170,
‹x,¼‹ãBVŠ²ü,ã‚è,2046G,’·è,•—Y‰·ò,0_—·‹q,N700S,2,æ|‘,16:51:00,16:52:00,11,V‘å‘º,16:57:45,16:58:45,11,’â’â,345,330,15,45.6,33.1,38.2,150,
‹x,¼‹ãBVŠ²ü,ã‚è,2046G,’·è,•—Y‰·ò,0_—·‹q,N700S,3,V‘å‘º,16:57:45,16:58:45,11,Šð–ì‰·ò,Ú,17:05:15,11,’â’Ê,390,405,15,33.1,11.8,11.8,0,
‹x,¼‹ãBVŠ²ü,ã‚è,2046G,’·è,•—Y‰·ò,0_—·‹q,N700S,4,Šð–ì‰·ò,Ú,17:05:15,11,•—Y‰·ò,17:10:00,,11,’Ê’â,285,255,30,11.8,0.8,6.3,175,
‹x,¼‹ãBVŠ²ü,‰º‚è,2047G,•—Y‰·ò,’·è,0_—·‹q,N700S,1,•—Y‰·ò,,18:01:00,11,Šð–ì‰·ò,Ú,18:05:45,12,’â’Ê,285,255,30,0.8,11.8,11.8,0,
‹x,¼‹ãBVŠ²ü,‰º‚è,2047G,•—Y‰·ò,’·è,0_—·‹q,N700S,2,Šð–ì‰·ò,Ú,18:05:45,12,V‘å‘º,Ú,18:11:15,12,’Ê’Ê,330,315,15,11.8,33.1,33.1,0,
‹x,¼‹ãBVŠ²ü,‰º‚è,2047G,•—Y‰·ò,’·è,0_—·‹q,N700S,3,V‘å‘º,Ú,18:11:15,12,æ|‘,18:16:30,18:17:30,12,’Ê’â,315,300,15,33.1,45.6,40.2,165,
‹x,¼‹ãBVŠ²ü,‰º‚è,2047G,•—Y‰·ò,’·è,0_—·‹q,N700S,4,æ|‘,18:16:30,18:17:30,12,’·è,18:25:45,,11,’â’â,495,480,15,45.6,66.8,60.8,175,
‹x,¼‹ãBVŠ²ü,ã‚è,2048G,’·è,•—Y‰·ò,0_—·‹q,N700S,1,’·è,,17:13:45,11,æ|‘,17:22:15,17:23:15,11,’â’â,510,495,15,66.8,45.6,51.5,170,
‹x,¼‹ãBVŠ²ü,ã‚è,2048G,’·è,•—Y‰·ò,0_—·‹q,N700S,2,æ|‘,17:22:15,17:23:15,11,V‘å‘º,17:29:00,17:30:00,11,’â’â,345,330,15,45.6,33.1,38.2,150,
‹x,¼‹ãBVŠ²ü,ã‚è,2048G,’·è,•—Y‰·ò,0_—·‹q,N700S,3,V‘å‘º,17:29:00,17:30:00,11,Šð–ì‰·ò,17:37:45,17:38:45,11,’â’â,465,450,15,33.1,11.8,17.9,175,
‹x,¼‹ãBVŠ²ü,ã‚è,2048G,’·è,•—Y‰·ò,0_—·‹q,N700S,4,Šð–ì‰·ò,17:37:45,17:38:45,11,•—Y‰·ò,17:44:30,,11,’â’â,345,315,30,11.8,0.8,6.4,175,
‹x,¼‹ãBVŠ²ü,‰º‚è,2049G,•—Y‰·ò,’·è,0_—·‹q,N700S,1,•—Y‰·ò,,18:38:15,11,Šð–ì‰·ò,18:44:15,18:45:15,12,’â’â,360,330,30,0.8,11.8,6.6,150,
‹x,¼‹ãBVŠ²ü,‰º‚è,2049G,•—Y‰·ò,’·è,0_—·‹q,N700S,2,Šð–ì‰·ò,18:44:15,18:45:15,12,V‘å‘º,18:53:15,18:54:15,12,’â’â,480,465,15,11.8,33.1,27.8,150,
‹x,¼‹ãBVŠ²ü,‰º‚è,2049G,•—Y‰·ò,’·è,0_—·‹q,N700S,3,V‘å‘º,18:53:15,18:54:15,12,æ|‘,19:00:00,19:01:00,12,’â’â,345,330,15,33.1,45.6,40.2,165,
‹x,¼‹ãBVŠ²ü,‰º‚è,2049G,•—Y‰·ò,’·è,0_—·‹q,N700S,4,æ|‘,19:00:00,19:01:00,12,’·è,19:09:15,,14,’â’â,495,480,15,45.6,66.8,60.8,175,
‹x,¼‹ãBVŠ²ü,ã‚è,2050G,’·è,•—Y‰·ò,0_—·‹q,N700S,1,’·è,,17:44:30,12,æ|‘,17:53:00,17:54:00,11,’â’â,510,480,30,66.8,45.6,51.5,170,
‹x,¼‹ãBVŠ²ü,ã‚è,2050G,’·è,•—Y‰·ò,0_—·‹q,N700S,2,æ|‘,17:53:00,17:54:00,11,V‘å‘º,17:59:45,18:00:45,11,’â’â,345,330,15,45.6,33.1,38.2,150,
‹x,¼‹ãBVŠ²ü,ã‚è,2050G,’·è,•—Y‰·ò,0_—·‹q,N700S,3,V‘å‘º,17:59:45,18:00:45,11,Šð–ì‰·ò,Ú,18:07:15,11,’â’Ê,390,405,15,33.1,11.8,11.8,0,
‹x,¼‹ãBVŠ²ü,ã‚è,2050G,’·è,•—Y‰·ò,0_—·‹q,N700S,4,Šð–ì‰·ò,Ú,18:07:15,11,•—Y‰·ò,18:12:00,,11,’Ê’â,285,255,30,11.8,0.8,6.3,175,
‹x,¼‹ãBVŠ²ü,‰º‚è,2051G,•—Y‰·ò,’·è,0_—·‹q,N700S,1,•—Y‰·ò,,19:04:00,11,Šð–ì‰·ò,Ú,19:08:30,12,’â’Ê,270,255,15,0.8,11.8,11.8,0,
‹x,¼‹ãBVŠ²ü,‰º‚è,2051G,•—Y‰·ò,’·è,0_—·‹q,N700S,2,Šð–ì‰·ò,Ú,19:08:30,12,V‘å‘º,Ú,19:14:00,12,’Ê’Ê,330,315,15,11.8,33.1,33.1,0,
‹x,¼‹ãBVŠ²ü,‰º‚è,2051G,•—Y‰·ò,’·è,0_—·‹q,N700S,3,V‘å‘º,Ú,19:14:00,12,æ|‘,19:19:15,19:20:15,12,’Ê’â,315,300,15,33.1,45.6,40.2,165,
‹x,¼‹ãBVŠ²ü,‰º‚è,2051G,•—Y‰·ò,’·è,0_—·‹q,N700S,4,æ|‘,19:19:15,19:20:15,12,’·è,19:28:30,,12,’â’â,495,480,15,45.6,66.8,60.8,175,
‹x,¼‹ãBVŠ²ü,ã‚è,2052G,’·è,•—Y‰·ò,0_—·‹q,N700S,1,’·è,,18:19:15,13,æ|‘,18:27:30,18:28:30,11,’â’â,495,495,0,66.8,45.6,51.5,170,
‹x,¼‹ãBVŠ²ü,ã‚è,2052G,’·è,•—Y‰·ò,0_—·‹q,N700S,2,æ|‘,18:27:30,18:28:30,11,V‘å‘º,18:34:00,18:35:00,11,’â’â,330,330,0,45.6,33.1,38.2,150,
‹x,¼‹ãBVŠ²ü,ã‚è,2052G,’·è,•—Y‰·ò,0_—·‹q,N700S,3,V‘å‘º,18:34:00,18:35:00,11,Šð–ì‰·ò,18:43:00,18:44:00,11,’â’â,480,450,30,33.1,11.8,17.9,175,
‹x,¼‹ãBVŠ²ü,ã‚è,2052G,’·è,•—Y‰·ò,0_—·‹q,N700S,4,Šð–ì‰·ò,18:43:00,18:44:00,11,•—Y‰·ò,18:50:00,,11,’â’â,360,315,45,11.8,0.8,6.4,175,
‹x,¼‹ãBVŠ²ü,‰º‚è,2053G,•—Y‰·ò,’·è,0_—·‹q,N700S,1,•—Y‰·ò,,19:27:00,11,Šð–ì‰·ò,19:32:45,19:33:45,12,’â’â,345,330,15,0.8,11.8,6.6,150,
‹x,¼‹ãBVŠ²ü,‰º‚è,2053G,•—Y‰·ò,’·è,0_—·‹q,N700S,2,Šð–ì‰·ò,19:32:45,19:33:45,12,V‘å‘º,19:41:45,19:42:45,12,’â’â,480,465,15,11.8,33.1,27.8,150,
‹x,¼‹ãBVŠ²ü,‰º‚è,2053G,•—Y‰·ò,’·è,0_—·‹q,N700S,3,V‘å‘º,19:41:45,19:42:45,12,æ|‘,19:48:30,19:49:30,12,’â’â,345,330,15,33.1,45.6,40.2,165,
‹x,¼‹ãBVŠ²ü,‰º‚è,2053G,•—Y‰·ò,’·è,0_—·‹q,N700S,4,æ|‘,19:48:30,19:49:30,12,’·è,19:57:45,,13,’â’â,495,480,15,45.6,66.8,60.8,175,
‹x,¼‹ãBVŠ²ü,ã‚è,2054G,’·è,•—Y‰·ò,0_—·‹q,N700S,1,’·è,,18:47:45,11,æ|‘,18:56:00,18:57:00,11,’â’â,495,495,0,66.8,45.6,51.5,170,
‹x,¼‹ãBVŠ²ü,ã‚è,2054G,’·è,•—Y‰·ò,0_—·‹q,N700S,2,æ|‘,18:56:00,18:57:00,11,V‘å‘º,19:02:45,19:03:45,11,’â’â,345,330,15,45.6,33.1,38.2,150,
‹x,¼‹ãBVŠ²ü,ã‚è,2054G,’·è,•—Y‰·ò,0_—·‹q,N700S,3,V‘å‘º,19:02:45,19:03:45,11,Šð–ì‰·ò,Ú,19:10:15,11,’â’Ê,390,405,15,33.1,11.8,11.8,0,
‹x,¼‹ãBVŠ²ü,ã‚è,2054G,’·è,•—Y‰·ò,0_—·‹q,N700S,4,Šð–ì‰·ò,Ú,19:10:15,11,•—Y‰·ò,19:15:00,,11,’Ê’â,285,255,30,11.8,0.8,6.4,175,
‹x,¼‹ãBVŠ²ü,‰º‚è,2055G,•—Y‰·ò,’·è,0_—·‹q,N700S,1,•—Y‰·ò,,20:05:00,11,Šð–ì‰·ò,Ú,20:09:30,12,’â’Ê,270,255,15,0.8,11.8,11.8,0,
‹x,¼‹ãBVŠ²ü,‰º‚è,2055G,•—Y‰·ò,’·è,0_—·‹q,N700S,2,Šð–ì‰·ò,Ú,20:09:30,12,V‘å‘º,Ú,20:15:00,12,’Ê’Ê,330,315,15,11.8,33.1,33.1,0,
‹x,¼‹ãBVŠ²ü,‰º‚è,2055G,•—Y‰·ò,’·è,0_—·‹q,N700S,3,V‘å‘º,Ú,20:15:00,12,æ|‘,20:20:15,20:21;15,12,’Ê’â,315,300,15,33.1,45.6,40.2,165,
‹x,¼‹ãBVŠ²ü,‰º‚è,2055G,•—Y‰·ò,’·è,0_—·‹q,N700S,4,æ|‘,20:20:15,20:21;15,12,’·è,20:29:30,,11,’â’â,495,480,15,45.6,66.8,60.8,175,
‹x,¼‹ãBVŠ²ü,ã‚è,2056G,’·è,•—Y‰·ò,0_—·‹q,N700S,1,’·è,,19:22:15,13,æ|‘,19:30:45,19:31:45,11,’â’â,510,495,15,66.8,45.6,51.5,170,
‹x,¼‹ãBVŠ²ü,ã‚è,2056G,’·è,•—Y‰·ò,0_—·‹q,N700S,2,æ|‘,19:30:45,19:31:45,11,V‘å‘º,19:37:30,19:38:30,11,’â’â,345,330,15,45.6,33.1,38.2,150,
‹x,¼‹ãBVŠ²ü,ã‚è,2056G,’·è,•—Y‰·ò,0_—·‹q,N700S,3,V‘å‘º,19:37:30,19:38:30,11,Šð–ì‰·ò,19:46:15,19:47:15,11,’â’â,465,450,15,33.1,11.8,17.9,175,
‹x,¼‹ãBVŠ²ü,ã‚è,2056G,’·è,•—Y‰·ò,0_—·‹q,N700S,4,Šð–ì‰·ò,19:46:15,19:47:15,11,•—Y‰·ò,19:52:45,,11,’â’â,330,315,15,11.8,0.8,6.4,175,
‹x,¼‹ãBVŠ²ü,‰º‚è,2057G,•—Y‰·ò,’·è,0_—·‹q,N700S,1,•—Y‰·ò,,20:31:00,11,Šð–ì‰·ò,20:36:45,20:37:45,12,’â’â,345,330,15,0.8,11.8,6.6,150,
‹x,¼‹ãBVŠ²ü,‰º‚è,2057G,•—Y‰·ò,’·è,0_—·‹q,N700S,2,Šð–ì‰·ò,20:36:45,20:37:45,12,V‘å‘º,20:45:45,20:46:45,12,’â’â,480,465,15,11.8,33.1,27.8,150,
‹x,¼‹ãBVŠ²ü,‰º‚è,2057G,•—Y‰·ò,’·è,0_—·‹q,N700S,3,V‘å‘º,20:45:45,20:46:45,12,æ|‘,20:52:30,20:53:30,12,’â’â,345,330,15,33.1,45.6,40.2,165,
‹x,¼‹ãBVŠ²ü,‰º‚è,2057G,•—Y‰·ò,’·è,0_—·‹q,N700S,4,æ|‘,20:52:30,20:53:30,12,’·è,21:01:45,,14,’â’â,495,480,15,45.6,66.8,60.8,175,
‹x,¼‹ãBVŠ²ü,ã‚è,2058G,’·è,•—Y‰·ò,0_—·‹q,N700S,1,’·è,,19:48:45,12,æ|‘,19:57:00,19:58:00,11,’â’â,495,480,15,66.8,45.6,51.5,170,
‹x,¼‹ãBVŠ²ü,ã‚è,2058G,’·è,•—Y‰·ò,0_—·‹q,N700S,2,æ|‘,19:57:00,19:58:00,11,V‘å‘º,20:03:45,20:04:45,11,’â’â,345,330,15,45.6,33.1,38.2,150,
‹x,¼‹ãBVŠ²ü,ã‚è,2058G,’·è,•—Y‰·ò,0_—·‹q,N700S,3,V‘å‘º,20:03:45,20:04:45,11,Šð–ì‰·ò,Ú,20:11:15,11,’â’Ê,390,405,15,33.1,11.8,11.8,0,
‹x,¼‹ãBVŠ²ü,ã‚è,2058G,’·è,•—Y‰·ò,0_—·‹q,N700S,4,Šð–ì‰·ò,Ú,20:11:15,11,•—Y‰·ò,20:16:00,,11,’Ê’â,285,255,30,11.8,0.8,6.4,175,
‹x,¼‹ãBVŠ²ü,‰º‚è,2059G,•—Y‰·ò,’·è,0_—·‹q,N700S,1,•—Y‰·ò,,21:06:45,11,Šð–ì‰·ò,Ú,21:11:15,12,’â’Ê,270,255,15,0.8,11.8,11.8,0,
‹x,¼‹ãBVŠ²ü,‰º‚è,2059G,•—Y‰·ò,’·è,0_—·‹q,N700S,2,Šð–ì‰·ò,Ú,21:11:15,12,V‘å‘º,21:18:00,21:19:00,12,’Ê’â,405,390,15,11.8,33.1,27.8,150,
‹x,¼‹ãBVŠ²ü,‰º‚è,2059G,•—Y‰·ò,’·è,0_—·‹q,N700S,3,V‘å‘º,21:18:00,21:19:00,12,æ|‘,21:24:45,21:25:45,12,’â’â,345,330,15,33.1,45.6,40.2,165,
‹x,¼‹ãBVŠ²ü,‰º‚è,2059G,•—Y‰·ò,’·è,0_—·‹q,N700S,4,æ|‘,21:24:45,21:25:45,12,’·è,21:34:00,,12,’â’â,495,480,15,45.6,66.8,60.8,175,
‹x,¼‹ãBVŠ²ü,ã‚è,2060G,’·è,•—Y‰·ò,0_—·‹q,N700S,1,’·è,,20:20:30,13,æ|‘,20:29:00,20:30:00,11,’â’â,510,495,15,66.8,45.6,51.5,170,
‹x,¼‹ãBVŠ²ü,ã‚è,2060G,’·è,•—Y‰·ò,0_—·‹q,N700S,2,æ|‘,20:29:00,20:30:00,11,V‘å‘º,20:35:45,20:36:45,11,’â’â,345,330,15,45.6,33.1,38.2,150,
‹x,¼‹ãBVŠ²ü,ã‚è,2060G,’·è,•—Y‰·ò,0_—·‹q,N700S,3,V‘å‘º,20:35:45,20:36:45,11,Šð–ì‰·ò,20:44:30,20:45:30,11,’â’â,465,450,15,33.1,11.8,17.9,175,
‹x,¼‹ãBVŠ²ü,ã‚è,2060G,’·è,•—Y‰·ò,0_—·‹q,N700S,4,Šð–ì‰·ò,20:44:30,20:45:30,11,•—Y‰·ò,20:51:15,,11,’â’â,345,315,30,11.8,0.8,6.4,175,
‹x,¼‹ãBVŠ²ü,‰º‚è,2063G,•—Y‰·ò,’·è,0_—·‹q,N700S,1,•—Y‰·ò,,22:04:30,11,Šð–ì‰·ò,22:10:15,22:11:15,12,’â’â,345,330,15,0.8,11.8,6.6,150,
‹x,¼‹ãBVŠ²ü,‰º‚è,2063G,•—Y‰·ò,’·è,0_—·‹q,N700S,2,Šð–ì‰·ò,22:10:15,22:11:15,12,V‘å‘º,22:19:15,22:20:15,12,’â’â,480,465,15,11.8,33.1,27.8,150,
‹x,¼‹ãBVŠ²ü,‰º‚è,2063G,•—Y‰·ò,’·è,0_—·‹q,N700S,3,V‘å‘º,22:19:15,22:20:15,12,æ|‘,22:25:45,22:26:45,12,’â’â,330,330,0,33.1,45.6,40.2,165,
‹x,¼‹ãBVŠ²ü,‰º‚è,2063G,•—Y‰·ò,’·è,0_—·‹q,N700S,4,æ|‘,22:25:45,22:26:45,12,’·è,22:35:00,,13,’â’â,495,480,15,45.6,66.8,60.8,175,
‹x,¼‹ãBVŠ²ü,ã‚è,2064G,’·è,•—Y‰·ò,0_—·‹q,N700S,1,’·è,,21:18:00,14,æ|‘,21:26:15,21:27:15,11,’â’â,495,495,0,66.8,45.6,51.5,170,
‹x,¼‹ãBVŠ²ü,ã‚è,2064G,’·è,•—Y‰·ò,0_—·‹q,N700S,2,æ|‘,21:26:15,21:27:15,11,V‘å‘º,21:33:00,21:34:00,11,’â’â,345,330,15,45.6,33.1,38.2,150,
‹x,¼‹ãBVŠ²ü,ã‚è,2064G,’·è,•—Y‰·ò,0_—·‹q,N700S,3,V‘å‘º,21:33:00,21:34:00,11,Šð–ì‰·ò,Ú,21:40:30,11,’â’Ê,390,375,15,33.1,11.8,11.8,0,
‹x,¼‹ãBVŠ²ü,ã‚è,2064G,’·è,•—Y‰·ò,0_—·‹q,N700S,4,Šð–ì‰·ò,Ú,21:40:30,11,•—Y‰·ò,21:45:00,,11,’Ê’â,270,255,15,11.8,0.8,6.4,175,
‹x,¼‹ãBVŠ²ü,ã‚è,2066G,’·è,•—Y‰·ò,0_—·‹q,N700S,1,’·è,,22:10:00,12,æ|‘,22:18:15,22:19:15,11,’â’â,495,480,15,66.8,45.6,51.5,170,
‹x,¼‹ãBVŠ²ü,ã‚è,2066G,’·è,•—Y‰·ò,0_—·‹q,N700S,2,æ|‘,22:18:15,22:19:15,11,V‘å‘º,22:25:00,22:26:00,11,’â’â,345,330,15,45.6,33.1,38.2,150,
‹x,¼‹ãBVŠ²ü,ã‚è,2066G,’·è,•—Y‰·ò,0_—·‹q,N700S,3,V‘å‘º,22:25:00,22:26:00,11,Šð–ì‰·ò,22:33:45,22:34:45,11,’â’â,465,450,15,33.1,11.8,17.9,175,
‹x,¼‹ãBVŠ²ü,ã‚è,2066G,’·è,•—Y‰·ò,0_—·‹q,N700S,4,Šð–ì‰·ò,22:33:45,22:34:45,11,•—Y‰·ò,22:40:15,,11,’â’â,330,315,15,11.8,0.8,6.4,175,
‹x,¼‹ãBVŠ²ü,‰º‚è,2067G,•—Y‰·ò,’·è,0_—·‹q,N700S,1,•—Y‰·ò,,23:17:15,11,Šð–ì‰·ò,Ú,23:21:45,12,’â’Ê,270,255,15,0.8,11.8,11.8,0,
‹x,¼‹ãBVŠ²ü,‰º‚è,2067G,•—Y‰·ò,’·è,0_—·‹q,N700S,2,Šð–ì‰·ò,Ú,23:21:45,12,V‘å‘º,23:28:30,23:29:30,12,’Ê’â,405,390,15,11.8,33.1,27.9,150,
‹x,¼‹ãBVŠ²ü,‰º‚è,2067G,•—Y‰·ò,’·è,0_—·‹q,N700S,3,V‘å‘º,23:28:30,23:29:30,12,æ|‘,23:35:15,23:36:15,12,’â’â,345,330,15,33.1,45.6,40.2,165,
‹x,¼‹ãBVŠ²ü,‰º‚è,2067G,•—Y‰·ò,’·è,0_—·‹q,N700S,4,æ|‘,23:35:15,23:36:15,12,’·è,23:44:30,,14,’â’â,495,480,15,45.6,66.8,60.8,175,
‹x,¼‹ãBVŠ²ü,‰º‚è,2101G,V‘å‘º,’·è,0_—·‹q,N700S,1,V‘å‘º,,6:20:30,12,æ|‘,06:26:30,06:27:30,12,’â’â,360,330,30,33.1,45.6,40.2,165,
‹x,¼‹ãBVŠ²ü,‰º‚è,2101G,V‘å‘º,’·è,0_—·‹q,N700S,2,æ|‘,06:26:30,06:27:30,12,’·è,06:36:00,,11,’â’â,510,480,30,45.6,66.8,60.8,175,
‹x,¼‹ãBVŠ²ü,ã‚è,2102G,’·è,V‘å‘º,0_—·‹q,N700S,1,’·è,,23:30:45,13,æ|‘,23:39:15,23:40:15,11,’â’â,510,495,15,66.8,45.6,51.5,170,
‹x,¼‹ãBVŠ²ü,ã‚è,2102G,’·è,V‘å‘º,0_—·‹q,N700S,2,æ|‘,23:39:15,23:40:15,11,V‘å‘º,23:46:15,,11,’â’â,360,330,30,45.6,33.1,38.2,150,
‹x,¼‹ãBVŠ²ü,‰º‚è,2103G,V‘å‘º,’·è,0_—·‹q,N700S,1,V‘å‘º,,8:12:00,12,æ|‘,8:17:30,8:18:30,12,’â’â,330,330,0,33.1,45.6,40.2,165,
‹x,¼‹ãBVŠ²ü,‰º‚è,2103G,V‘å‘º,’·è,0_—·‹q,N700S,2,æ|‘,8:17:30,8:18:30,12,’·è,8:26:30,,11,’â’â,480,480,0,45.6,66.8,60.8,175,
‹x,¼‹ãBVŠ²ü,ã‚è,2250G,’·è,V‘å‘º,1_‰ñ‘—,N700S,1,’·è,,20:45:00,11,æ|‘,Ú,20:52:30,11,’â’Ê,450,450,0,66.8,45.6,45.6,0,
‹x,¼‹ãBVŠ²ü,ã‚è,2250G,’·è,V‘å‘º,1_‰ñ‘—,N700S,2,æ|‘,Ú,20:52:30,11,V‘å‘º,20:58:00,,11,’Ê’â,330,300,30,45.6,33.1,38.2,150,
‹x,¼‹ãBVŠ²ü,‰º‚è,6091G,•—Y‰·ò,’·è,0_—·‹q,N700S,1,•—Y‰·ò,,10:26:00,11,Šð–ì‰·ò,10:32:00,10:33:00,12,’â’â,360,330,30,0.8,11.8,6.8,150,
‹x,¼‹ãBVŠ²ü,‰º‚è,6091G,•—Y‰·ò,’·è,0_—·‹q,N700S,2,Šð–ì‰·ò,10:32:00,10:33:00,12,V‘å‘º,10:41:00,10:42:00,12,’â’â,480,465,15,11.8,33.1,27.8,150,
‹x,¼‹ãBVŠ²ü,‰º‚è,6091G,•—Y‰·ò,’·è,0_—·‹q,N700S,3,V‘å‘º,10:41:00,10:42:00,12,æ|‘,10:47:45,10:48:45,12,’â’â,345,330,15,33.1,45.6,40.2,165,
‹x,¼‹ãBVŠ²ü,‰º‚è,6091G,•—Y‰·ò,’·è,0_—·‹q,N700S,4,æ|‘,10:47:45,10:48:45,12,’·è,10:57:00,,11,’â’â,495,480,15,45.6,66.8,60.8,175,
‹x,¼‹ãBVŠ²ü,ã‚è,6092G,’·è,•—Y‰·ò,0_—·‹q,N700S,1,’·è,,10:06:30,13,æ|‘,10:15:00,10:16:00,11,’â’â,510,495,15,66.8,45.6,51.5,170,
‹x,¼‹ãBVŠ²ü,ã‚è,6092G,’·è,•—Y‰·ò,0_—·‹q,N700S,2,æ|‘,10:15:00,10:16:00,11,V‘å‘º,10:21:30,10:22:30,11,’â’â,330,330,0,45.6,33.1,38.2,150,
‹x,¼‹ãBVŠ²ü,ã‚è,6092G,’·è,•—Y‰·ò,0_—·‹q,N700S,3,V‘å‘º,10:21:30,10:22:30,11,Šð–ì‰·ò,10:30:15,10:31:15,11,’â’â,465,450,15,33.1,11.8,17.9,175,
‹x,¼‹ãBVŠ²ü,ã‚è,6092G,’·è,•—Y‰·ò,0_—·‹q,N700S,4,Šð–ì‰·ò,10:30:15,10:31:15,11,•—Y‰·ò,10:37:00,,11,’â’â,345,315,30,11.8,0.8,6.4,175,
‹x,¼‹ãBVŠ²ü,‰º‚è,6093G,•—Y‰·ò,’·è,0_—·‹q,N700S,1,•—Y‰·ò,,12:26:15,11,Šð–ì‰·ò,12:32:00,12:33:00,12,’â’â,345,330,15,0.8,11.8,6.8,150,
‹x,¼‹ãBVŠ²ü,‰º‚è,6093G,•—Y‰·ò,’·è,0_—·‹q,N700S,2,Šð–ì‰·ò,12:32:00,12:33:00,12,V‘å‘º,12:41:00,12:42:00,12,’â’â,480,465,15,11.8,33.1,27.8,150,
‹x,¼‹ãBVŠ²ü,‰º‚è,6093G,•—Y‰·ò,’·è,0_—·‹q,N700S,3,V‘å‘º,12:41:00,12:42:00,12,æ|‘,12:47:30,12:48:30,12,’â’â,330,330,0,33.1,45.6,40.2,165,
‹x,¼‹ãBVŠ²ü,‰º‚è,6093G,•—Y‰·ò,’·è,0_—·‹q,N700S,4,æ|‘,12:47:30,12:48:30,12,’·è,12:56:45,,11,’â’â,495,480,15,45.6,66.8,60.8,175,
‹x,¼‹ãBVŠ²ü,ã‚è,6094G,’·è,•—Y‰·ò,0_—·‹q,N700S,1,’·è,,12:12:00,11,æ|‘,12:20:30,12:21:30,11,’â’â,495,495,0,66.8,45.6,51.5,170,
‹x,¼‹ãBVŠ²ü,ã‚è,6094G,’·è,•—Y‰·ò,0_—·‹q,N700S,2,æ|‘,12:20:30,12:21:30,11,V‘å‘º,12:27:15,12:28:15,11,’â’â,345,330,15,45.6,33.1,38.2,150,
‹x,¼‹ãBVŠ²ü,ã‚è,6094G,’·è,•—Y‰·ò,0_—·‹q,N700S,3,V‘å‘º,12:27:15,12:28:15,11,Šð–ì‰·ò,12:36:00,12:37:00,11,’â’â,465,450,15,33.1,11.8,17.9,175,
‹x,¼‹ãBVŠ²ü,ã‚è,6094G,’·è,•—Y‰·ò,0_—·‹q,N700S,4,Šð–ì‰·ò,12:36:00,12:37:00,11,•—Y‰·ò,12:42:30,,11,’â’â,330,315,15,11.8,0.8,6.4,175,
‹x,¼‹ãBVŠ²ü,‰º‚è,6095G,•—Y‰·ò,’·è,0_—·‹q,N700S,1,•—Y‰·ò,,13:24:45,11,Šð–ì‰·ò,13:30:30,13:31:30,12,’â’â,345,330,15,0.8,11.8,6.8,150,
‹x,¼‹ãBVŠ²ü,‰º‚è,6095G,•—Y‰·ò,’·è,0_—·‹q,N700S,2,Šð–ì‰·ò,13:30:30,13:31:30,12,V‘å‘º,13:39:30,13:40:30,12,’â’â,495,465,30,11.8,33.1,27.8,150,
‹x,¼‹ãBVŠ²ü,‰º‚è,6095G,•—Y‰·ò,’·è,0_—·‹q,N700S,3,V‘å‘º,13:39:30,13:40:30,12,æ|‘,13:46:15,13:47:15,12,’â’â,345,330,15,33.1,45.6,40.2,165,
‹x,¼‹ãBVŠ²ü,‰º‚è,6095G,•—Y‰·ò,’·è,0_—·‹q,N700S,4,æ|‘,13:46:15,13:47:15,12,’·è,13:55:30,,14,’â’â,495,480,15,45.6,66.8,60.8,175,
‹x,¼‹ãBVŠ²ü,ã‚è,6096G,’·è,•—Y‰·ò,0_—·‹q,N700S,1,’·è,,13:14:15,11,æ|‘,13:22:45,13:23:45,11,’â’â,510,495,15,66.8,45.6,51.5,170,
‹x,¼‹ãBVŠ²ü,ã‚è,6096G,’·è,•—Y‰·ò,0_—·‹q,N700S,2,æ|‘,13:22:45,13:23:45,11,V‘å‘º,13:29:30,13:30:30,11,’â’â,345,330,15,45.6,33.1,38.2,150,
‹x,¼‹ãBVŠ²ü,ã‚è,6096G,’·è,•—Y‰·ò,0_—·‹q,N700S,3,V‘å‘º,13:29:30,13:30:30,11,Šð–ì‰·ò,13:38:15,13:39:15,11,’â’â,465,450,15,33.1,11.8,17.9,175,
‹x,¼‹ãBVŠ²ü,ã‚è,6096G,’·è,•—Y‰·ò,0_—·‹q,N700S,4,Šð–ì‰·ò,13:38:15,13:39:15,11,•—Y‰·ò,13:44:45,,11,’â’â,330,315,15,11.8,0.8,6.4,175,
‹x,¼‹ãBVŠ²ü,‰º‚è,6097G,•—Y‰·ò,’·è,0_—·‹q,N700S,1,•—Y‰·ò,,15:26:00,11,Šð–ì‰·ò,15:31:45,15:32:45,12,’â’â,345,330,15,0.8,11.8,6.8,0,
‹x,¼‹ãBVŠ²ü,‰º‚è,6097G,•—Y‰·ò,’·è,0_—·‹q,N700S,2,Šð–ì‰·ò,15:31:45,15:32:45,12,V‘å‘º,15:40:45,15:41:45,12,’â’â,480,465,15,11.8,33.1,27.8,0,
‹x,¼‹ãBVŠ²ü,‰º‚è,6097G,•—Y‰·ò,’·è,0_—·‹q,N700S,3,V‘å‘º,15:40:45,15:41:45,12,æ|‘,15:47:30,15:48:30,12,’â’â,345,330,15,33.1,45.6,40.2,165,
‹x,¼‹ãBVŠ²ü,‰º‚è,6097G,•—Y‰·ò,’·è,0_—·‹q,N700S,4,æ|‘,15:47:30,15:48:30,12,’·è,15:56:45,,11,’â’â,495,480,15,45.6,66.8,60.8,175,
‹x,¼‹ãBVŠ²ü,ã‚è,6098G,’·è,•—Y‰·ò,0_—·‹q,N700S,1,’·è,,15:14:00,12,æ|‘,15:22:15,15:23:15,11,’â’â,495,480,15,66.8,45.6,51.5,175,
‹x,¼‹ãBVŠ²ü,ã‚è,6098G,’·è,•—Y‰·ò,0_—·‹q,N700S,2,æ|‘,15:22:15,15:23:15,11,V‘å‘º,15:28:45,15:29:45,11,’â’â,330,330,0,45.6,33.1,38.2,150,
‹x,¼‹ãBVŠ²ü,ã‚è,6098G,’·è,•—Y‰·ò,0_—·‹q,N700S,3,V‘å‘º,15:28:45,15:29:45,11,Šð–ì‰·ò,15:37:30,15:38:30,11,’â’â,465,450,15,33.1,11.8,17.9,175,
‹x,¼‹ãBVŠ²ü,ã‚è,6098G,’·è,•—Y‰·ò,0_—·‹q,N700S,4,Šð–ì‰·ò,15:37:30,15:38:30,11,•—Y‰·ò,15:44:00,,11,’â’â,330,315,15,11.8,0.8,6.4,175,
‹x,¼‹ãBVŠ²ü,‰º‚è,6089G,•—Y‰·ò,’·è,0_—·‹q,N700S,1,•—Y‰·ò,,22:52:30,11,Šð–ì‰·ò,22:58:15,22:59:15,12,’â’â,330,330,0,0.8,11.8,6.8,150,
‹x,¼‹ãBVŠ²ü,‰º‚è,6089G,•—Y‰·ò,’·è,0_—·‹q,N700S,2,Šð–ì‰·ò,22:58:15,22:59:15,12,V‘å‘º,23:07:15,23:08:15,12,’â’â,495,465,30,11.8,33.1,27.8,150,
‹x,¼‹ãBVŠ²ü,‰º‚è,6089G,•—Y‰·ò,’·è,0_—·‹q,N700S,3,V‘å‘º,23:07:15,23:08:15,12,æ|‘,23:14:00,23:15:00,12,’â’â,345,330,15,33.1,45.6,40.2,165,
‹x,¼‹ãBVŠ²ü,‰º‚è,6089G,•—Y‰·ò,’·è,0_—·‹q,N700S,4,æ|‘,23:14:00,23:15:00,12,’·è,23:23:15,,14,’â’â,495,480,15,45.6,66.8,60.8,175,
‹x,¼‹ãBVŠ²ü,ã‚è,6086G,’·è,•—Y‰·ò,0_—·‹q,N700S,1,’·è,,15:14:00,13,æ|‘,15:22:15,15:23:15,11,’â’â,495,495,0,66.8,45.6,51.4,170,
‹x,¼‹ãBVŠ²ü,ã‚è,6086G,’·è,•—Y‰·ò,0_—·‹q,N700S,2,æ|‘,15:22:15,15:23:15,11,V‘å‘º,15:29:00,15:30:00,11,’â’â,345,330,15,45.6,33.1,38.2,150,
‹x,¼‹ãBVŠ²ü,ã‚è,6086G,’·è,•—Y‰·ò,0_—·‹q,N700S,3,V‘å‘º,15:29:00,15:30:00,11,Šð–ì‰·ò,15:37:45,15:38:45,11,’â’â,465,450,15,33.1,11.8,17.9,175,
‹x,¼‹ãBVŠ²ü,ã‚è,6086G,’·è,•—Y‰·ò,0_—·‹q,N700S,4,Šð–ì‰·ò,15:37:45,15:38:45,11,•—Y‰·ò,15:44:00,,11,’â’â,315,315,0,11.8,0.8,6.3,175,
‹x,¼‹ãBVŠ²ü,‰º‚è,6099G,•—Y‰·ò,’·è,0_—·‹q,N700S,1,•—Y‰·ò,,23:29:00,11,Šð–ì‰·ò,23:34:45,23:35:45,12,’â’â,345,330,15,0.8,11.8,6.8,150,
‹x,¼‹ãBVŠ²ü,‰º‚è,6099G,•—Y‰·ò,’·è,0_—·‹q,N700S,2,Šð–ì‰·ò,23:34:45,23:35:45,12,V‘å‘º,23:43:45,23:44:45,12,’â’â,480,465,15,11.8,33.1,27.8,150,
‹x,¼‹ãBVŠ²ü,‰º‚è,6099G,•—Y‰·ò,’·è,0_—·‹q,N700S,3,V‘å‘º,23:43:45,23:44:45,12,æ|‘,23:50:30,23:51:30,12,’â’â,345,330,15,33.1,45.6,40.2,165,
‹x,¼‹ãBVŠ²ü,‰º‚è,6099G,•—Y‰·ò,’·è,0_—·‹q,N700S,4,æ|‘,23:50:30,23:51:30,12,’·è,23:59:45,,14,’â’â,495,480,15,45.6,66.8,60.8,175,
‹x,¼‹ãBVŠ²ü,ã‚è,6088G,’·è,•—Y‰·ò,0_—·‹q,N700S,1,’·è,,17:00:00,11,æ|‘,17:08:15,17:09:15,11,’â’â,495,495,0,66.8,45.6,51.4,170,
‹x,¼‹ãBVŠ²ü,ã‚è,6088G,’·è,•—Y‰·ò,0_—·‹q,N700S,2,æ|‘,17:08:15,17:09:15,11,V‘å‘º,17:15:00,17:16:00,11,’â’â,345,330,15,45.6,33.1,38.2,150,
‹x,¼‹ãBVŠ²ü,ã‚è,6088G,’·è,•—Y‰·ò,0_—·‹q,N700S,3,V‘å‘º,17:15:00,17:16:00,11,Šð–ì‰·ò,17:23:45,17:24:45,11,’â’â,465,450,15,33.1,11.8,17.9,175,
‹x,¼‹ãBVŠ²ü,ã‚è,6088G,’·è,•—Y‰·ò,0_—·‹q,N700S,4,Šð–ì‰·ò,17:23:45,17:24:45,11,•—Y‰·ò,17:30:00,,11,’â’â,315,315,0,11.8,0.8,6.3,175,
‹x,¼‹ãBVŠ²ü,ã‚è,9286G,V‘å‘º,•—Y‰·ò,1_‰ñ‘—,N700S,1,V‘å‘º,,22:56:00,11,Šð–ì‰·ò,Ú,23:02:30,11,’â’Ê,390,375,15,33.1,11.8,11.8,0,
‹x,¼‹ãBVŠ²ü,ã‚è,9286G,V‘å‘º,•—Y‰·ò,1_‰ñ‘—,N700S,2,Šð–ì‰·ò,Ú,23:02:30,11,•—Y‰·ò,23:07:00,,11,’Ê’â,270,255,15,11.8,0.8,6.3,175,
‹x,¼‹ãBVŠ²ü,‰º‚è,9287G,V‘å‘º,’·è,1_‰ñ‘—,N700S,1,V‘å‘º,,16:29:00,12,æ|‘,Ú,16:34:45,12,’â’Ê,345,300,45,33.1,45.6,45.6,0,
‹x,¼‹ãBVŠ²ü,‰º‚è,9287G,V‘å‘º,’·è,1_‰ñ‘—,N700S,2,æ|‘,Ú,16:34:45,12,’·è,16:42:15,,11,’Ê’â,450,450,0,45.6,66.8,60.8,175,
‹x,¼‹ãBVŠ²ü,ã‚è,9288G,’·è,V‘å‘º,1_‰ñ‘—,N700S,1,’·è,,0:00:45,11,æ|‘,Ú,0:12:45,11,’â’Ê,720,450,270,66.8,45.6,45.6,0,
‹x,¼‹ãBVŠ²ü,ã‚è,9288G,’·è,V‘å‘º,1_‰ñ‘—,N700S,2,æ|‘,Ú,0:12:45,11,V‘å‘º,0:20:00,,11,’Ê’â,435,300,135,45.6,33.1,38.2,150,
‹x,¼‹ãBVŠ²ü,‰º‚è,9289G,•—Y‰·ò,’·è,1_‰ñ‘—,N700S,1,•—Y‰·ò,,20:22:30,11,Šð–ì‰·ò,Ú,21:27:00,12,’â’Ê,270,255,0,0.8,11.8,11.8,0,
‹x,¼‹ãBVŠ²ü,‰º‚è,9289G,•—Y‰·ò,’·è,1_‰ñ‘—,N700S,2,Šð–ì‰·ò,Ú,21:27:00,12,V‘å‘º,Ú,22:32:30,12,’Ê’Ê,330,315,15,11.8,33.1,33.1,0,
‹x,¼‹ãBVŠ²ü,‰º‚è,9289G,•—Y‰·ò,’·è,1_‰ñ‘—,N700S,3,V‘å‘º,Ú,22:32:30,12,æ|‘,Ú,23:37:00,12,’Ê’Ê,270,255,15,33.1,45.6,45.6,0,
‹x,¼‹ãBVŠ²ü,‰º‚è,9289G,•—Y‰·ò,’·è,1_‰ñ‘—,N700S,4,æ|‘,Ú,23:37:00,12,’·è,23:44:45,,14,’Ê’â,465,450,15,45.6,66.8,60.8,175,
‹x,¼‹ãBVŠ²ü,‰º‚è,9287G,V‘å‘º,’·è,1_‰ñ‘—,N700S,1,V‘å‘º,,16:29:00,12,æ|‘,Ú,16:34:45,12,’â’Ê,345,300,45,33.1,45.6,45.6,0,
‹x,¼‹ãBVŠ²ü,‰º‚è,9287G,V‘å‘º,’·è,1_‰ñ‘—,N700S,2,æ|‘,Ú,16:34:45,12,’·è,16:42:15,,11,’Ê’â,450,450,0,45.6,66.8,60.8,175,
‹x,¼‹ãBVŠ²ü,‰º‚è,9289G,•—Y‰·ò,’·è,1_‰ñ‘—,N700S,1,•—Y‰·ò,,20:22:30,11,Šð–ì‰·ò,Ú,20:27:00,12,’â’Ê,270,255,15,0.8,11.8,11.8,0,
‹x,¼‹ãBVŠ²ü,‰º‚è,9289G,•—Y‰·ò,’·è,1_‰ñ‘—,N700S,2,Šð–ì‰·ò,Ú,20:27:00,12,V‘å‘º,Ú,20:32:30,12,’Ê’Ê,330,315,15,11.8,33.1,33.1,0,
‹x,¼‹ãBVŠ²ü,‰º‚è,9289G,•—Y‰·ò,’·è,1_‰ñ‘—,N700S,3,V‘å‘º,Ú,20:32:30,12,æ|‘,Ú,20:37:00,12,’Ê’Ê,270,255,15,33.1,45.6,45.6,0,
‹x,¼‹ãBVŠ²ü,‰º‚è,9289G,•—Y‰·ò,’·è,1_‰ñ‘—,N700S,4,æ|‘,Ú,20:37:00,12,’·è,20:44:45,,14,’Ê’â,465,450,15,45.6,66.8,60.8,175,
•½,¼‹ãBVŠ²ü,‰º‚è,2001G,•—Y‰·ò,’·è,0_—·‹q,N700S,1,•—Y‰·ò,,07:03:45,11,Šð–ì‰·ò,7:09:15,7:10:15,12,’â’â,330,330,0,0.8,11.8,6.6,150,
•½,¼‹ãBVŠ²ü,‰º‚è,2001G,•—Y‰·ò,’·è,0_—·‹q,N700S,2,Šð–ì‰·ò,7:09:15,7:10:15,12,V‘å‘º,07:18:00,07:19:00,12,’â’â,465,465,0,11.8,33.1,27.8,150,
•½,¼‹ãBVŠ²ü,‰º‚è,2001G,•—Y‰·ò,’·è,0_—·‹q,N700S,3,V‘å‘º,7:18:00,7:19:00,12,æ|‘,7:24:30,7:25:30,12,’â’â,330,330,0,33.1,45.6,40.2,165,
•½,¼‹ãBVŠ²ü,‰º‚è,2001G,•—Y‰·ò,’·è,0_—·‹q,N700S,4,æ|‘,7:24:30,7:25:30,12,’·è,07:33:45,,12,’â’â,495,480,15,45.6,66.8,60.8,175,
•½,¼‹ãBVŠ²ü,ã‚è,2002G,’·è,•—Y‰·ò,0_—·‹q,N700S,1,’·è,,06:17:15,14,æ|‘,6:25:45,6:26:45,11,’â’â,510,495,15,66.8,45.6,51.5,175,
•½,¼‹ãBVŠ²ü,ã‚è,2002G,’·è,•—Y‰·ò,0_—·‹q,N700S,2,æ|‘,6:25:45,6:26:45,11,V‘å‘º,06:32:30,06:33:30,11,’â’â,345,330,15,45.6,33.1,38.2,150,
•½,¼‹ãBVŠ²ü,ã‚è,2002G,’·è,•—Y‰·ò,0_—·‹q,N700S,3,V‘å‘º,06:32:30,06:33:30,11,Šð–ì‰·ò,6:41:15,6:42:15,11,’â’â,465,450,15,33.1,11.8,17.9,175,
•½,¼‹ãBVŠ²ü,ã‚è,2002G,’·è,•—Y‰·ò,0_—·‹q,N700S,4,Šð–ì‰·ò,6:41:15,6:42:15,11,•—Y‰·ò,06:48:00,,11,’â’â,345,315,30,11.8,0.8,6.4,175,
•½,¼‹ãBVŠ²ü,‰º‚è,2003G,•—Y‰·ò,’·è,0_—·‹q,N700S,1,•—Y‰·ò,,07:42:15,11,Šð–ì‰·ò,07:48:15,07:49:15,12,’â’â,360,330,30,0.8,11.8,6.6,150,
•½,¼‹ãBVŠ²ü,‰º‚è,2003G,•—Y‰·ò,’·è,0_—·‹q,N700S,2,Šð–ì‰·ò,07:48:15,07:49:15,12,V‘å‘º,07:57:15,07:58:15,12,’â’â,480,465,15,11.8,33.1,27.8,150,
•½,¼‹ãBVŠ²ü,‰º‚è,2003G,•—Y‰·ò,’·è,0_—·‹q,N700S,3,V‘å‘º,07:57:15,07:58:15,12,æ|‘,08:03:45,08:04:45,12,’â’â,330,330,0,33.1,45.6,40.2,165,
•½,¼‹ãBVŠ²ü,‰º‚è,2003G,•—Y‰·ò,’·è,0_—·‹q,N700S,4,æ|‘,08:03:45,08:04:45,12,’·è,08:12:45,,14,’â’â,480,480,0,45.6,66.8,60.8,175,
•½,¼‹ãBVŠ²ü,ã‚è,2004G,’·è,•—Y‰·ò,0_—·‹q,N700S,1,’·è,,6:58:00,11,æ|‘,7:06:30,7:07:30,11,’â’â,510,495,15,66.8,45.6,51.5,170,
•½,¼‹ãBVŠ²ü,ã‚è,2004G,’·è,•—Y‰·ò,0_—·‹q,N700S,2,æ|‘,7:06:30,7:07:30,11,V‘å‘º,7:13:15,7:14:15,11,’â’â,345,330,15,45.6,33.1,38.2,150,
•½,¼‹ãBVŠ²ü,ã‚è,2004G,’·è,•—Y‰·ò,0_—·‹q,N700S,3,V‘å‘º,7:13:15,7:14:15,11,Šð–ì‰·ò,7:22:00,7:23:00,11,’â’â,465,450,15,33.1,11.8,17.9,175,
•½,¼‹ãBVŠ²ü,ã‚è,2004G,’·è,•—Y‰·ò,0_—·‹q,N700S,4,Šð–ì‰·ò,7:22:00,7:23:00,11,•—Y‰·ò,7:28:45,,11,’â’â,345,315,30,11.8,0.8,6.4,175,
•½,¼‹ãBVŠ²ü,‰º‚è,2005G,•—Y‰·ò,’·è,0_—·‹q,N700S,1,•—Y‰·ò,,08:28:30,11,Šð–ì‰·ò,08:34:15,08:35:15,12,’â’â,345,330,15,0.8,11.8,6.6,150,
•½,¼‹ãBVŠ²ü,‰º‚è,2005G,•—Y‰·ò,’·è,0_—·‹q,N700S,2,Šð–ì‰·ò,08:34:15,08:35:15,12,V‘å‘º,08:43:15,08:44:15,12,’â’â,480,465,15,11.8,33.1,27.8,150,
•½,¼‹ãBVŠ²ü,‰º‚è,2005G,•—Y‰·ò,’·è,0_—·‹q,N700S,3,V‘å‘º,08:43:15,08:44:15,12,æ|‘,08:49:45,08:50:45,12,’â’â,330,330,0,33.1,45.6,40.2,165,
•½,¼‹ãBVŠ²ü,‰º‚è,2005G,•—Y‰·ò,’·è,0_—·‹q,N700S,4,æ|‘,08:49:45,08:50:45,12,’·è,08:59:00,,12,’â’â,495,480,15,45.6,66.8,60.8,175,
•½,¼‹ãBVŠ²ü,ã‚è,2008G,’·è,•—Y‰·ò,0_—·‹q,N700S,1,’·è,,7:46:15,12,æ|‘,7:54:30,7:55:30,11,’â’â,495,480,15,66.8,45.6,51.5,170,
•½,¼‹ãBVŠ²ü,ã‚è,2008G,’·è,•—Y‰·ò,0_—·‹q,N700S,2,æ|‘,7:54:30,7:55:30,11,V‘å‘º,8:01:15,8:02:15,11,’â’â,345,330,15,45.6,33.1,38.2,150,
•½,¼‹ãBVŠ²ü,ã‚è,2008G,’·è,•—Y‰·ò,0_—·‹q,N700S,3,V‘å‘º,8:01:15,8:02:15,11,Šð–ì‰·ò,8:10:00,8:11:00,11,’â’â,465,450,15,33.1,11.8,17.9,175,
•½,¼‹ãBVŠ²ü,ã‚è,2008G,’·è,•—Y‰·ò,0_—·‹q,N700S,4,Šð–ì‰·ò,8:10:00,8:11:00,11,•—Y‰·ò,8:16:30,,11,’â’â,330,315,15,11.8,0.8,6.4,175,
•½,¼‹ãBVŠ²ü,‰º‚è,2009G,•—Y‰·ò,’·è,0_—·‹q,N700S,1,•—Y‰·ò,,09:23:00,11,Šð–ì‰·ò,09:29:00,09:30:00,12,’â’â,360,330,30,0.8,11.8,6.6,150,
•½,¼‹ãBVŠ²ü,‰º‚è,2009G,•—Y‰·ò,’·è,0_—·‹q,N700S,2,Šð–ì‰·ò,09:29:00,09:30:00,12,V‘å‘º,09:38:00,09:39:00,12,’â’â,480,465,15,11.8,33.1,27.8,150,
•½,¼‹ãBVŠ²ü,‰º‚è,2009G,•—Y‰·ò,’·è,0_—·‹q,N700S,3,V‘å‘º,09:38:00,09:39:00,12,æ|‘,09:44:45,09:45:45,12,’â’â,345,330,15,33.1,45.6,40.2,165,
•½,¼‹ãBVŠ²ü,‰º‚è,2009G,•—Y‰·ò,’·è,0_—·‹q,N700S,4,æ|‘,09:44:45,09:45:45,12,’·è,09:54:00,,13,’â’â,495,480,15,45.6,66.8,60.8,175,
•½,¼‹ãBVŠ²ü,ã‚è,2012G,’·è,•—Y‰·ò,0_—·‹q,N700S,1,’·è,,8:44:00,11,æ|‘,8:52:15,8:53:15,11,’â’â,495,495,0,66.8,45.6,51.4,170,
•½,¼‹ãBVŠ²ü,ã‚è,2012G,’·è,•—Y‰·ò,0_—·‹q,N700S,2,æ|‘,8:52:15,8:53:15,11,V‘å‘º,Ú,8:58:15,11,’â’Ê,300,285,15,45.6,33.1,33.1,0,
•½,¼‹ãBVŠ²ü,ã‚è,2012G,’·è,•—Y‰·ò,0_—·‹q,N700S,3,V‘å‘º,Ú,8:58:15,11,Šð–ì‰·ò,Ú,9:03:45,11,’Ê’Ê,330,315,15,33.1,11.8,11.8,0,
•½,¼‹ãBVŠ²ü,ã‚è,2012G,’·è,•—Y‰·ò,0_—·‹q,N700S,4,Šð–ì‰·ò,Ú,9:03:45,11,•—Y‰·ò,9:08:15,,11,’Ê’â,270,255,15,11.8,0.8,6.3,175,
•½,¼‹ãBVŠ²ü,‰º‚è,2013G,•—Y‰·ò,’·è,0_—·‹q,N700S,1,•—Y‰·ò,,10:01:30,11,Šð–ì‰·ò,10:07:15,10:08:15,12,’â’â,345,330,15,0.8,11.8,6.6,150,
•½,¼‹ãBVŠ²ü,‰º‚è,2013G,•—Y‰·ò,’·è,0_—·‹q,N700S,2,Šð–ì‰·ò,10:07:15,10:08:15,12,V‘å‘º,10:16:15,10:17:15,12,’â’â,480,465,15,11.8,33.1,27.8,150,
•½,¼‹ãBVŠ²ü,‰º‚è,2013G,•—Y‰·ò,’·è,0_—·‹q,N700S,3,V‘å‘º,10:16:15,10:17:15,12,æ|‘,10:22:45,10:23:45,12,’â’â,330,330,0,33.1,45.6,40.2,165,
•½,¼‹ãBVŠ²ü,‰º‚è,2013G,•—Y‰·ò,’·è,0_—·‹q,N700S,4,æ|‘,10:22:45,10:23:45,12,’·è,10:32:00,,12,’â’â,495,480,15,45.6,66.8,60.8,175,
•½,¼‹ãBVŠ²ü,ã‚è,2014G,’·è,•—Y‰·ò,0_—·‹q,N700S,1,’·è,,09:08:45,14,æ|‘,09:17:15,09:18:15,11,’â’â,510,495,15,66.8,45.6,51.5,170,
•½,¼‹ãBVŠ²ü,ã‚è,2014G,’·è,•—Y‰·ò,0_—·‹q,N700S,2,æ|‘,09:17:15,09:18:15,11,V‘å‘º,09:24:00,09:25:00,11,’â’â,345,330,15,45.6,33.1,38.2,150,
•½,¼‹ãBVŠ²ü,ã‚è,2014G,’·è,•—Y‰·ò,0_—·‹q,N700S,3,V‘å‘º,09:24:00,09:25:00,11,Šð–ì‰·ò,09:32:30,09:33:30,11,’â’â,450,450,0,33.1,11.8,17.9,175,
•½,¼‹ãBVŠ²ü,ã‚è,2014G,’·è,•—Y‰·ò,0_—·‹q,N700S,4,Šð–ì‰·ò,09:32:30,09:33:30,11,•—Y‰·ò,09:39:00,,11,’â’â,330,315,15,11.8,0.8,6.4,175,
•½,¼‹ãBVŠ²ü,ã‚è,2018G,’·è,•—Y‰·ò,0_—·‹q,N700S,1,’·è,,09:50:00,12,æ|‘,09:58:00,09:59:00,11,’â’â,480,480,0,66.8,45.6,51.5,170,
•½,¼‹ãBVŠ²ü,ã‚è,2018G,’·è,•—Y‰·ò,0_—·‹q,N700S,2,æ|‘,09:58:00,09:59:00,11,V‘å‘º,Ú,10:03:45,11,’â’Ê,285,285,0,45.6,33.1,33.1,0,
•½,¼‹ãBVŠ²ü,ã‚è,2018G,’·è,•—Y‰·ò,0_—·‹q,N700S,3,V‘å‘º,Ú,10:03:45,11,Šð–ì‰·ò,Ú,10:09:15,11,’Ê’Ê,330,315,15,33.1,11.8,11.8,0,
•½,¼‹ãBVŠ²ü,ã‚è,2018G,’·è,•—Y‰·ò,0_—·‹q,N700S,4,Šð–ì‰·ò,Ú,10:09:15,11,•—Y‰·ò,10:13:30,,11,’Ê’â,255,255,0,11.8,0.8,6.3,175,
•½,¼‹ãBVŠ²ü,‰º‚è,2017G,•—Y‰·ò,’·è,0_—·‹q,N700S,1,•—Y‰·ò,,11:03:45,11,Šð–ì‰·ò,Ú,11:08:15,12,’â’Ê,270,255,15,0.8,11.8,11.8,0,
•½,¼‹ãBVŠ²ü,‰º‚è,2017G,•—Y‰·ò,’·è,0_—·‹q,N700S,2,Šð–ì‰·ò,Ú,11:08:15,12,V‘å‘º,Ú,11:13:45,12,’Ê’Ê,330,315,15,11.8,33.1,33.1,0,
•½,¼‹ãBVŠ²ü,‰º‚è,2017G,•—Y‰·ò,’·è,0_—·‹q,N700S,3,V‘å‘º,Ú,11:13:45,12,æ|‘,11:18:45,11:19:45,12,’Ê’â,300,300,0,33.1,45.6,40.2,165,
•½,¼‹ãBVŠ²ü,‰º‚è,2017G,•—Y‰·ò,’·è,0_—·‹q,N700S,4,æ|‘,11:18:45,11:19:45,12,’·è,11:28:00,,13,’â’â,495,480,15,45.6,66.8,60.8,175,
•½,¼‹ãBVŠ²ü,ã‚è,2022G,’·è,•—Y‰·ò,0_—·‹q,N700S,1,’·è,,10:44:30,13,æ|‘,10:53:00,10:54:00,11,’â’â,510,495,15,66.8,45.6,51.5,170,
•½,¼‹ãBVŠ²ü,ã‚è,2022G,’·è,•—Y‰·ò,0_—·‹q,N700S,2,æ|‘,10:53:00,10:54:00,11,V‘å‘º,10:59:45,11:00:45,11,’â’â,345,330,15,45.6,33.1,38.2,150,
•½,¼‹ãBVŠ²ü,ã‚è,2022G,’·è,•—Y‰·ò,0_—·‹q,N700S,3,V‘å‘º,10:59:45,11:00:45,11,Šð–ì‰·ò,11:08:30,11:09:30,11,’â’â,465,450,15,33.1,11.8,17.9,175,
•½,¼‹ãBVŠ²ü,ã‚è,2022G,’·è,•—Y‰·ò,0_—·‹q,N700S,4,Šð–ì‰·ò,11:08:30,11:09:30,11,•—Y‰·ò,11:15:00,,11,’â’â,330,315,15,11.8,0.8,6.4,175,
•½,¼‹ãBVŠ²ü,‰º‚è,2021G,•—Y‰·ò,’·è,0_—·‹q,N700S,1,•—Y‰·ò,,11:58:45,11,Šð–ì‰·ò,12:04:30,12:05:30,12,’â’â,345,330,15,0.8,11.8,6.6,150,
•½,¼‹ãBVŠ²ü,‰º‚è,2021G,•—Y‰·ò,’·è,0_—·‹q,N700S,2,Šð–ì‰·ò,12:04:30,12:05:30,12,V‘å‘º,12:13:30,12:14:30,12,’â’â,480,465,15,11.8,33.1,27.8,150,
•½,¼‹ãBVŠ²ü,‰º‚è,2021G,•—Y‰·ò,’·è,0_—·‹q,N700S,3,V‘å‘º,12:13:30,12:14:30,12,æ|‘,12:20:15,12:21:15,12,’â’â,345,330,15,33.1,45.6,40.2,165,
•½,¼‹ãBVŠ²ü,‰º‚è,2021G,•—Y‰·ò,’·è,0_—·‹q,N700S,4,æ|‘,12:20:15,12:21:15,12,’·è,12:29:30,,12,’â’â,495,480,15,45.6,66.8,60.8,175,
•½,¼‹ãBVŠ²ü,ã‚è,2026G,’·è,•—Y‰·ò,0_—·‹q,N700S,1,’·è,,11:45:30,12,æ|‘,11:54:00,11:55:00,11,’â’â,510,480,30,66.8,45.6,51.4,170,
•½,¼‹ãBVŠ²ü,ã‚è,2026G,’·è,•—Y‰·ò,0_—·‹q,N700S,2,æ|‘,11:54:00,11:55:00,11,V‘å‘º,12:00:45,12:01:45,11,’â’â,345,330,15,45.6,33.1,38.2,150,
•½,¼‹ãBVŠ²ü,ã‚è,2026G,’·è,•—Y‰·ò,0_—·‹q,N700S,3,V‘å‘º,12:00:45,12:01:45,11,Šð–ì‰·ò,Ú,12:08:15,11,’â’Ê,390,375,15,33.1,11.8,11.8,0,
•½,¼‹ãBVŠ²ü,ã‚è,2026G,’·è,•—Y‰·ò,0_—·‹q,N700S,4,Šð–ì‰·ò,Ú,12:08:15,11,•—Y‰·ò,12:13:00,,11,’Ê’â,285,255,30,11.8,0.8,6.3,175,
•½,¼‹ãBVŠ²ü,‰º‚è,2025G,•—Y‰·ò,’·è,0_—·‹q,N700S,1,•—Y‰·ò,,12:56:30,11,Šð–ì‰·ò,Ú,13:01:15,12,’â’Ê,285,255,30,0.8,11.8,11.8,0,
•½,¼‹ãBVŠ²ü,‰º‚è,2025G,•—Y‰·ò,’·è,0_—·‹q,N700S,2,Šð–ì‰·ò,Ú,13:01:15,12,V‘å‘º,13:08:00,13:09:00,12,’Ê’â,405,390,15,11.8,33.1,27.9,150,
•½,¼‹ãBVŠ²ü,‰º‚è,2025G,•—Y‰·ò,’·è,0_—·‹q,N700S,3,V‘å‘º,13:08:00,13:09:00,12,æ|‘,13:14:45,13:15:45,12,’â’â,345,330,15,33.1,45.6,40.2,165,
•½,¼‹ãBVŠ²ü,‰º‚è,2025G,•—Y‰·ò,’·è,0_—·‹q,N700S,4,æ|‘,13:14:45,13:15:45,12,’·è,13:24:00,,13,’â’â,495,480,15,45.6,66.8,60.8,175,
•½,¼‹ãBVŠ²ü,ã‚è,2030G,’·è,•—Y‰·ò,0_—·‹q,N700S,1,’·è,,12:42:15,13,æ|‘,12:50:45,12:51:45,11,’â’â,510,495,15,66.8,45.6,51.5,170,
•½,¼‹ãBVŠ²ü,ã‚è,2030G,’·è,•—Y‰·ò,0_—·‹q,N700S,2,æ|‘,12:50:45,12:51:45,11,V‘å‘º,12:57:30,12:58:30,11,’â’â,345,330,15,45.6,33.1,38.2,150,
•½,¼‹ãBVŠ²ü,ã‚è,2030G,’·è,•—Y‰·ò,0_—·‹q,N700S,3,V‘å‘º,12:57:30,12:58:30,11,Šð–ì‰·ò,13:06:15,13:07:15,11,’â’â,465,450,15,33.1,11.8,17.9,175,
•½,¼‹ãBVŠ²ü,ã‚è,2030G,’·è,•—Y‰·ò,0_—·‹q,N700S,4,Šð–ì‰·ò,13:06:15,13:07:15,11,•—Y‰·ò,13:12:45,,11,’â’â,330,315,15,11.8,0.8,6.4,175,
•½,¼‹ãBVŠ²ü,‰º‚è,2029G,•—Y‰·ò,’·è,0_—·‹q,N700S,1,•—Y‰·ò,,13:58:00,11,Šð–ì‰·ò,14:03:45,14:04:45,12,’â’â,345,330,15,0.8,11.8,6.6,150,
•½,¼‹ãBVŠ²ü,‰º‚è,2029G,•—Y‰·ò,’·è,0_—·‹q,N700S,2,Šð–ì‰·ò,14:03:45,14:04:45,12,V‘å‘º,14:12:45,14:13:45,12,’â’â,480,465,15,11.8,33.1,27.8,150,
•½,¼‹ãBVŠ²ü,‰º‚è,2029G,•—Y‰·ò,’·è,0_—·‹q,N700S,3,V‘å‘º,14:12:45,14:13:45,12,æ|‘,14:19:30,14:20:30,12,’â’â,345,330,15,33.1,45.6,40.2,165,
•½,¼‹ãBVŠ²ü,‰º‚è,2029G,•—Y‰·ò,’·è,0_—·‹q,N700S,4,æ|‘,14:19:30,14:20:30,12,’·è,14:28:45,,12,’â’â,495,480,15,45.6,66.8,60.8,175,
•½,¼‹ãBVŠ²ü,ã‚è,2034G,’·è,•—Y‰·ò,0_—·‹q,N700S,1,’·è,,13:45:30,12,æ|‘,13:54:00,13:55:00,11,’â’â,510,480,30,66.8,45.6,51.4,170,
•½,¼‹ãBVŠ²ü,ã‚è,2034G,’·è,•—Y‰·ò,0_—·‹q,N700S,2,æ|‘,13:54:00,13:55:00,11,V‘å‘º,14:00:45,14:01:45,11,’â’â,345,330,15,45.6,33.1,38.2,150,
•½,¼‹ãBVŠ²ü,ã‚è,2034G,’·è,•—Y‰·ò,0_—·‹q,N700S,3,V‘å‘º,14:00:45,14:01:45,11,Šð–ì‰·ò,Ú,14:08:15,11,’â’Ê,390,375,15,33.1,11.8,11.8,0,
•½,¼‹ãBVŠ²ü,ã‚è,2034G,’·è,•—Y‰·ò,0_—·‹q,N700S,4,Šð–ì‰·ò,Ú,14:08:15,11,•—Y‰·ò,14:13:00,,11,’Ê’â,285,255,30,11.8,0.8,6.3,175,
•½,¼‹ãBVŠ²ü,‰º‚è,2033G,•—Y‰·ò,’·è,0_—·‹q,N700S,1,•—Y‰·ò,,14:57:00,11,Šð–ì‰·ò,Ú,15:01:30,12,’â’Ê,270,255,15,0.8,11.8,11.8,0,
•½,¼‹ãBVŠ²ü,‰º‚è,2033G,•—Y‰·ò,’·è,0_—·‹q,N700S,2,Šð–ì‰·ò,Ú,15:01:30,12,V‘å‘º,15:08:15,15:09:15,12,’Ê’â,405,390,15,11.8,33.1,27.9,150,
•½,¼‹ãBVŠ²ü,‰º‚è,2033G,•—Y‰·ò,’·è,0_—·‹q,N700S,3,V‘å‘º,15:08:15,15:09:15,12,æ|‘,15:15:00,15:16:00,12,’â’â,345,330,15,33.1,45.6,40.2,165,
•½,¼‹ãBVŠ²ü,‰º‚è,2033G,•—Y‰·ò,’·è,0_—·‹q,N700S,4,æ|‘,15:15:00,15:16:00,12,’·è,15:24:15,,13,’â’â,495,480,15,45.6,66.8,60.8,175,
•½,¼‹ãBVŠ²ü,ã‚è,2038G,’·è,•—Y‰·ò,0_—·‹q,N700S,1,’·è,,14:43:00,13,æ|‘,14:51:15,14:52:15,11,’â’â,495,495,0,66.8,45.6,51.5,170,
•½,¼‹ãBVŠ²ü,ã‚è,2038G,’·è,•—Y‰·ò,0_—·‹q,N700S,2,æ|‘,14:51:15,14:52:15,11,V‘å‘º,14:58:00,14:59:00,11,’â’â,345,330,15,45.6,33.1,38.2,150,
•½,¼‹ãBVŠ²ü,ã‚è,2038G,’·è,•—Y‰·ò,0_—·‹q,N700S,3,V‘å‘º,14:58:00,14:59:00,11,Šð–ì‰·ò,15:06:45,15:07:45,11,’â’â,465,450,15,33.1,11.8,17.9,175,
•½,¼‹ãBVŠ²ü,ã‚è,2038G,’·è,•—Y‰·ò,0_—·‹q,N700S,4,Šð–ì‰·ò,15:06:45,15:07:45,11,•—Y‰·ò,15:13:30,,11,’â’â,345,315,30,11.8,0.8,6.4,175,
•½,¼‹ãBVŠ²ü,‰º‚è,2037G,•—Y‰·ò,’·è,0_—·‹q,N700S,1,•—Y‰·ò,,15:57:30,11,Šð–ì‰·ò,16:03:15,16:04:15,12,’â’â,345,330,15,0.8,11.8,6.6,150,
•½,¼‹ãBVŠ²ü,‰º‚è,2037G,•—Y‰·ò,’·è,0_—·‹q,N700S,2,Šð–ì‰·ò,16:03:15,16:04:15,12,V‘å‘º,16:12:15,16:13:15,12,’â’â,480,465,15,11.8,33.1,27.8,150,
•½,¼‹ãBVŠ²ü,‰º‚è,2037G,•—Y‰·ò,’·è,0_—·‹q,N700S,3,V‘å‘º,16:12:15,16:13:15,12,æ|‘,16:19:00,16:20:00,12,’â’â,345,330,15,33.1,45.6,40.2,165,
•½,¼‹ãBVŠ²ü,‰º‚è,2037G,•—Y‰·ò,’·è,0_—·‹q,N700S,4,æ|‘,16:19:00,16:20:00,12,’·è,16:28:15,,11,’â’â,495,480,15,45.6,66.8,60.8,175,
•½,¼‹ãBVŠ²ü,ã‚è,2042G,’·è,•—Y‰·ò,0_—·‹q,N700S,1,’·è,,15:42:00,12,æ|‘,15:50:15,15:51:15,11,’â’â,495,480,15,66.8,45.6,51.5,170,
•½,¼‹ãBVŠ²ü,ã‚è,2042G,’·è,•—Y‰·ò,0_—·‹q,N700S,2,æ|‘,15:50:15,15:51:15,11,V‘å‘º,15:57:00,15:58:00,11,’â’â,345,330,15,45.6,33.1,38.2,150,
•½,¼‹ãBVŠ²ü,ã‚è,2042G,’·è,•—Y‰·ò,0_—·‹q,N700S,3,V‘å‘º,15:57:00,15:58:00,11,Šð–ì‰·ò,16:05:45,16:06:45,11,’â’â,465,450,15,33.1,11.8,17.9,175,
•½,¼‹ãBVŠ²ü,ã‚è,2042G,’·è,•—Y‰·ò,0_—·‹q,N700S,4,Šð–ì‰·ò,16:05:45,16:06:45,11,•—Y‰·ò,16:12:15,,11,’â’â,330,315,15,11.8,0.8,6.4,175,
•½,¼‹ãBVŠ²ü,‰º‚è,2041G,•—Y‰·ò,’·è,0_—·‹q,N700S,1,•—Y‰·ò,,16:58:00,11,Šð–ì‰·ò,Ú,17:02:30,12,’â’Ê,270,255,15,0.8,11.8,11.8,0,
•½,¼‹ãBVŠ²ü,‰º‚è,2041G,•—Y‰·ò,’·è,0_—·‹q,N700S,2,Šð–ì‰·ò,Ú,17:02:30,12,V‘å‘º,Ú,17:08:00,12,’Ê’Ê,330,315,15,11.8,33.1,33.1,0,
•½,¼‹ãBVŠ²ü,‰º‚è,2041G,•—Y‰·ò,’·è,0_—·‹q,N700S,3,V‘å‘º,Ú,17:08:00,12,æ|‘,17:13:15,17:14:15,12,’Ê’â,315,300,15,33.1,45.6,40.2,165,
•½,¼‹ãBVŠ²ü,‰º‚è,2041G,•—Y‰·ò,’·è,0_—·‹q,N700S,4,æ|‘,17:13:15,17:14:15,12,’·è,17:22:30,,12,’â’â,495,480,15,45.6,66.8,60.8,175,
•½,¼‹ãBVŠ²ü,‰º‚è,2043G,•—Y‰·ò,’·è,0_—·‹q,N700S,1,•—Y‰·ò,,17:22:00,11,Šð–ì‰·ò,17:28:00,17:29:00,12,’â’â,360,330,30,0.8,11.8,6.6,150,
•½,¼‹ãBVŠ²ü,‰º‚è,2043G,•—Y‰·ò,’·è,0_—·‹q,N700S,2,Šð–ì‰·ò,17:28:00,17:29:00,12,V‘å‘º,17:37:00,17:38:00,12,’â’â,480,465,15,11.8,33.1,27.8,150,
•½,¼‹ãBVŠ²ü,‰º‚è,2043G,•—Y‰·ò,’·è,0_—·‹q,N700S,3,V‘å‘º,17:37:00,17:38:00,12,æ|‘,17:43:45,17:44:45,12,’â’â,345,330,15,33.1,45.6,40.2,165,
•½,¼‹ãBVŠ²ü,‰º‚è,2043G,•—Y‰·ò,’·è,0_—·‹q,N700S,4,æ|‘,17:43:45,17:44:45,12,’·è,17:53:00,,13,’â’â,495,480,15,45.6,66.8,60.8,175,
•½,¼‹ãBVŠ²ü,ã‚è,2046G,’·è,•—Y‰·ò,0_—·‹q,N700S,1,’·è,,16:42:30,13,æ|‘,16:51:00,16:52:00,11,’â’â,510,495,15,66.8,45.6,51.4,170,
•½,¼‹ãBVŠ²ü,ã‚è,2046G,’·è,•—Y‰·ò,0_—·‹q,N700S,2,æ|‘,16:51:00,16:52:00,11,V‘å‘º,16:57:45,16:58:45,11,’â’â,345,330,15,45.6,33.1,38.2,150,
•½,¼‹ãBVŠ²ü,ã‚è,2046G,’·è,•—Y‰·ò,0_—·‹q,N700S,3,V‘å‘º,16:57:45,16:58:45,11,Šð–ì‰·ò,Ú,17:05:15,11,’â’Ê,390,405,15,33.1,11.8,11.8,0,
•½,¼‹ãBVŠ²ü,ã‚è,2046G,’·è,•—Y‰·ò,0_—·‹q,N700S,4,Šð–ì‰·ò,Ú,17:05:15,11,•—Y‰·ò,17:10:00,,11,’Ê’â,285,255,30,11.8,0.8,6.3,175,
•½,¼‹ãBVŠ²ü,‰º‚è,2047G,•—Y‰·ò,’·è,0_—·‹q,N700S,1,•—Y‰·ò,,18:01:00,11,Šð–ì‰·ò,Ú,18:05:45,12,’â’Ê,285,255,30,0.8,11.8,11.8,0,
•½,¼‹ãBVŠ²ü,‰º‚è,2047G,•—Y‰·ò,’·è,0_—·‹q,N700S,2,Šð–ì‰·ò,Ú,18:05:45,12,V‘å‘º,Ú,18:11:15,12,’Ê’Ê,330,315,15,11.8,33.1,33.1,0,
•½,¼‹ãBVŠ²ü,‰º‚è,2047G,•—Y‰·ò,’·è,0_—·‹q,N700S,3,V‘å‘º,Ú,18:11:15,12,æ|‘,18:16:30,18:17:30,12,’Ê’â,315,300,15,33.1,45.6,40.2,165,
•½,¼‹ãBVŠ²ü,‰º‚è,2047G,•—Y‰·ò,’·è,0_—·‹q,N700S,4,æ|‘,18:16:30,18:17:30,12,’·è,18:25:45,,11,’â’â,495,480,15,45.6,66.8,60.8,175,
•½,¼‹ãBVŠ²ü,ã‚è,2048G,’·è,•—Y‰·ò,0_—·‹q,N700S,1,’·è,,17:13:45,11,æ|‘,17:22:15,17:23:15,11,’â’â,510,495,15,66.8,45.6,51.5,170,
•½,¼‹ãBVŠ²ü,ã‚è,2048G,’·è,•—Y‰·ò,0_—·‹q,N700S,2,æ|‘,17:22:15,17:23:15,11,V‘å‘º,17:29:00,17:30:00,11,’â’â,345,330,15,45.6,33.1,38.2,150,
•½,¼‹ãBVŠ²ü,ã‚è,2048G,’·è,•—Y‰·ò,0_—·‹q,N700S,3,V‘å‘º,17:29:00,17:30:00,11,Šð–ì‰·ò,17:37:45,17:38:45,11,’â’â,465,450,15,33.1,11.8,17.9,175,
•½,¼‹ãBVŠ²ü,ã‚è,2048G,’·è,•—Y‰·ò,0_—·‹q,N700S,4,Šð–ì‰·ò,17:37:45,17:38:45,11,•—Y‰·ò,17:44:30,,11,’â’â,345,315,30,11.8,0.8,6.4,175,
•½,¼‹ãBVŠ²ü,‰º‚è,2049G,•—Y‰·ò,’·è,0_—·‹q,N700S,1,•—Y‰·ò,,18:38:15,11,Šð–ì‰·ò,18:44:15,18:45:15,12,’â’â,360,330,30,0.8,11.8,6.6,150,
•½,¼‹ãBVŠ²ü,‰º‚è,2049G,•—Y‰·ò,’·è,0_—·‹q,N700S,2,Šð–ì‰·ò,18:44:15,18:45:15,12,V‘å‘º,18:53:15,18:54:15,12,’â’â,480,465,15,11.8,33.1,27.8,150,
•½,¼‹ãBVŠ²ü,‰º‚è,2049G,•—Y‰·ò,’·è,0_—·‹q,N700S,3,V‘å‘º,18:53:15,18:54:15,12,æ|‘,19:00:00,19:01:00,12,’â’â,345,330,15,33.1,45.6,40.2,165,
•½,¼‹ãBVŠ²ü,‰º‚è,2049G,•—Y‰·ò,’·è,0_—·‹q,N700S,4,æ|‘,19:00:00,19:01:00,12,’·è,19:09:15,,14,’â’â,495,480,15,45.6,66.8,60.8,175,
•½,¼‹ãBVŠ²ü,ã‚è,2050G,’·è,•—Y‰·ò,0_—·‹q,N700S,1,’·è,,17:44:30,12,æ|‘,17:53:00,17:54:00,11,’â’â,510,480,30,66.8,45.6,51.5,170,
•½,¼‹ãBVŠ²ü,ã‚è,2050G,’·è,•—Y‰·ò,0_—·‹q,N700S,2,æ|‘,17:53:00,17:54:00,11,V‘å‘º,17:59:45,18:00:45,11,’â’â,345,330,15,45.6,33.1,38.2,150,
•½,¼‹ãBVŠ²ü,ã‚è,2050G,’·è,•—Y‰·ò,0_—·‹q,N700S,3,V‘å‘º,17:59:45,18:00:45,11,Šð–ì‰·ò,Ú,18:07:15,11,’â’Ê,390,405,15,33.1,11.8,11.8,0,
•½,¼‹ãBVŠ²ü,ã‚è,2050G,’·è,•—Y‰·ò,0_—·‹q,N700S,4,Šð–ì‰·ò,Ú,18:07:15,11,•—Y‰·ò,18:12:00,,11,’Ê’â,285,255,30,11.8,0.8,6.3,175,
•½,¼‹ãBVŠ²ü,‰º‚è,2051G,•—Y‰·ò,’·è,0_—·‹q,N700S,1,•—Y‰·ò,,19:04:00,11,Šð–ì‰·ò,Ú,19:08:30,12,’â’Ê,270,255,15,0.8,11.8,11.8,0,
•½,¼‹ãBVŠ²ü,‰º‚è,2051G,•—Y‰·ò,’·è,0_—·‹q,N700S,2,Šð–ì‰·ò,Ú,19:08:30,12,V‘å‘º,Ú,19:14:00,12,’Ê’Ê,330,315,15,11.8,33.1,33.1,0,
•½,¼‹ãBVŠ²ü,‰º‚è,2051G,•—Y‰·ò,’·è,0_—·‹q,N700S,3,V‘å‘º,Ú,19:14:00,12,æ|‘,19:19:15,19:20:15,12,’Ê’â,315,300,15,33.1,45.6,40.2,165,
•½,¼‹ãBVŠ²ü,‰º‚è,2051G,•—Y‰·ò,’·è,0_—·‹q,N700S,4,æ|‘,19:19:15,19:20:15,12,’·è,19:28:30,,12,’â’â,495,480,15,45.6,66.8,60.8,175,
•½,¼‹ãBVŠ²ü,ã‚è,2052G,’·è,•—Y‰·ò,0_—·‹q,N700S,1,’·è,,18:19:15,13,æ|‘,18:27:30,18:28:30,11,’â’â,495,495,0,66.8,45.6,51.5,170,
•½,¼‹ãBVŠ²ü,ã‚è,2052G,’·è,•—Y‰·ò,0_—·‹q,N700S,2,æ|‘,18:27:30,18:28:30,11,V‘å‘º,18:34:00,18:35:00,11,’â’â,330,330,0,45.6,33.1,38.2,150,
•½,¼‹ãBVŠ²ü,ã‚è,2052G,’·è,•—Y‰·ò,0_—·‹q,N700S,3,V‘å‘º,18:34:00,18:35:00,11,Šð–ì‰·ò,18:43:00,18:44:00,11,’â’â,480,450,30,33.1,11.8,17.9,175,
•½,¼‹ãBVŠ²ü,ã‚è,2052G,’·è,•—Y‰·ò,0_—·‹q,N700S,4,Šð–ì‰·ò,18:43:00,18:44:00,11,•—Y‰·ò,18:50:00,,11,’â’â,360,315,45,11.8,0.8,6.4,175,
•½,¼‹ãBVŠ²ü,‰º‚è,2053G,•—Y‰·ò,’·è,0_—·‹q,N700S,1,•—Y‰·ò,,19:27:00,11,Šð–ì‰·ò,19:32:45,19:33:45,12,’â’â,345,330,15,0.8,11.8,6.6,150,
•½,¼‹ãBVŠ²ü,‰º‚è,2053G,•—Y‰·ò,’·è,0_—·‹q,N700S,2,Šð–ì‰·ò,19:32:45,19:33:45,12,V‘å‘º,19:41:45,19:42:45,12,’â’â,480,465,15,11.8,33.1,27.8,150,
•½,¼‹ãBVŠ²ü,‰º‚è,2053G,•—Y‰·ò,’·è,0_—·‹q,N700S,3,V‘å‘º,19:41:45,19:42:45,12,æ|‘,19:48:30,19:49:30,12,’â’â,345,330,15,33.1,45.6,40.2,165,
•½,¼‹ãBVŠ²ü,‰º‚è,2053G,•—Y‰·ò,’·è,0_—·‹q,N700S,4,æ|‘,19:48:30,19:49:30,12,’·è,19:57:45,,13,’â’â,495,480,15,45.6,66.8,60.8,175,
•½,¼‹ãBVŠ²ü,ã‚è,2054G,’·è,•—Y‰·ò,0_—·‹q,N700S,1,’·è,,18:47:45,11,æ|‘,18:56:00,18:57:00,11,’â’â,495,495,0,66.8,45.6,51.5,170,
•½,¼‹ãBVŠ²ü,ã‚è,2054G,’·è,•—Y‰·ò,0_—·‹q,N700S,2,æ|‘,18:56:00,18:57:00,11,V‘å‘º,19:02:45,19:03:45,11,’â’â,345,330,15,45.6,33.1,38.2,150,
•½,¼‹ãBVŠ²ü,ã‚è,2054G,’·è,•—Y‰·ò,0_—·‹q,N700S,3,V‘å‘º,19:02:45,19:03:45,11,Šð–ì‰·ò,Ú,19:10:15,11,’â’Ê,390,405,15,33.1,11.8,11.8,0,
•½,¼‹ãBVŠ²ü,ã‚è,2054G,’·è,•—Y‰·ò,0_—·‹q,N700S,4,Šð–ì‰·ò,Ú,19:10:15,11,•—Y‰·ò,19:15:00,,11,’Ê’â,285,255,30,11.8,0.8,6.4,175,
•½,¼‹ãBVŠ²ü,‰º‚è,2055G,•—Y‰·ò,’·è,0_—·‹q,N700S,1,•—Y‰·ò,,20:05:00,11,Šð–ì‰·ò,Ú,20:09:30,12,’â’Ê,270,255,15,0.8,11.8,11.8,0,
•½,¼‹ãBVŠ²ü,‰º‚è,2055G,•—Y‰·ò,’·è,0_—·‹q,N700S,2,Šð–ì‰·ò,Ú,20:09:30,12,V‘å‘º,Ú,20:15:00,12,’Ê’Ê,330,315,15,11.8,33.1,33.1,0,
•½,¼‹ãBVŠ²ü,‰º‚è,2055G,•—Y‰·ò,’·è,0_—·‹q,N700S,3,V‘å‘º,Ú,20:15:00,12,æ|‘,20:20:15,20:21;15,12,’Ê’â,315,300,15,33.1,45.6,40.2,165,
•½,¼‹ãBVŠ²ü,‰º‚è,2055G,•—Y‰·ò,’·è,0_—·‹q,N700S,4,æ|‘,20:20:15,20:21;15,12,’·è,20:29:30,,11,’â’â,495,480,15,45.6,66.8,60.8,175,
•½,¼‹ãBVŠ²ü,ã‚è,2056G,’·è,•—Y‰·ò,0_—·‹q,N700S,1,’·è,,19:22:15,13,æ|‘,19:30:45,19:31:45,11,’â’â,510,495,15,66.8,45.6,51.5,170,
•½,¼‹ãBVŠ²ü,ã‚è,2056G,’·è,•—Y‰·ò,0_—·‹q,N700S,2,æ|‘,19:30:45,19:31:45,11,V‘å‘º,19:37:30,19:38:30,11,’â’â,345,330,15,45.6,33.1,38.2,150,
•½,¼‹ãBVŠ²ü,ã‚è,2056G,’·è,•—Y‰·ò,0_—·‹q,N700S,3,V‘å‘º,19:37:30,19:38:30,11,Šð–ì‰·ò,19:46:15,19:47:15,11,’â’â,465,450,15,33.1,11.8,17.9,175,
•½,¼‹ãBVŠ²ü,ã‚è,2056G,’·è,•—Y‰·ò,0_—·‹q,N700S,4,Šð–ì‰·ò,19:46:15,19:47:15,11,•—Y‰·ò,19:52:45,,11,’â’â,330,315,15,11.8,0.8,6.4,175,
•½,¼‹ãBVŠ²ü,‰º‚è,2057G,•—Y‰·ò,’·è,0_—·‹q,N700S,1,•—Y‰·ò,,20:31:00,11,Šð–ì‰·ò,20:36:45,20:37:45,12,’â’â,345,330,15,0.8,11.8,6.6,150,
•½,¼‹ãBVŠ²ü,‰º‚è,2057G,•—Y‰·ò,’·è,0_—·‹q,N700S,2,Šð–ì‰·ò,20:36:45,20:37:45,12,V‘å‘º,20:45:45,20:46:45,12,’â’â,480,465,15,11.8,33.1,27.8,150,
•½,¼‹ãBVŠ²ü,‰º‚è,2057G,•—Y‰·ò,’·è,0_—·‹q,N700S,3,V‘å‘º,20:45:45,20:46:45,12,æ|‘,20:52:30,20:53:30,12,’â’â,345,330,15,33.1,45.6,40.2,165,
•½,¼‹ãBVŠ²ü,‰º‚è,2057G,•—Y‰·ò,’·è,0_—·‹q,N700S,4,æ|‘,20:52:30,20:53:30,12,’·è,21:01:45,,14,’â’â,495,480,15,45.6,66.8,60.8,175,
•½,¼‹ãBVŠ²ü,ã‚è,2058G,’·è,•—Y‰·ò,0_—·‹q,N700S,1,’·è,,19:48:45,12,æ|‘,19:57:00,19:58:00,11,’â’â,495,480,15,66.8,45.6,51.5,170,
•½,¼‹ãBVŠ²ü,ã‚è,2058G,’·è,•—Y‰·ò,0_—·‹q,N700S,2,æ|‘,19:57:00,19:58:00,11,V‘å‘º,20:03:45,20:04:45,11,’â’â,345,330,15,45.6,33.1,38.2,150,
•½,¼‹ãBVŠ²ü,ã‚è,2058G,’·è,•—Y‰·ò,0_—·‹q,N700S,3,V‘å‘º,20:03:45,20:04:45,11,Šð–ì‰·ò,Ú,20:11:15,11,’â’Ê,390,405,15,33.1,11.8,11.8,0,
•½,¼‹ãBVŠ²ü,ã‚è,2058G,’·è,•—Y‰·ò,0_—·‹q,N700S,4,Šð–ì‰·ò,Ú,20:11:15,11,•—Y‰·ò,20:16:00,,11,’Ê’â,285,255,30,11.8,0.8,6.4,175,
•½,¼‹ãBVŠ²ü,‰º‚è,2059G,•—Y‰·ò,’·è,0_—·‹q,N700S,1,•—Y‰·ò,,21:06:45,11,Šð–ì‰·ò,Ú,21:11:15,12,’â’Ê,270,255,15,0.8,11.8,11.8,0,
•½,¼‹ãBVŠ²ü,‰º‚è,2059G,•—Y‰·ò,’·è,0_—·‹q,N700S,2,Šð–ì‰·ò,Ú,21:11:15,12,V‘å‘º,21:18:00,21:19:00,12,’Ê’â,405,390,15,11.8,33.1,27.8,150,
•½,¼‹ãBVŠ²ü,‰º‚è,2059G,•—Y‰·ò,’·è,0_—·‹q,N700S,3,V‘å‘º,21:18:00,21:19:00,12,æ|‘,21:24:45,21:25:45,12,’â’â,345,330,15,33.1,45.6,40.2,165,
•½,¼‹ãBVŠ²ü,‰º‚è,2059G,•—Y‰·ò,’·è,0_—·‹q,N700S,4,æ|‘,21:24:45,21:25:45,12,’·è,21:34:00,,12,’â’â,495,480,15,45.6,66.8,60.8,175,
•½,¼‹ãBVŠ²ü,ã‚è,2060G,’·è,•—Y‰·ò,0_—·‹q,N700S,1,’·è,,20:20:30,13,æ|‘,20:29:00,20:30:00,11,’â’â,510,495,15,66.8,45.6,51.5,170,
•½,¼‹ãBVŠ²ü,ã‚è,2060G,’·è,•—Y‰·ò,0_—·‹q,N700S,2,æ|‘,20:29:00,20:30:00,11,V‘å‘º,20:35:45,20:36:45,11,’â’â,345,330,15,45.6,33.1,38.2,150,
•½,¼‹ãBVŠ²ü,ã‚è,2060G,’·è,•—Y‰·ò,0_—·‹q,N700S,3,V‘å‘º,20:35:45,20:36:45,11,Šð–ì‰·ò,20:44:30,20:45:30,11,’â’â,465,450,15,33.1,11.8,17.9,175,
•½,¼‹ãBVŠ²ü,ã‚è,2060G,’·è,•—Y‰·ò,0_—·‹q,N700S,4,Šð–ì‰·ò,20:44:30,20:45:30,11,•—Y‰·ò,20:51:15,,11,’â’â,345,315,30,11.8,0.8,6.4,175,
•½,¼‹ãBVŠ²ü,‰º‚è,2063G,•—Y‰·ò,’·è,0_—·‹q,N700S,1,•—Y‰·ò,,22:04:30,11,Šð–ì‰·ò,22:10:15,22:11:15,12,’â’â,345,330,15,0.8,11.8,6.6,150,
•½,¼‹ãBVŠ²ü,‰º‚è,2063G,•—Y‰·ò,’·è,0_—·‹q,N700S,2,Šð–ì‰·ò,22:10:15,22:11:15,12,V‘å‘º,22:19:15,22:20:15,12,’â’â,480,465,15,11.8,33.1,27.8,150,
•½,¼‹ãBVŠ²ü,‰º‚è,2063G,•—Y‰·ò,’·è,0_—·‹q,N700S,3,V‘å‘º,22:19:15,22:20:15,12,æ|‘,22:25:45,22:26:45,12,’â’â,330,330,0,33.1,45.6,40.2,165,
•½,¼‹ãBVŠ²ü,‰º‚è,2063G,•—Y‰·ò,’·è,0_—·‹q,N700S,4,æ|‘,22:25:45,22:26:45,12,’·è,22:35:00,,13,’â’â,495,480,15,45.6,66.8,60.8,175,
•½,¼‹ãBVŠ²ü,ã‚è,2064G,’·è,•—Y‰·ò,0_—·‹q,N700S,1,’·è,,21:18:00,14,æ|‘,21:26:15,21:27:15,11,’â’â,495,495,0,66.8,45.6,51.5,170,
•½,¼‹ãBVŠ²ü,ã‚è,2064G,’·è,•—Y‰·ò,0_—·‹q,N700S,2,æ|‘,21:26:15,21:27:15,11,V‘å‘º,21:33:00,21:34:00,11,’â’â,345,330,15,45.6,33.1,38.2,150,
•½,¼‹ãBVŠ²ü,ã‚è,2064G,’·è,•—Y‰·ò,0_—·‹q,N700S,3,V‘å‘º,21:33:00,21:34:00,11,Šð–ì‰·ò,Ú,21:40:30,11,’â’Ê,390,375,15,33.1,11.8,11.8,0,
•½,¼‹ãBVŠ²ü,ã‚è,2064G,’·è,•—Y‰·ò,0_—·‹q,N700S,4,Šð–ì‰·ò,Ú,21:40:30,11,•—Y‰·ò,21:45:00,,11,’Ê’â,270,255,15,11.8,0.8,6.4,175,
•½,¼‹ãBVŠ²ü,ã‚è,2066G,’·è,•—Y‰·ò,0_—·‹q,N700S,1,’·è,,22:10:00,12,æ|‘,22:18:15,22:19:15,11,’â’â,495,480,15,66.8,45.6,51.5,170,
•½,¼‹ãBVŠ²ü,ã‚è,2066G,’·è,•—Y‰·ò,0_—·‹q,N700S,2,æ|‘,22:18:15,22:19:15,11,V‘å‘º,22:25:00,22:26:00,11,’â’â,345,330,15,45.6,33.1,38.2,150,
•½,¼‹ãBVŠ²ü,ã‚è,2066G,’·è,•—Y‰·ò,0_—·‹q,N700S,3,V‘å‘º,22:25:00,22:26:00,11,Šð–ì‰·ò,22:33:45,22:34:45,11,’â’â,465,450,15,33.1,11.8,17.9,175,
•½,¼‹ãBVŠ²ü,ã‚è,2066G,’·è,•—Y‰·ò,0_—·‹q,N700S,4,Šð–ì‰·ò,22:33:45,22:34:45,11,•—Y‰·ò,22:40:15,,11,’â’â,330,315,15,11.8,0.8,6.4,175,
•½,¼‹ãBVŠ²ü,‰º‚è,2067G,•—Y‰·ò,’·è,0_—·‹q,N700S,1,•—Y‰·ò,,23:17:15,11,Šð–ì‰·ò,Ú,23:21:45,12,’â’Ê,270,255,15,0.8,11.8,11.8,0,
•½,¼‹ãBVŠ²ü,‰º‚è,2067G,•—Y‰·ò,’·è,0_—·‹q,N700S,2,Šð–ì‰·ò,Ú,23:21:45,12,V‘å‘º,23:28:30,23:29:30,12,’Ê’â,405,390,15,11.8,33.1,27.9,150,
•½,¼‹ãBVŠ²ü,‰º‚è,2067G,•—Y‰·ò,’·è,0_—·‹q,N700S,3,V‘å‘º,23:28:30,23:29:30,12,æ|‘,23:35:15,23:36:15,12,’â’â,345,330,15,33.1,45.6,40.2,165,
•½,¼‹ãBVŠ²ü,‰º‚è,2067G,•—Y‰·ò,’·è,0_—·‹q,N700S,4,æ|‘,23:35:15,23:36:15,12,’·è,23:44:30,,14,’â’â,495,480,15,45.6,66.8,60.8,175,
•½,¼‹ãBVŠ²ü,‰º‚è,2101G,V‘å‘º,’·è,0_—·‹q,N700S,1,V‘å‘º,,6:20:30,12,æ|‘,06:26:30,06:27:30,12,’â’â,360,330,30,33.1,45.6,40.2,165,
•½,¼‹ãBVŠ²ü,‰º‚è,2101G,V‘å‘º,’·è,0_—·‹q,N700S,2,æ|‘,06:26:30,06:27:30,12,’·è,06:36:00,,11,’â’â,510,480,30,45.6,66.8,60.8,175,
•½,¼‹ãBVŠ²ü,ã‚è,2102G,’·è,V‘å‘º,0_—·‹q,N700S,1,’·è,,23:30:45,13,æ|‘,23:39:15,23:40:15,11,’â’â,510,495,15,66.8,45.6,51.5,170,
•½,¼‹ãBVŠ²ü,ã‚è,2102G,’·è,V‘å‘º,0_—·‹q,N700S,2,æ|‘,23:39:15,23:40:15,11,V‘å‘º,23:46:15,,11,’â’â,360,330,30,45.6,33.1,38.2,150,
•½,¼‹ãBVŠ²ü,‰º‚è,2103G,V‘å‘º,’·è,0_—·‹q,N700S,1,V‘å‘º,,8:12:00,12,æ|‘,8:17:30,8:18:30,12,’â’â,330,330,0,33.1,45.6,40.2,165,
•½,¼‹ãBVŠ²ü,‰º‚è,2103G,V‘å‘º,’·è,0_—·‹q,N700S,2,æ|‘,8:17:30,8:18:30,12,’·è,8:26:30,,11,’â’â,480,480,0,45.6,66.8,60.8,175,
•½,¼‹ãBVŠ²ü,ã‚è,2250G,’·è,V‘å‘º,1_‰ñ‘—,N700S,1,’·è,,20:45:00,11,æ|‘,Ú,20:52:30,11,’â’Ê,450,450,0,66.8,45.6,45.6,0,
•½,¼‹ãBVŠ²ü,ã‚è,2250G,’·è,V‘å‘º,1_‰ñ‘—,N700S,2,æ|‘,Ú,20:52:30,11,V‘å‘º,20:58:00,,11,’Ê’â,330,300,30,45.6,33.1,38.2,150,
•½,¼‹ãBVŠ²ü,‰º‚è,6091G,•—Y‰·ò,’·è,0_—·‹q,N700S,1,•—Y‰·ò,,10:26:00,11,Šð–ì‰·ò,10:32:00,10:33:00,12,’â’â,360,330,30,0.8,11.8,6.8,150,
•½,¼‹ãBVŠ²ü,‰º‚è,6091G,•—Y‰·ò,’·è,0_—·‹q,N700S,2,Šð–ì‰·ò,10:32:00,10:33:00,12,V‘å‘º,10:41:00,10:42:00,12,’â’â,480,465,15,11.8,33.1,27.8,150,
•½,¼‹ãBVŠ²ü,‰º‚è,6091G,•—Y‰·ò,’·è,0_—·‹q,N700S,3,V‘å‘º,10:41:00,10:42:00,12,æ|‘,10:47:45,10:48:45,12,’â’â,345,330,15,33.1,45.6,40.2,165,
•½,¼‹ãBVŠ²ü,‰º‚è,6091G,•—Y‰·ò,’·è,0_—·‹q,N700S,4,æ|‘,10:47:45,10:48:45,12,’·è,10:57:00,,11,’â’â,495,480,15,45.6,66.8,60.8,175,
•½,¼‹ãBVŠ²ü,ã‚è,6092G,’·è,•—Y‰·ò,0_—·‹q,N700S,1,’·è,,10:06:30,13,æ|‘,10:15:00,10:16:00,11,’â’â,510,495,15,66.8,45.6,51.5,170,
•½,¼‹ãBVŠ²ü,ã‚è,6092G,’·è,•—Y‰·ò,0_—·‹q,N700S,2,æ|‘,10:15:00,10:16:00,11,V‘å‘º,10:21:30,10:22:30,11,’â’â,330,330,0,45.6,33.1,38.2,150,
•½,¼‹ãBVŠ²ü,ã‚è,6092G,’·è,•—Y‰·ò,0_—·‹q,N700S,3,V‘å‘º,10:21:30,10:22:30,11,Šð–ì‰·ò,10:30:15,10:31:15,11,’â’â,465,450,15,33.1,11.8,17.9,175,
•½,¼‹ãBVŠ²ü,ã‚è,6092G,’·è,•—Y‰·ò,0_—·‹q,N700S,4,Šð–ì‰·ò,10:30:15,10:31:15,11,•—Y‰·ò,10:37:00,,11,’â’â,345,315,30,11.8,0.8,6.4,175,
•½,¼‹ãBVŠ²ü,‰º‚è,6093G,•—Y‰·ò,’·è,0_—·‹q,N700S,1,•—Y‰·ò,,12:26:15,11,Šð–ì‰·ò,12:32:00,12:33:00,12,’â’â,345,330,15,0.8,11.8,6.8,150,
•½,¼‹ãBVŠ²ü,‰º‚è,6093G,•—Y‰·ò,’·è,0_—·‹q,N700S,2,Šð–ì‰·ò,12:32:00,12:33:00,12,V‘å‘º,12:41:00,12:42:00,12,’â’â,480,465,15,11.8,33.1,27.8,150,
•½,¼‹ãBVŠ²ü,‰º‚è,6093G,•—Y‰·ò,’·è,0_—·‹q,N700S,3,V‘å‘º,12:41:00,12:42:00,12,æ|‘,12:47:30,12:48:30,12,’â’â,330,330,0,33.1,45.6,40.2,165,
•½,¼‹ãBVŠ²ü,‰º‚è,6093G,•—Y‰·ò,’·è,0_—·‹q,N700S,4,æ|‘,12:47:30,12:48:30,12,’·è,12:56:45,,11,’â’â,495,480,15,45.6,66.8,60.8,175,
•½,¼‹ãBVŠ²ü,ã‚è,6094G,’·è,•—Y‰·ò,0_—·‹q,N700S,1,’·è,,12:12:00,11,æ|‘,12:20:30,12:21:30,11,’â’â,495,495,0,66.8,45.6,51.5,170,
•½,¼‹ãBVŠ²ü,ã‚è,6094G,’·è,•—Y‰·ò,0_—·‹q,N700S,2,æ|‘,12:20:30,12:21:30,11,V‘å‘º,12:27:15,12:28:15,11,’â’â,345,330,15,45.6,33.1,38.2,150,
•½,¼‹ãBVŠ²ü,ã‚è,6094G,’·è,•—Y‰·ò,0_—·‹q,N700S,3,V‘å‘º,12:27:15,12:28:15,11,Šð–ì‰·ò,12:36:00,12:37:00,11,’â’â,465,450,15,33.1,11.8,17.9,175,
•½,¼‹ãBVŠ²ü,ã‚è,6094G,’·è,•—Y‰·ò,0_—·‹q,N700S,4,Šð–ì‰·ò,12:36:00,12:37:00,11,•—Y‰·ò,12:42:30,,11,’â’â,330,315,15,11.8,0.8,6.4,175,
•½,¼‹ãBVŠ²ü,‰º‚è,6095G,•—Y‰·ò,’·è,0_—·‹q,N700S,1,•—Y‰·ò,,13:24:45,11,Šð–ì‰·ò,13:30:30,13:31:30,12,’â’â,345,330,15,0.8,11.8,6.8,150,
•½,¼‹ãBVŠ²ü,‰º‚è,6095G,•—Y‰·ò,’·è,0_—·‹q,N700S,2,Šð–ì‰·ò,13:30:30,13:31:30,12,V‘å‘º,13:39:30,13:40:30,12,’â’â,495,465,30,11.8,33.1,27.8,150,
•½,¼‹ãBVŠ²ü,‰º‚è,6095G,•—Y‰·ò,’·è,0_—·‹q,N700S,3,V‘å‘º,13:39:30,13:40:30,12,æ|‘,13:46:15,13:47:15,12,’â’â,345,330,15,33.1,45.6,40.2,165,
•½,¼‹ãBVŠ²ü,‰º‚è,6095G,•—Y‰·ò,’·è,0_—·‹q,N700S,4,æ|‘,13:46:15,13:47:15,12,’·è,13:55:30,,14,’â’â,495,480,15,45.6,66.8,60.8,175,
•½,¼‹ãBVŠ²ü,ã‚è,6096G,’·è,•—Y‰·ò,0_—·‹q,N700S,1,’·è,,13:14:15,11,æ|‘,13:22:45,13:23:45,11,’â’â,510,495,15,66.8,45.6,51.5,170,
•½,¼‹ãBVŠ²ü,ã‚è,6096G,’·è,•—Y‰·ò,0_—·‹q,N700S,2,æ|‘,13:22:45,13:23:45,11,V‘å‘º,13:29:30,13:30:30,11,’â’â,345,330,15,45.6,33.1,38.2,150,
•½,¼‹ãBVŠ²ü,ã‚è,6096G,’·è,•—Y‰·ò,0_—·‹q,N700S,3,V‘å‘º,13:29:30,13:30:30,11,Šð–ì‰·ò,13:38:15,13:39:15,11,’â’â,465,450,15,33.1,11.8,17.9,175,
•½,¼‹ãBVŠ²ü,ã‚è,6096G,’·è,•—Y‰·ò,0_—·‹q,N700S,4,Šð–ì‰·ò,13:38:15,13:39:15,11,•—Y‰·ò,13:44:45,,11,’â’â,330,315,15,11.8,0.8,6.4,175,
•½,¼‹ãBVŠ²ü,‰º‚è,6097G,•—Y‰·ò,’·è,0_—·‹q,N700S,1,•—Y‰·ò,,15:26:00,11,Šð–ì‰·ò,15:31:45,15:32:45,12,’â’â,345,330,15,0.8,11.8,6.8,0,
•½,¼‹ãBVŠ²ü,‰º‚è,6097G,•—Y‰·ò,’·è,0_—·‹q,N700S,2,Šð–ì‰·ò,15:31:45,15:32:45,12,V‘å‘º,15:40:45,15:41:45,12,’â’â,480,465,15,11.8,33.1,27.8,0,
•½,¼‹ãBVŠ²ü,‰º‚è,6097G,•—Y‰·ò,’·è,0_—·‹q,N700S,3,V‘å‘º,15:40:45,15:41:45,12,æ|‘,15:47:30,15:48:30,12,’â’â,345,330,15,33.1,45.6,40.2,165,
•½,¼‹ãBVŠ²ü,‰º‚è,6097G,•—Y‰·ò,’·è,0_—·‹q,N700S,4,æ|‘,15:47:30,15:48:30,12,’·è,15:56:45,,11,’â’â,495,480,15,45.6,66.8,60.8,175,
•½,¼‹ãBVŠ²ü,ã‚è,6098G,’·è,•—Y‰·ò,0_—·‹q,N700S,1,’·è,,15:14:00,12,æ|‘,15:22:15,15:23:15,11,’â’â,495,480,15,66.8,45.6,51.5,175,
•½,¼‹ãBVŠ²ü,ã‚è,6098G,’·è,•—Y‰·ò,0_—·‹q,N700S,2,æ|‘,15:22:15,15:23:15,11,V‘å‘º,15:28:45,15:29:45,11,’â’â,330,330,0,45.6,33.1,38.2,150,
•½,¼‹ãBVŠ²ü,ã‚è,6098G,’·è,•—Y‰·ò,0_—·‹q,N700S,3,V‘å‘º,15:28:45,15:29:45,11,Šð–ì‰·ò,15:37:30,15:38:30,11,’â’â,465,450,15,33.1,11.8,17.9,175,
•½,¼‹ãBVŠ²ü,ã‚è,6098G,’·è,•—Y‰·ò,0_—·‹q,N700S,4,Šð–ì‰·ò,15:37:30,15:38:30,11,•—Y‰·ò,15:44:00,,11,’â’â,330,315,15,11.8,0.8,6.4,175,
•½,¼‹ãBVŠ²ü,‰º‚è,6089G,•—Y‰·ò,’·è,0_—·‹q,N700S,1,•—Y‰·ò,,22:52:30,11,Šð–ì‰·ò,22:58:15,22:59:15,12,’â’â,330,330,0,0.8,11.8,6.8,150,
•½,¼‹ãBVŠ²ü,‰º‚è,6089G,•—Y‰·ò,’·è,0_—·‹q,N700S,2,Šð–ì‰·ò,22:58:15,22:59:15,12,V‘å‘º,23:07:15,23:08:15,12,’â’â,495,465,30,11.8,33.1,27.8,150,
•½,¼‹ãBVŠ²ü,‰º‚è,6089G,•—Y‰·ò,’·è,0_—·‹q,N700S,3,V‘å‘º,23:07:15,23:08:15,12,æ|‘,23:14:00,23:15:00,12,’â’â,345,330,15,33.1,45.6,40.2,165,
•½,¼‹ãBVŠ²ü,‰º‚è,6089G,•—Y‰·ò,’·è,0_—·‹q,N700S,4,æ|‘,23:14:00,23:15:00,12,’·è,23:23:15,,14,’â’â,495,480,15,45.6,66.8,60.8,175,
•½,¼‹ãBVŠ²ü,ã‚è,6086G,’·è,•—Y‰·ò,0_—·‹q,N700S,1,’·è,,15:14:00,13,æ|‘,15:22:15,15:23:15,11,’â’â,495,495,0,66.8,45.6,51.4,170,
•½,¼‹ãBVŠ²ü,ã‚è,6086G,’·è,•—Y‰·ò,0_—·‹q,N700S,2,æ|‘,15:22:15,15:23:15,11,V‘å‘º,15:29:00,15:30:00,11,’â’â,345,330,15,45.6,33.1,38.2,150,
•½,¼‹ãBVŠ²ü,ã‚è,6086G,’·è,•—Y‰·ò,0_—·‹q,N700S,3,V‘å‘º,15:29:00,15:30:00,11,Šð–ì‰·ò,15:37:45,15:38:45,11,’â’â,465,450,15,33.1,11.8,17.9,175,
•½,¼‹ãBVŠ²ü,ã‚è,6086G,’·è,•—Y‰·ò,0_—·‹q,N700S,4,Šð–ì‰·ò,15:37:45,15:38:45,11,•—Y‰·ò,15:44:00,,11,’â’â,315,315,0,11.8,0.8,6.3,175,
•½,¼‹ãBVŠ²ü,‰º‚è,6099G,•—Y‰·ò,’·è,0_—·‹q,N700S,1,•—Y‰·ò,,23:29:00,11,Šð–ì‰·ò,23:34:45,23:35:45,12,’â’â,345,330,15,0.8,11.8,6.8,150,
•½,¼‹ãBVŠ²ü,‰º‚è,6099G,•—Y‰·ò,’·è,0_—·‹q,N700S,2,Šð–ì‰·ò,23:34:45,23:35:45,12,V‘å‘º,23:43:45,23:44:45,12,’â’â,480,465,15,11.8,33.1,27.8,150,
•½,¼‹ãBVŠ²ü,‰º‚è,6099G,•—Y‰·ò,’·è,0_—·‹q,N700S,3,V‘å‘º,23:43:45,23:44:45,12,æ|‘,23:50:30,23:51:30,12,’â’â,345,330,15,33.1,45.6,40.2,165,
•½,¼‹ãBVŠ²ü,‰º‚è,6099G,•—Y‰·ò,’·è,0_—·‹q,N700S,4,æ|‘,23:50:30,23:51:30,12,’·è,23:59:45,,14,’â’â,495,480,15,45.6,66.8,60.8,175,
•½,¼‹ãBVŠ²ü,ã‚è,6088G,’·è,•—Y‰·ò,0_—·‹q,N700S,1,’·è,,17:00:00,11,æ|‘,17:08:15,17:09:15,11,’â’â,495,495,0,66.8,45.6,51.4,170,
•½,¼‹ãBVŠ²ü,ã‚è,6088G,’·è,•—Y‰·ò,0_—·‹q,N700S,2,æ|‘,17:08:15,17:09:15,11,V‘å‘º,17:15:00,17:16:00,11,’â’â,345,330,15,45.6,33.1,38.2,150,
•½,¼‹ãBVŠ²ü,ã‚è,6088G,’·è,•—Y‰·ò,0_—·‹q,N700S,3,V‘å‘º,17:15:00,17:16:00,11,Šð–ì‰·ò,17:23:45,17:24:45,11,’â’â,465,450,15,33.1,11.8,17.9,175,
•½,¼‹ãBVŠ²ü,ã‚è,6088G,’·è,•—Y‰·ò,0_—·‹q,N700S,4,Šð–ì‰·ò,17:23:45,17:24:45,11,•—Y‰·ò,17:30:00,,11,’â’â,315,315,0,11.8,0.8,6.3,175,
•½,¼‹ãBVŠ²ü,ã‚è,9286G,V‘å‘º,•—Y‰·ò,1_‰ñ‘—,N700S,1,V‘å‘º,,22:56:00,11,Šð–ì‰·ò,Ú,23:02:30,11,’â’Ê,390,375,15,33.1,11.8,11.8,0,
•½,¼‹ãBVŠ²ü,ã‚è,9286G,V‘å‘º,•—Y‰·ò,1_‰ñ‘—,N700S,2,Šð–ì‰·ò,Ú,23:02:30,11,•—Y‰·ò,23:07:00,,11,’Ê’â,270,255,15,11.8,0.8,6.3,175,
•½,¼‹ãBVŠ²ü,‰º‚è,9287G,V‘å‘º,’·è,1_‰ñ‘—,N700S,1,V‘å‘º,,16:29:00,12,æ|‘,Ú,16:34:45,12,’â’Ê,345,300,45,33.1,45.6,45.6,0,
•½,¼‹ãBVŠ²ü,‰º‚è,9287G,V‘å‘º,’·è,1_‰ñ‘—,N700S,2,æ|‘,Ú,16:34:45,12,’·è,16:42:15,,11,’Ê’â,450,450,0,45.6,66.8,60.8,175,
‹x,¼‹ãBVŠ²ü,ã‚è,9288G,’·è,V‘å‘º,1_‰ñ‘—,N700S,1,’·è,,0:00:45,11,æ|‘,Ú,0:12:45,11,’â’Ê,720,450,270,66.8,45.6,45.6,0,
‹x,¼‹ãBVŠ²ü,ã‚è,9288G,’·è,V‘å‘º,1_‰ñ‘—,N700S,2,æ|‘,Ú,0:12:45,11,V‘å‘º,0:20:00,,11,’Ê’â,435,300,135,45.6,33.1,38.2,150,
•½,¼‹ãBVŠ²ü,‰º‚è,9289G,•—Y‰·ò,’·è,1_‰ñ‘—,N700S,1,•—Y‰·ò,,20:22:30,12,Šð–ì‰·ò,Ú,20:27:00,12,’â’Ê,270,255,15,0.8,11.8,11.8,0,
•½,¼‹ãBVŠ²ü,‰º‚è,9289G,•—Y‰·ò,’·è,1_‰ñ‘—,N700S,2,Šð–ì‰·ò,Ú,20:27:00,12,V‘å‘º,Ú,20:32:30,12,’Ê’Ê,330,315,15,11.8,33.1,33.1,0,
•½,¼‹ãBVŠ²ü,‰º‚è,9289G,•—Y‰·ò,’·è,1_‰ñ‘—,N700S,3,V‘å‘º,Ú,20:32:30,12,æ|‘,Ú,20:37:00,12,’Ê’Ê,270,255,15,33.1,45.6,45.6,0,
•½,¼‹ãBVŠ²ü,‰º‚è,9289G,•—Y‰·ò,’·è,1_‰ñ‘—,N700S,4,æ|‘,Ú,20:37:00,12,’·è,20:44:45,,14,’Ê’â,465,450,15,45.6,66.8,60.8,175,
•½,¼‹ãBVŠ²ü,‰º‚è,9287G,V‘å‘º,’·è,1_‰ñ‘—,N700S,1,V‘å‘º,,16:29:00,12,æ|‘,Ú,16:34:45,12,’â’Ê,345,300,45,33.1,45.6,45.6,0,
•½,¼‹ãBVŠ²ü,‰º‚è,9287G,V‘å‘º,’·è,1_‰ñ‘—,N700S,2,æ|‘,Ú,16:34:45,12,’·è,16:42:15,,11,’Ê’â,450,450,0,45.6,66.8,60.8,175,
•½,¼‹ãBVŠ²ü,‰º‚è,9289G,•—Y‰·ò,’·è,1_‰ñ‘—,N700S,1,•—Y‰·ò,,20:22:30,11,Šð–ì‰·ò,Ú,20:27:00,12,’â’Ê,270,255,15,0.8,11.8,11.8,0,
•½,¼‹ãBVŠ²ü,‰º‚è,9289G,•—Y‰·ò,’·è,1_‰ñ‘—,N700S,2,Šð–ì‰·ò,Ú,20:27:00,12,V‘å‘º,Ú,20:32:30,12,’Ê’Ê,330,315,15,11.8,33.1,33.1,0,
•½,¼‹ãBVŠ²ü,‰º‚è,9289G,•—Y‰·ò,’·è,1_‰ñ‘—,N700S,3,V‘å‘º,Ú,20:32:30,12,æ|‘,Ú,20:37:00,12,’Ê’Ê,270,255,15,33.1,45.6,45.6,0,
•½,¼‹ãBVŠ²ü,‰º‚è,9289G,•—Y‰·ò,’·è,1_‰ñ‘—,N700S,4,æ|‘,Ú,20:37:00,12,’·è,20:44:45,,14,’Ê’â,465,450,15,45.6,66.8,60.8,175,
•½,¼‹ãBVŠ²ü,‰º‚è,3251G,V‘å‘º,’·è,1_‰ñ‘—,N700S,1,V‘å‘º,,10:35:00,12,æ|‘,Ú,10:41:00,12,’â’Ê,360,300,60,33.1,45.6,45.6,0,
•½,¼‹ãBVŠ²ü,‰º‚è,3251G,V‘å‘º,’·è,1_‰ñ‘—,N700S,2,æ|‘,Ú,10:41:00,12,’·è,10:49:30,,14,’Ê’â,510,450,60,45.6,66.8,60.8,175,
•½,¼‹ãBVŠ²ü,ã‚è,3252G,’·è,•—Y‰·ò,1_‰ñ‘—,N700S,1,’·è,,11:05:30,14,æ|‘,11:16:00,11:17:00,11,’â’â,630,495,135,66.8,45.6,51.5,170,
•½,¼‹ãBVŠ²ü,ã‚è,3252G,’·è,•—Y‰·ò,1_‰ñ‘—,N700S,2,æ|‘,11:16:00,11:17:00,11,V‘å‘º,Ú,11:22:00,11,’â’Ê,300,285,15,45.6,33.1,33.1,0,
•½,¼‹ãBVŠ²ü,ã‚è,3252G,’·è,•—Y‰·ò,1_‰ñ‘—,N700S,3,V‘å‘º,Ú,11:22:00,11,Šð–ì‰·ò,Ú,11:27:30,11,’Ê’Ê,330,315,15,33.1,11.8,11.8,0,
•½,¼‹ãBVŠ²ü,ã‚è,3252G,’·è,•—Y‰·ò,1_‰ñ‘—,N700S,4,Šð–ì‰·ò,Ú,11:27:30,11,•—Y‰·ò,11:32:30,,11,’Ê’â,300,255,45,11.8,0.8,6.3,175,
•½,¼‹ãBVŠ²ü,‰º‚è,3253G,•—Y‰·ò,’·è,1_‰ñ‘—,N700S,1,•—Y‰·ò,,11:46:00,11,Šð–ì‰·ò,Ú,11:51:15,12,’â’Ê,315,255,60,0.8,11.8,11.8,0,
•½,¼‹ãBVŠ²ü,‰º‚è,3253G,•—Y‰·ò,’·è,1_‰ñ‘—,N700S,2,Šð–ì‰·ò,Ú,11:51:15,12,V‘å‘º,Ú,11:57:30,12,’Ê’Ê,375,315,60,11.8,33.1,33.1,0,
•½,¼‹ãBVŠ²ü,‰º‚è,3253G,•—Y‰·ò,’·è,1_‰ñ‘—,N700S,3,V‘å‘º,Ú,11:57:30,12,æ|‘,12:03:30,12:04:30,12,’Ê’â,360,300,60,33.1,45.6,40.2,165,
•½,¼‹ãBVŠ²ü,‰º‚è,3253G,•—Y‰·ò,’·è,1_‰ñ‘—,N700S,4,æ|‘,12:03:30,12:04:30,12,’·è,12:13:30,,14,’â’â,540,480,60,45.6,66.8,60.8,175,
•½,¼‹ãBVŠ²ü,ã‚è,3254G,’·è,V‘å‘º,1_‰ñ‘—,N700S,1,’·è,,12:50:30,14,æ|‘,Ú,12:59:00,11,’â’Ê,510,450,60,66.8,45.6,45.6,0,
•½,¼‹ãBVŠ²ü,ã‚è,3254G,’·è,V‘å‘º,1_‰ñ‘—,N700S,2,æ|‘,Ú,12:59:00,11,V‘å‘º,13:05:00,,11,’Ê’â,360,300,60,45.6,33.1,38.2,150,
•½,¼‹ãBVŠ²ü,‰º‚è,3261G,V‘å‘º,’·è,1_‰ñ‘—,N700S,1,V‘å‘º,,15:27:00,12,æ|‘,Ú,15:33:00,12,’â’Ê,360,300,60,33.1,45.6,45.6,0,
•½,¼‹ãBVŠ²ü,‰º‚è,3261G,V‘å‘º,’·è,1_‰ñ‘—,N700S,2,æ|‘,Ú,15:33:00,12,’·è,15:41:30,,11,’Ê’â,510,450,60,45.6,66.8,60.8,175,
•½,¼‹ãBVŠ²ü,ã‚è,3262G,’·è,•—Y‰·ò,1_‰ñ‘—,N700S,1,’·è,,16:02:45,11,æ|‘,16:12:00,16:13:00,11,’â’â,555,495,60,66.8,45.6,51.4,170,
•½,¼‹ãBVŠ²ü,ã‚è,3262G,’·è,•—Y‰·ò,1_‰ñ‘—,N700S,2,æ|‘,16:12:00,16:13:00,11,V‘å‘º,Ú,16:18:45,11,’â’Ê,345,285,60,45.6,33.1,33.1,0,
•½,¼‹ãBVŠ²ü,ã‚è,3262G,’·è,•—Y‰·ò,1_‰ñ‘—,N700S,3,V‘å‘º,Ú,16:18:45,11,Šð–ì‰·ò,Ú,16:25:00,11,’Ê’Ê,375,315,60,33.1,11.8,11.8,0,
•½,¼‹ãBVŠ²ü,ã‚è,3262G,’·è,•—Y‰·ò,1_‰ñ‘—,N700S,4,Šð–ì‰·ò,Ú,16:25:00,11,•—Y‰·ò,16:30:15,,11,’Ê’â,315,255,60,11.8,0.8,6.3,175,
•½,¼‹ãBVŠ²ü,‰º‚è,3263G,•—Y‰·ò,’·è,1_‰ñ‘—,N700S,1,•—Y‰·ò,,16:41:00,11,Šð–ì‰·ò,Ú,16:46:00,12,’â’Ê,300,255,45,0.8,11.8,11.8,0,
•½,¼‹ãBVŠ²ü,‰º‚è,3263G,•—Y‰·ò,’·è,1_‰ñ‘—,N700S,2,Šð–ì‰·ò,Ú,16:46:00,12,V‘å‘º,Ú,16:52:15,12,’Ê’Ê,375,315,60,11.8,33.1,33.1,0,
•½,¼‹ãBVŠ²ü,‰º‚è,3263G,•—Y‰·ò,’·è,1_‰ñ‘—,N700S,3,V‘å‘º,Ú,16:52:15,12,æ|‘,16:58:15,16:59:15,12,’Ê’â,360,300,60,33.1,45.6,40.2,165,
•½,¼‹ãBVŠ²ü,‰º‚è,3263G,•—Y‰·ò,’·è,1_‰ñ‘—,N700S,4,æ|‘,16:58:15,16:59:15,12,’·è,17:08:15,,13,’â’â,540,480,60,45.6,66.8,60.8,175,
•½,¼‹ãBVŠ²ü,ã‚è,3264G,’·è,V‘å‘º,1_‰ñ‘—,N700S,1,’·è,,17:28:30,13,æ|‘,Ú,17:37:00,11,’â’Ê,510,450,60,66.8,45.6,45.6,0,
•½,¼‹ãBVŠ²ü,ã‚è,3264G,’·è,V‘å‘º,1_‰ñ‘—,N700S,2,æ|‘,Ú,17:37:00,11,V‘å‘º,17:43:00,,11,’Ê’â,360,300,60,45.6,33.1,38.2,150,
‹x,¼‹ãBVŠ²ü,‰º‚è,3251G,V‘å‘º,’·è,1_‰ñ‘—,N700S,1,V‘å‘º,,10:35:00,12,æ|‘,Ú,10:41:00,12,’â’Ê,360,300,60,33.1,45.6,45.6,0,
‹x,¼‹ãBVŠ²ü,‰º‚è,3251G,V‘å‘º,’·è,1_‰ñ‘—,N700S,2,æ|‘,Ú,10:41:00,12,’·è,10:49:30,,14,’Ê’â,510,450,60,45.6,66.8,60.8,175,
‹x,¼‹ãBVŠ²ü,ã‚è,3252G,’·è,•—Y‰·ò,1_‰ñ‘—,N700S,1,’·è,,11:05:30,14,æ|‘,11:16:00,11:17:00,11,’â’â,630,495,135,66.8,45.6,51.5,170,
‹x,¼‹ãBVŠ²ü,ã‚è,3252G,’·è,•—Y‰·ò,1_‰ñ‘—,N700S,2,æ|‘,11:16:00,11:17:00,11,V‘å‘º,Ú,11:22:00,11,’â’Ê,300,285,15,45.6,33.1,33.1,0,
‹x,¼‹ãBVŠ²ü,ã‚è,3252G,’·è,•—Y‰·ò,1_‰ñ‘—,N700S,3,V‘å‘º,Ú,11:22:00,11,Šð–ì‰·ò,Ú,11:27:30,11,’Ê’Ê,330,315,15,33.1,11.8,11.8,0,
‹x,¼‹ãBVŠ²ü,ã‚è,3252G,’·è,•—Y‰·ò,1_‰ñ‘—,N700S,4,Šð–ì‰·ò,Ú,11:27:30,11,•—Y‰·ò,11:32:30,,11,’Ê’â,300,255,45,11.8,0.8,6.3,175,
‹x,¼‹ãBVŠ²ü,‰º‚è,3253G,•—Y‰·ò,’·è,1_‰ñ‘—,N700S,1,•—Y‰·ò,,11:46:00,11,Šð–ì‰·ò,Ú,11:51:15,12,’â’Ê,315,255,60,0.8,11.8,11.8,0,
‹x,¼‹ãBVŠ²ü,‰º‚è,3253G,•—Y‰·ò,’·è,1_‰ñ‘—,N700S,2,Šð–ì‰·ò,Ú,11:51:15,12,V‘å‘º,Ú,11:57:30,12,’Ê’Ê,375,315,60,11.8,33.1,33.1,0,
‹x,¼‹ãBVŠ²ü,‰º‚è,3253G,•—Y‰·ò,’·è,1_‰ñ‘—,N700S,3,V‘å‘º,Ú,11:57:30,12,æ|‘,12:03:30,12:04:30,12,’Ê’â,360,300,60,33.1,45.6,40.2,165,
‹x,¼‹ãBVŠ²ü,‰º‚è,3253G,•—Y‰·ò,’·è,1_‰ñ‘—,N700S,4,æ|‘,12:03:30,12:04:30,12,’·è,12:13:30,,14,’â’â,540,480,60,45.6,66.8,60.8,175,
‹x,¼‹ãBVŠ²ü,ã‚è,3254G,’·è,V‘å‘º,1_‰ñ‘—,N700S,1,’·è,,12:50:30,14,æ|‘,Ú,12:59:00,11,’â’Ê,510,450,60,66.8,45.6,45.6,0,
‹x,¼‹ãBVŠ²ü,ã‚è,3254G,’·è,V‘å‘º,1_‰ñ‘—,N700S,2,æ|‘,Ú,12:59:00,11,V‘å‘º,13:05:00,,11,’Ê’â,360,300,60,45.6,33.1,38.2,150,
‹x,¼‹ãBVŠ²ü,‰º‚è,3261G,V‘å‘º,’·è,1_‰ñ‘—,N700S,1,V‘å‘º,,15:27:00,12,æ|‘,Ú,15:33:00,12,’â’Ê,360,300,60,33.1,45.6,45.6,0,
‹x,¼‹ãBVŠ²ü,‰º‚è,3261G,V‘å‘º,’·è,1_‰ñ‘—,N700S,2,æ|‘,Ú,15:33:00,12,’·è,15:41:30,,11,’Ê’â,510,450,60,45.6,66.8,60.8,175,
‹x,¼‹ãBVŠ²ü,ã‚è,3262G,’·è,•—Y‰·ò,1_‰ñ‘—,N700S,1,’·è,,16:02:45,11,æ|‘,16:12:00,16:13:00,11,’â’â,555,495,60,66.8,45.6,51.4,170,
‹x,¼‹ãBVŠ²ü,ã‚è,3262G,’·è,•—Y‰·ò,1_‰ñ‘—,N700S,2,æ|‘,16:12:00,16:13:00,11,V‘å‘º,Ú,16:18:45,11,’â’Ê,345,285,60,45.6,33.1,33.1,0,
‹x,¼‹ãBVŠ²ü,ã‚è,3262G,’·è,•—Y‰·ò,1_‰ñ‘—,N700S,3,V‘å‘º,Ú,16:18:45,11,Šð–ì‰·ò,Ú,16:25:00,11,’Ê’Ê,375,315,60,33.1,11.8,11.8,0,
‹x,¼‹ãBVŠ²ü,ã‚è,3262G,’·è,•—Y‰·ò,1_‰ñ‘—,N700S,4,Šð–ì‰·ò,Ú,16:25:00,11,•—Y‰·ò,16:30:15,,11,’Ê’â,315,255,60,11.8,0.8,6.3,175,
‹x,¼‹ãBVŠ²ü,‰º‚è,3263G,•—Y‰·ò,’·è,1_‰ñ‘—,N700S,1,•—Y‰·ò,,16:41:00,11,Šð–ì‰·ò,Ú,16:46:00,12,’â’Ê,300,255,45,0.8,11.8,11.8,0,
‹x,¼‹ãBVŠ²ü,‰º‚è,3263G,•—Y‰·ò,’·è,1_‰ñ‘—,N700S,2,Šð–ì‰·ò,Ú,16:46:00,12,V‘å‘º,Ú,16:52:15,12,’Ê’Ê,375,315,60,11.8,33.1,33.1,0,
‹x,¼‹ãBVŠ²ü,‰º‚è,3263G,•—Y‰·ò,’·è,1_‰ñ‘—,N700S,3,V‘å‘º,Ú,16:52:15,12,æ|‘,16:58:15,16:59:15,12,’Ê’â,360,300,60,33.1,45.6,40.2,165,
‹x,¼‹ãBVŠ²ü,‰º‚è,3263G,•—Y‰·ò,’·è,1_‰ñ‘—,N700S,4,æ|‘,16:58:15,16:59:15,12,’·è,17:08:15,,13,’â’â,540,480,60,45.6,66.8,60.8,175,
‹x,¼‹ãBVŠ²ü,ã‚è,3264G,’·è,V‘å‘º,1_‰ñ‘—,N700S,1,’·è,,17:28:30,13,æ|‘,Ú,17:37:00,11,’â’Ê,510,450,60,66.8,45.6,45.6,0,
‹x,¼‹ãBVŠ²ü,ã‚è,3264G,’·è,V‘å‘º,1_‰ñ‘—,N700S,2,æ|‘,Ú,17:37:00,11,V‘å‘º,17:43:00,,11,’Ê’â,360,300,60,45.6,33.1,38.2,150,
•½,‹ãBVŠ²ü,‰º‚è,755A,V‘åã,Ž­Ž™“‡’†‰›,0_—·‹q,N700,1,”Ž‘½,14:59:00,15:01:00,15,V’¹²,15:13:45,15:14:45,13,’â’â,765,690,75,1069.1,1095.3,1089.7,180,
•½,‹ãBVŠ²ü,‰º‚è,755A,V‘åã,Ž­Ž™“‡’†‰›,0_—·‹q,N700,2,V’¹²,15:13:45,15:14:45,13,‹v—¯•Ä,15:18:30,15:19:30,12,’â’â,225,225,0,1095.3,1101,1097.2,135,
•½,‹ãBVŠ²ü,‰º‚è,755A,V‘åã,Ž­Ž™“‡’†‰›,0_—·‹q,N700,3,‹v—¯•Ä,15:18:30,15:19:30,12,’}Œã‘D¬‰®,Ú,15:24:30,12,’â’Ê,300,285,15,1101,1116.9,1116.9,0,
•½,‹ãBVŠ²ü,‰º‚è,755A,V‘åã,Ž­Ž™“‡’†‰›,0_—·‹q,N700,4,’}Œã‘D¬‰®,Ú,15:24:30,12,V‘å–´“c,Ú,15:27:30,12,’Ê’Ê,180,180,0,1116.9,1128.8,1128.8,0,
•½,‹ãBVŠ²ü,‰º‚è,755A,V‘åã,Ž­Ž™“‡’†‰›,0_—·‹q,N700,5,V‘å–´“c,Ú,15:27:30,12,V‹Ê–¼,Ú,15:31:45,12,’Ê’Ê,255,240,15,1128.8,1145.3,1145.3,0,
•½,‹ãBVŠ²ü,‰º‚è,755A,V‘åã,Ž­Ž™“‡’†‰›,0_—·‹q,N700,6,V‹Ê–¼,Ú,15:31:45,12,ŒF–{,15:39:30,15:40:30,13,’Ê’â,465,450,15,1145.3,1167.2,1158.5,260,
•½,‹ãBVŠ²ü,‰º‚è,755A,V‘åã,Ž­Ž™“‡’†‰›,0_—·‹q,N700,7,ŒF–{,15:39:30,15:40:30,13,V”ª‘ã,Ú,15:50:15,12,’â’Ê,585,555,30,1167.2,1199.1,1199.1,0,
