線コード,線名,線別コード,線別,駅駅間箇所,キロ程,構造物名称,延長,材質,塗装面積,桁下空頭,上屋の有無,検査対象
711,鹿児島本線,00,無し,門司港,0.0,旅客通路,0,該当なし,,,無,対象
711,鹿児島本線,00,無し,小森江,4020.0,旅客通路,0,鋼,,,無,対象
711,鹿児島本線,00,無し,門司,5500.0,地下道,118.1,鉄筋コンクリート,,,,対象
711,鹿児島本線,00,無し,門司,5500.0,地下道（手小荷物）,152.2,該当なし,,,有,対象
711,鹿児島本線,00,無し,門司,5500.0,旅客通路,0,該当なし,,,無,対象外
711,鹿児島本線,00,無し,門司,5500.0,こ線橋,,鉄筋コンクリート,,,有,対象
711,鹿児島本線,00,無し,小倉,11010.0,地下道（手小荷物）,74.8,該当なし,,,,対象
711,鹿児島本線,00,無し,小倉,11010.0,地下道（中央地下道）,51.7,鉄筋コンクリート,,,,対象
711,鹿児島本線,00,無し,小倉,11010.0,地下道（東側地下道）,61,鉄筋コンクリート,,,無,対象
711,鹿児島本線,00,無し,小倉,11010.0,旅客通路,0,該当なし,,,有,対象
711,鹿児島本線,00,無し,西小倉,11820.0,こ線橋,15.2,鋼,578.1,5.78,有,対象
711,鹿児島本線,00,無し,西小倉,11820.0,跨線橋,43.3,鋼,865.6,,有,対象
711,鹿児島本線,00,無し,戸畑,17240.0,戸畑駅地下道,17,鉄筋コンクリート,,,無,対象
711,鹿児島本線,00,無し,戸畑,17240.0,地下道,57,鉄筋コンクリート,,,有,対象
711,鹿児島本線,00,無し,戸畑,17240.0,旅客通路,0,該当なし,,,無,対象
711,鹿児島本線,00,無し,枝光,19380.0,旅客通路,0,該当なし,,,無,対象
711,鹿児島本線,00,無し,スペースワールド,21240.0,下り１，２番階段１,0,鉄筋コンクリート,,,有,対象
711,鹿児島本線,00,無し,スペースワールド,21240.0,下り１，２番階段２,0,鋼及び鉄コン,,,有,対象
711,鹿児島本線,00,無し,スペースワールド,21240.0,上り３，４階段３,0,鉄筋コンクリート,,,有,対象
711,鹿児島本線,00,無し,スペースワールド,21240.0,上り３，４番階段４,0,鋼及び鉄コン,,,有,対象
711,鹿児島本線,00,無し,八幡,23150.0,地下道,24.6,鉄筋コンクリート,597.7,,,対象
711,鹿児島本線,00,無し,八幡,23150.0,旅客通路,0,該当なし,,,無,対象
711,鹿児島本線,00,無し,黒崎,25870.0,こ線橋,12.9,鋼,196.3,6.16,有,対象
711,鹿児島本線,00,無し,黒崎,25870.0,自由連絡通路,36.6,鋼,334.1,6.16,,対象
711,鹿児島本線,00,無し,折尾,31060.0,第一地下道,18.4,煉瓦,,,有,対象
711,鹿児島本線,00,無し,折尾,31060.0,第二地下道,29.2,煉瓦,,,,対象
711,鹿児島本線,00,無し,折尾,31060.0,こ線橋,10.7,鋼,120,4.22,有,対象
711,鹿児島本線,00,無し,折尾,31060.0,旅客通路,0,該当なし,,,無,対象
711,鹿児島本線,00,無し,水巻,33240.0,地下道,8.5,鉄筋コンクリート,,,有,対象
711,鹿児島本線,00,無し,水巻,33240.0,旅客通路,0,該当なし,,,無,対象
711,鹿児島本線,00,無し,遠賀川,35300.0,こ線橋,19.2,鋼,803.5,5.4,有,対象
711,鹿児島本線,00,無し,遠賀川,35300.0,旅客通路,0,該当なし,,,無,対象
711,鹿児島本線,00,無し,海老津,40410.0,地下道,17.1,鉄筋コンクリート,,,,対象
711,鹿児島本線,00,無し,海老津,40410.0,旅客通路,0,該当なし,,,無,対象
711,鹿児島本線,00,無し,赤間,47530.0,こ線橋,12.2,鋼,167,6.28,有,対象外
711,鹿児島本線,00,無し,東郷,51690.0,こ線橋,15.3,鋼,139.1,6.5,有,対象
711,鹿児島本線,00,無し,東郷,51690.0,旅客通路,0,該当なし,,,無,対象
711,鹿児島本線,00,無し,東福間,54920.0,こ線橋,13,鋼,334.5,6.01,有,対象
711,鹿児島本線,00,無し,福間,57630.0,こ線橋,27.7,鋼,1215.9,5.4,有,対象
711,鹿児島本線,00,無し,古賀,61610.0,旅客通路,0,該当なし,,,無,対象
711,鹿児島本線,00,無し,福工大前,66050.0,こ線橋,17.2,鋼,,5.4,有,対象
711,鹿児島本線,00,無し,福工大前,66050.0,旅客通路,0,該当なし,,,無,対象
711,鹿児島本線,00,無し,九産大前,69070.0,旅客通路,1.4,該当なし,,,無,対象
711,鹿児島本線,00,無し,香椎,70810.0,こ線橋,25.6,鋼,,5.43,有,対象
711,鹿児島本線,00,無し,香椎,70810.0,旅客通路,0,該当なし,,,無,対象
711,鹿児島本線,00,無し,千早,71894.0,千早旅客通路無３,30.6,鉄筋コンクリート,,,有,対象
711,鹿児島本線,00,無し,博多,79160.0,旅客通路（第4乗降場階段）,,該当なし,,,無,対象
711,鹿児島本線,00,無し,博多,79160.0,地下道,210,鋼,,,無,対象
711,鹿児島本線,00,無し,博多,79160.0,旅客通路,170,該当なし,,,無,対象
711,鹿児島本線,00,無し,竹下,82350.0,こ線橋,20,鋼,892.1,5.56,有,対象
711,鹿児島本線,00,無し,笹原,84770.0,笹原駅地下道,29.9,該当なし,,,無,対象
711,鹿児島本線,00,無し,笹原,84770.0,旅客通路,17.6,該当なし,,,無,対象
711,鹿児島本線,00,無し,南福岡,86380.0,こ線橋,41.1,鋼,450,5.94,有,対象
711,鹿児島本線,00,無し,南福岡,86380.0,旅客通路,0,該当なし,,,無,対象
711,鹿児島本線,00,無し,大野城,88910.0,大野城旅客通路,150,鋼及び鉄コン,,,有,対象
711,鹿児島本線,00,無し,水城,90290.0,こ線橋,17.7,鋼,815,6.11,有,対象
711,鹿児島本線,00,無し,都府楼南,92530.0,こ線橋,15.1,鋼,359.2,5.6,有,対象
711,鹿児島本線,00,無し,都府楼南,92530.0,旅客通路,0,該当なし,,,無,対象
711,鹿児島本線,00,無し,二日市,93940.0,こ線橋,43.6,鋼,647.1,5.29,有,対象
711,鹿児島本線,00,無し,天拝山,95820.0,こ線橋,13.1,鋼,361.2,5.75,有,対象
711,鹿児島本線,00,無し,原田,99400.0,こ線橋,18.1,その他,889.3,5.01,有,対象
711,鹿児島本線,00,無し,原田,99425.44,原田駅こ線橋,29.9,その他,,5.8,有,対象
711,鹿児島本線,00,無し,基山,102900.0,こ線橋,,鉄筋コンクリート,,,,対象
711,鹿児島本線,00,無し,基山,102900.0,旅客通路,0,該当なし,,,有,対象
711,鹿児島本線,00,無し,弥生が丘,104960.0,弥生が丘駅こ線橋,26.1,鋼及び鉄コン,,6.2,有,対象
711,鹿児島本線,00,無し,弥生が丘,104960.0,弥生が丘駅旅客通路,0,該当なし,,,有,対象
711,鹿児島本線,00,無し,田代,107110.0,こ線橋,16.4,鋼,651.3,5.99,有,対象
711,鹿児島本線,00,無し,鳥栖,108330.0,地下道１,54.4,該当なし,799.3,,無,対象
711,鹿児島本線,00,無し,鳥栖,108330.0,地下道２,56.6,該当なし,744.3,,無,対象
711,鹿児島本線,00,無し,鳥栖,108330.0,旅客通路,0,該当なし,,,無,対象
711,鹿児島本線,00,無し,肥前旭,111970.0,こ線橋,20.5,鋼,701.2,5.74,有,対象
711,鹿児島本線,00,無し,久留米,115370.0,こ線橋,25.1,鋼,877.5,5.38,有,対象外
711,鹿児島本線,00,無し,久留米,115370.0,旅客通路,0,該当なし,,,無,対象
711,鹿児島本線,00,無し,荒木,120270.0,跨線橋,28.1,鋼,1517.4,,有,対象
711,鹿児島本線,00,無し,西牟田,123540.0,跨線橋,15.8,鉄筋コンクリート,195.8,,有,対象
711,鹿児島本線,00,無し,羽犬塚,127600.0,跨線橋,16.6,鋼,978.9,,有,対象
711,鹿児島本線,00,無し,瀬高,133740.0,跨線橋,16.4,鋼,1131.8,,有,対象
711,鹿児島本線,00,無し,瀬高,133740.0,旅客通路,10,該当なし,,,有,対象
711,鹿児島本線,00,無し,南瀬高,136650.0,跨線橋,15.8,鉄筋コンクリート,113.1,,有,対象
711,鹿児島本線,00,無し,南瀬高,136650.0,旅客通路スロープ,8,該当なし,,,無,対象
711,鹿児島本線,00,無し,渡瀬,140580.0,跨線橋,15.8,鉄筋コンクリート,195.8,,有,対象
711,鹿児島本線,00,無し,吉野,143400.0,跨線橋,14,鋼,342.5,,有,対象
711,鹿児島本線,00,無し,吉野,143400.0,旅客通路,51.4,該当なし,,,無,対象
711,鹿児島本線,00,無し,銀水,145790.0,跨線橋,15.6,鉄筋コンクリート,201.5,,有,対象
711,鹿児島本線,00,無し,大牟田,148970.0,こ線橋,56.5,鋼,2001,,有,対象
711,鹿児島本線,00,無し,大牟田,148970.0,旅客通路,0,該当なし,,,有,対象
711,鹿児島本線,00,無し,荒尾,153110.0,荒尾駅 跨線橋,49.2,鋼,1517.7,,有,対象
711,鹿児島本線,00,無し,荒尾,153110.0,旅客通路,35.5,該当なし,,,有,対象
711,鹿児島本線,00,無し,南荒尾,156280.0,跨線橋,16.4,鉄筋コンクリート,203.9,,有,対象
711,鹿児島本線,00,無し,長洲,160880.0,跨線橋,15.6,鋼,310,,有,対象
711,鹿児島本線,00,無し,大野下,165620.0,跨線橋,16.3,鋼,760,5.54,有,対象
711,鹿児島本線,00,無し,玉名,170080.0,跨線橋,16.3,鋼,1065.8,5.41,有,対象
711,鹿児島本線,00,無し,肥後伊倉,174150.0,跨線橋,16.3,鋼,,5.58,有,対象
711,鹿児島本線,00,無し,木葉,178200.0,跨線橋,15.7,鋼,,5.52,有,対象
711,鹿児島本線,00,無し,木葉,178200.0,旅客通路,9.6,該当なし,,,無,対象外
711,鹿児島本線,00,無し,田原坂,181660.0,跨線橋,13.5,鋼,348.4,5.45,無,対象
711,鹿児島本線,00,無し,田原坂,181660.0,旅客通路,37.5,鋼,,,無,対象
711,鹿児島本線,00,無し,植木,186110.0,跨線線,16.3,鉄筋コンクリート,203.7,5.37,有,対象
711,鹿児島本線,00,無し,西里,190320.0,上りＩＣ改札機前旅客通路,0,該当なし,,,無,対象
711,鹿児島本線,00,無し,西里,190320.0,旅客通路,0,該当なし,,,無,対象
711,鹿児島本線,00,無し,崇城大学前,193220.0,跨線橋,15.6,鋼,345.4,6.58,有,対象
711,鹿児島本線,00,無し,崇城大学前,193220.0,旅客通路,16,該当なし,,,無,対象
711,鹿児島本線,00,無し,上熊本,194760.0,跨線橋,18.1,鋼,883.4,5.35,有,対象外
711,鹿児島本線,00,無し,上熊本,194760.0,旅客通路,0,該当なし,,,無,対象
711,鹿児島本線,00,無し,熊本,198110.0,こ線橋,45.5,鋼,2700,5.2,有,対象
711,鹿児島本線,00,無し,熊本,198110.0,旅客通路,0,該当なし,,,無,対象
711,鹿児島本線,00,無し,川尻,203350.0,こ線橋,15.8,鉄筋コンクリート,265.3,5.46,有,対象
711,鹿児島本線,00,無し,宇土,209010.0,こ線橋,20,鋼,1252.5,5.38,有,対象外
711,鹿児島本線,00,無し,松橋,213790.0,こ線橋,15.8,PC,268.9,5.52,有,対象
711,鹿児島本線,00,無し,小川,220020.0,こ線橋,16.6,PC,207.8,5.48,有,対象
711,鹿児島本線,00,無し,有佐,225000.0,こ線橋,15.2,PC,225.1,5.45,有,対象
711,鹿児島本線,00,無し,千丁,229050.0,こ線橋,15.9,鋼,404,5.47,,対象
711,鹿児島本線,00,無し,八代,233780.0,こ線橋,23.3,鋼,1170.2,5.15,有,対象
711,鹿児島本線,00,無し,川内,350670.0,旅客通路,0,該当なし,,,無,対象外
711,鹿児島本線,00,無し,隈之城,353280.0,跨線橋,14.5,鋼,55.4,5.6,,対象
711,鹿児島本線,00,無し,木場茶屋,356430.0,跨線橋,10.7,鋼,51.7,5.6,,対象
711,鹿児島本線,00,無し,木場茶屋,356430.0,旅客通路,0,該当なし,,,,対象
711,鹿児島本線,00,無し,串木野,362680.0,地下道,9.6,該当なし,64.9,,無,対象
711,鹿児島本線,00,無し,串木野,362680.0,旅客通路,0,該当なし,,,無,対象
711,鹿児島本線,00,無し,市来,367310.0,第一乗降場スロープ,26.9,コンクリート,,,,対象
711,鹿児島本線,00,無し,市来,367310.0,第二乗降場スロープ,24.9,コンクリート,,,,対象
711,鹿児島本線,00,無し,市来,367310.0,平面旅客通路,,その他,,,,対象
711,鹿児島本線,00,無し,市来,367310.0,跨線橋,13.4,該当なし,36.3,5.9,,対象
711,鹿児島本線,00,無し,市来,367310.0,旅客通路,0,該当なし,,,無,対象
711,鹿児島本線,00,無し,湯之元,371060.0,跨線橋,12,該当なし,56.8,5.7,,対象
711,鹿児島本線,00,無し,東市来,373640.0,跨線橋,13.4,該当なし,,5.9,,対象外
711,鹿児島本線,00,無し,東市来,373640.0,旅客通路,0,該当なし,,,無,対象
711,鹿児島本線,00,無し,伊集院,379530.0,跨線橋,21.7,該当なし,90.2,4.4,有,対象外
711,鹿児島本線,00,無し,伊集院,379530.0,旅客通路,63.8,該当なし,276.3,,,対象
711,鹿児島本線,00,無し,薩摩松元,384750.0,地下道,13.3,該当なし,,,無,対象
711,鹿児島本線,00,無し,薩摩松元,384750.0,旅客通路,0,該当なし,,,無,対象
711,鹿児島本線,00,無し,上伊集院,387180.0,跨線橋,17.2,該当なし,,,無,対象
711,鹿児島本線,00,無し,上伊集院,387180.0,旅客通路,0,該当なし,,,無,対象
711,鹿児島本線,00,無し,鹿児島中央,396760.0,地下道,52.9,該当なし,,,無,対象
711,鹿児島本線,00,無し,鹿児島中央,396760.0,旅客通路,0,該当なし,,,無,対象
711,鹿児島本線,00,無し,鹿児島,400000.0,跨線橋２,1313.5,該当なし,,,無,対象
711,鹿児島本線,00,無し,鹿児島,400000.0,跨線橋１,37.4,鉄筋コンクリート,,5.32,有,対象
711,鹿児島本線,00,無し,鹿児島,400000.0,旅客通路,0,該当なし,,,無,対象
711,鹿児島本線,10,単線,吉塚,77296.0,吉塚旅客通路単線３,18.2,鉄筋コンクリート,,,有,対象
711,鹿児島本線,10,単線,神村学園前,364840.0,旅客通路1,4.5,鋼,,,有,対象
711,鹿児島本線,10,単線,東市来,373640.0,東市来旅客通路1,70.62,アスファルト,,,有,対象
711,鹿児島本線,21,下り線,九産大前,69158.0,旅客通路（下り線）,21.89,その他,,,有,対象
711,鹿児島本線,21,下り線,千早,71994.0,千早旅客通路下り２,16.83,鉄筋コンクリート,,,有,対象
711,鹿児島本線,21,下り線,箱崎,75984.0,箱崎旅客通路下り１,20.6,鉄筋コンクリート,,,有,対象
711,鹿児島本線,21,下り線,箱崎,76012.0,箱崎旅客通路下り２,21.3,鉄筋コンクリート,,,有,対象
711,鹿児島本線,21,下り線,吉塚,77296.0,吉塚旅客通路下り２,18.2,鉄筋コンクリート,,,有,対象
711,鹿児島本線,21,下り線,原田,99395.0,第１乗降場スロープ,12.4,その他,,,有,対象
711,鹿児島本線,21,下り線,原田,99400.0,第１乗降場こ線橋連絡通路,,アスファルト,,,,対象
711,鹿児島本線,21,下り線,西里～崇城大学前,190320.0,跨線橋,16,鋼,212,5.73,無,対象
711,鹿児島本線,22,上り線,九産大前,69155.0,旅客通路（上り線）,16.82,その他,,,有,対象
711,鹿児島本線,22,上り線,千早,71994.0,千早旅客通路上り１,16.83,鉄筋コンクリート,,,有,対象
711,鹿児島本線,22,上り線,箱崎,75984.0,箱崎旅客通路上り１,20.6,鉄筋コンクリート,,,有,対象
711,鹿児島本線,22,上り線,箱崎,76012.0,箱崎旅客通路上り２,21.3,鉄筋コンクリート,,,有,対象
711,鹿児島本線,22,上り線,吉塚,77296.0,吉塚旅客通路上り１,18.2,鉄筋コンクリート,,,有,対象
711,鹿児島本線,22,上り線,広木,392130.0,広木駅 旅客通路,71,コンクリート,,,無,対象
711,鹿児島本線,23,上下線,折尾,31070.0,折尾旅客通路１,84.57,鋼及び鉄コン,,,有,対象
711,鹿児島本線,23,上下線,新宮中央,64370.0,こ線橋,,鋼,,6.15,有,対象外
711,鹿児島本線,23,上下線,筑後船小屋,131200.7,筑後船小屋跨線橋,21.5,鋼及び鉄コン,,,有,対象
711,鹿児島本線,23,上下線,筑後船小屋,131230.0,筑後船小屋旅客通路,7.88,アスファルト,,,有,対象
711,鹿児島本線,23,上下線,上熊本,194760.0,上熊本旅客通路１,54.45,鋼及び鉄コン,,2.91,有,対象
711,鹿児島本線,23,上下線,熊本,198110.0,熊本こ線橋１,25.2,鉄筋コンクリート,,6.06,有,対象
711,鹿児島本線,23,上下線,熊本,198110.0,熊本旅客通路１,54.15,鋼及び鉄コン,,2.43,有,対象
723,香椎線,00,無し,西戸崎,0.0,旅客通路,0,該当なし,,,無,対象
723,香椎線,00,無し,海ノ中道,1590.0,旅客通路,0,該当なし,,,無,対象
723,香椎線,00,無し,雁ノ巣,6090.0,旅客通路,0,該当なし,,,無,対象
723,香椎線,00,無し,奈多,6980.0,旅客通路,37.4,該当なし,,,無,対象
723,香椎線,00,無し,和白,8760.0,こ線橋,14.2,鋼,,5.38,,対象
723,香椎線,00,無し,和白,8760.0,旅客通路,0,該当なし,,,無,対象
723,香椎線,00,無し,舞松原,14430.0,舞松原駅旅客通路１,0,鋼,,,有,対象
723,香椎線,00,無し,舞松原,14430.0,舞松原駅旅客通路２,0,鋼,,,有,対象
723,香椎線,00,無し,土井,15930.0,旅客通路,28.1,該当なし,,,無,対象
723,香椎線,00,無し,長者原,18730.0,旅客通路,0,該当なし,,,無,対象
723,香椎線,00,無し,酒殿,20150.0,旅客通路,115.6,該当なし,,,無,対象
723,香椎線,00,無し,新原,23700.0,旅客通路,13,該当なし,,,無,対象
723,香椎線,00,無し,宇美,24950.0,旅客通路,0,該当なし,,,無,対象
723,香椎線,23,上下線,和白,8760.0,旅客通路,35.96,アスファルト,,,有,対象
725,篠栗線,00,無し,柚須,2470.0,旅客通路,16.72,該当なし,,,無,対象
725,篠栗線,00,無し,原町,5010.0,こ線橋,17.8,鋼,443,5.63,有,対象
725,篠栗線,00,無し,門松,7670.0,こ線橋,14.7,鋼,,,有,対象
725,篠栗線,00,無し,篠栗,10310.0,こ線橋,16.4,鋼,,5.68,有,対象
725,篠栗線,00,無し,筑前山手,13420.0,旅客通路,0,該当なし,,,無,対象
725,篠栗線,00,無し,城戸南蔵院前,14880.0,地下道,17.3,鋼,,,無,対象
725,篠栗線,00,無し,筑前大分,21940.0,こ線橋,17.2,鉄筋コンクリート,539,5.5,有,対象
731,筑肥線,00,無し,姪浜,12410.0,姪浜駅_旅客通路,0,該当なし,,,無,対象
731,筑肥線,00,無し,下山門,14100.0,下山門駅_こ線橋,32.6,鉄筋コンクリート,,5.46,,対象
731,筑肥線,00,無し,今宿,17670.0,今宿駅第１跨線橋,33.8,鉄筋コンクリート,261.6,5.63,有,対象
731,筑肥線,00,無し,今宿,17670.0,今宿駅第２跨線橋,37.3,鋼及び鉄コン,,5.64,有,対象
731,筑肥線,00,無し,今宿,17670.0,今宿駅第２旅客通路,35.1,該当なし,,,無,対象
731,筑肥線,00,無し,今宿,17670.0,今宿駅_第１旅客通路,0,該当なし,,,無,対象
731,筑肥線,00,無し,周船寺,20570.0,周船寺駅第１旅客通路,0,該当なし,,,無,対象
731,筑肥線,00,無し,周船寺,20570.0,周船寺駅第２旅客通路,33.3,該当なし,,,無,対象
731,筑肥線,00,無し,周船寺,20570.0,こ線橋,39.2,鉄筋コンクリート,,5.78,有,対象
731,筑肥線,00,無し,波多江,22560.0,波多江駅第１跨線橋,43,鉄筋コンクリート,,5.55,,対象
731,筑肥線,00,無し,波多江,22560.0,波多江駅第２跨線橋,19,鋼及び鉄コン,,5.67,有,対象
731,筑肥線,00,無し,波多江,22560.0,旅客通路,0,該当なし,,,無,対象
731,筑肥線,00,無し,美咲が丘,26780.0,旅客通路,8.7,該当なし,,,無,対象
731,筑肥線,00,無し,加布里,27880.0,こ線橋,10.2,PC,,5.59,,対象
731,筑肥線,00,無し,加布里,27880.0,旅客通路,0,該当なし,,,無,対象
731,筑肥線,00,無し,一貴山,29160.0,スロープ,,鉄筋コンクリート,,,,対象
731,筑肥線,00,無し,筑前深江,32610.0,こ線橋,10.2,PC,,5.75,,対象
731,筑肥線,00,無し,筑前深江,32610.0,旅客通路,0,該当なし,,,無,対象
731,筑肥線,00,無し,大入,36010.0,こ線橋,13.1,鋼及び鉄コン,476.2,,有,対象
731,筑肥線,00,無し,大入,36010.0,旅客通路,0,該当なし,,,無,対象
731,筑肥線,00,無し,鹿家,42700.0,こ線橋,10.2,PC,,5.56,,対象
731,筑肥線,00,無し,鹿家,42700.0,旅客通路,0,該当なし,,,無,対象
731,筑肥線,00,無し,浜崎,47880.0,こ線橋,13.8,PC,,5.6,,対象
731,筑肥線,00,無し,東唐津,51800.0,旅客通路,0,鋼,,,無,対象
731,筑肥線,00,無し,和多田,53420.0,旅客通路,0,該当なし,,,無,対象
731,筑肥線,00,無し,西相知,66950.0,旅客通路,0,該当なし,,,無,対象
731,筑肥線,00,無し,佐里,68610.0,旅客通路,0,該当なし,,,無,対象
731,筑肥線,00,無し,駒鳴,71410.0,旅客通路,0,該当なし,,,無,対象
731,筑肥線,00,無し,大川野,73280.0,旅客通路,0,該当なし,,,無,対象
731,筑肥線,00,無し,肥前長野,74650.0,旅客通路,0,該当なし,,,無,対象
731,筑肥線,00,無し,桃川,77760.0,旅客通路,0,該当なし,,,無,対象
731,筑肥線,00,無し,金石原,80070.0,旅客通路,0,該当なし,,,無,対象
731,筑肥線,00,無し,上伊万里,84450.0,旅客通路,0,該当なし,,,無,対象
731,筑肥線,23,上下線,九大学研都市,18960.0,九大学研都市旅客通路１,17.64,鉄筋コンクリート,,,有,対象
731,筑肥線,23,上下線,九大学研都市,18960.0,九大学研都市旅客通路２,17.64,鉄筋コンクリート,,,有,対象
737,三角線,00,無し,緑川,3960.0,旅客通路,0,該当なし,,,,対象
737,三角線,00,無し,住吉,7190.0,旅客通路,0,該当なし,,,無,対象
737,三角線,00,無し,網田,14510.0,旅客通路,7.35,該当なし,,,,対象
737,三角線,00,無し,赤瀬,18440.0,旅客通路,0,該当なし,,,無,対象
737,三角線,00,無し,石打ダム,19670.0,旅客通路,15.9,該当なし,,,,対象
737,三角線,00,無し,波多浦,23460.0,旅客通路,8.1,該当なし,,,無,対象
737,三角線,00,無し,三角,25510.0,旅客通路１,10,該当なし,,,無,対象
737,三角線,00,無し,三角,25510.0,旅客通路２,15,該当なし,,,有,対象
741,肥薩線,00,無し,段,5160.0,旅客通路,0,該当なし,,,無,対象
741,肥薩線,00,無し,坂本,10970.0,旅客通路,0,該当なし,,,無,対象
741,肥薩線,00,無し,葉木,14350.0,旅客通路,0,該当なし,,,無,対象
741,肥薩線,00,無し,瀬戸石,19600.0,旅客通路,0,該当なし,,,無,対象
741,肥薩線,00,無し,海路,23480.0,旅客通路,0,該当なし,,,無,対象
741,肥薩線,00,無し,白石,29840.0,旅客通路,0,該当なし,,,無,対象
741,肥薩線,00,無し,球泉洞,34890.0,旅客通路,0,該当なし,,,無,対象
741,肥薩線,00,無し,一勝地,39810.0,旅客通路,0,該当なし,,,無,対象
741,肥薩線,00,無し,那良口,42440.0,旅客通路,0,該当なし,,,無,対象
741,肥薩線,00,無し,渡,45270.0,旅客通路,0,該当なし,,,無,対象
741,肥薩線,00,無し,人吉,51770.0,こ線橋,18,鋼,1039.5,4.7,有,対象外
741,肥薩線,00,無し,大畑,62230.0,旅客通路,0,該当なし,,,無,対象
741,肥薩線,00,無し,真幸,78560.0,旅客通路,0,該当なし,,,無,対象
741,肥薩線,00,無し,吉松,85860.0,跨線橋,61.9,鉄筋コンクリート,154.7,5.3,有,対象
741,肥薩線,00,無し,吉松,85860.0,旅客通路,0,該当なし,,,無,対象
741,肥薩線,00,無し,栗野,93400.0,跨線橋,0,鉄筋コンクリート,,,無,対象
741,肥薩線,00,無し,大隅横川,99880.0,旅客通路,0,該当なし,,,無,対象
741,肥薩線,00,無し,霧島温泉,105590.0,旅客通路,0,該当なし,,,無,対象
741,肥薩線,00,無し,表木山,115890.0,旅客通路,0,該当なし,,,無,対象
747,指宿枕崎線,00,無し,南鹿児島,3480.0,旅客通路,29,該当なし,52.4,,,対象
747,指宿枕崎線,00,無し,宇宿,4940.0,旅客通路,0,該当なし,,,無,対象
747,指宿枕崎線,00,無し,谷山,7430.0,跨線橋,14.9,鋼,80.6,5.4,,対象外
747,指宿枕崎線,00,無し,五位野,14130.0,跨線橋,14,鉄筋コンクリート,54.9,5.55,,対象
747,指宿枕崎線,00,無し,五位野,14130.0,階段,,コンクリート,,,,対象
747,指宿枕崎線,00,無し,瀬々串,20580.0,跨線橋,13.4,鉄筋コンクリート,61.2,5.55,,対象
747,指宿枕崎線,00,無し,瀬々串,20580.0,旅客通路,13.2,鋼,19.8,,,対象
747,指宿枕崎線,00,無し,中名,24010.0,旅客通路,66.5,該当なし,120.1,,,対象
747,指宿枕崎線,00,無し,喜入,26610.0,跨線橋,13.7,鉄筋コンクリート,57.2,5.55,,対象
747,指宿枕崎線,00,無し,前之浜,30350.0,跨線橋,12,鉄筋コンクリート,53.2,5.55,,対象
747,指宿枕崎線,00,無し,前之浜,30350.0,旅客通路,30.5,鋼,61,,,対象
747,指宿枕崎線,00,無し,生見,34970.0,旅客通路,45.7,鋼,66,,,対象
747,指宿枕崎線,00,無し,薩摩今和泉,37880.0,跨線橋,9.1,鉄筋コンクリート,48.7,5.55,,対象
747,指宿枕崎線,00,無し,薩摩今和泉,37880.0,旅客通路,56.3,該当なし,11.2,,無,対象
747,指宿枕崎線,00,無し,指宿,45710.0,跨線橋,16,鉄筋コンクリート,100,,有,対象
747,指宿枕崎線,00,無し,指宿,45710.0,旅客通路,11.2,該当なし,91.5,,,対象
747,指宿枕崎線,00,無し,山川,50040.0,旅客通路,6.2,該当なし,18.6,,,対象
747,指宿枕崎線,00,無し,大山,54220.0,旅客通路,0,該当なし,,,無,対象
747,指宿枕崎線,00,無し,開聞,60990.0,旅客通路,0,該当なし,,,無,対象
747,指宿枕崎線,00,無し,頴娃,66050.0,旅客通路,0,該当なし,,,無,対象
747,指宿枕崎線,00,無し,西頴娃,67670.0,旅客通路,0,該当なし,,,無,対象
747,指宿枕崎線,00,無し,水成川,74200.0,旅客通路,0,該当なし,,,無,対象
747,指宿枕崎線,00,無し,松ヶ浦,78050.0,旅客通路,3.9,該当なし,9,,無,対象
747,指宿枕崎線,00,無し,白沢,81880.0,旅客通路,0,該当なし,,,無,対象
747,指宿枕崎線,00,無し,薩摩板敷,84420.0,旅客通路,0,該当なし,,,無,対象
747,指宿枕崎線,23,上下線,谷山,7530.0,谷山旅客通路１,43.78,鉄筋コンクリート,,,有,対象
747,指宿枕崎線,23,上下線,慈眼寺,9160.0,慈眼寺旅客通路１,22.49,鉄筋コンクリート,,,有,対象
753,長崎本線,00,無し,肥前麓,4160.0,こ線橋,13.7,鋼,423.9,5.65,無,対象
753,長崎本線,00,無し,中原,8550.0,こ線橋,12,鋼,390.2,5.58,無,対象
753,長崎本線,00,無し,伊賀屋,20180.0,伊賀屋＿こ線橋,15.5,鋼,328,5.89,無,対象
753,長崎本線,00,無し,佐賀,24980.0,旅客通路,0,鉄筋コンクリート,,,有,対象
753,長崎本線,00,無し,鍋島,28060.0,こ線橋,19,鋼,589,5.52,有,対象
753,長崎本線,00,無し,バルーンさが,29830.0,旅客通路,0,該当なし,,,無,対象
753,長崎本線,00,無し,久保田,31460.0,こ線橋,21.3,鋼,1085,5.44,有,対象
753,長崎本線,00,無し,牛津,34280.0,こ線橋,13.8,鋼,429.6,5.6,無,対象
753,長崎本線,00,無し,肥前山口,39670.0,こ線橋,17.4,鋼,,4.4,有,対象
753,長崎本線,00,無し,肥前白石,44740.0,こ線橋,13.9,鋼,445.9,5.69,,対象
753,長崎本線,00,無し,肥前白石,44740.0,旅客通路,77,該当なし,,,無,対象
753,長崎本線,00,無し,肥前竜王,49480.0,こ線橋,14.7,鋼,463.2,5.83,,対象
753,長崎本線,00,無し,肥前鹿島,54660.0,地下道2,5,鉄筋コンクリート,,,無,対象
753,長崎本線,00,無し,肥前鹿島,54660.0,旅客通路2,37.7,該当なし,,,無,対象
753,長崎本線,00,無し,肥前鹿島,54660.0,地下道,6.7,該当なし,,,無,対象
753,長崎本線,00,無し,肥前鹿島,54660.0,旅客通路,0,該当なし,,,無,対象
753,長崎本線,00,無し,肥前浜,57630.0,こ線橋,13.9,鋼,450.7,5.65,,対象
753,長崎本線,00,無し,肥前七浦,61520.0,こ線橋,13.7,鋼,441.6,5.72,,対象
753,長崎本線,00,無し,肥前飯田,63680.0,地下道,22.4,鉄筋コンクリート,,,無,対象
753,長崎本線,00,無し,多良,67780.0,こ線橋,13.7,鋼,442.5,,,対象
753,長崎本線,00,無し,肥前大浦,75700.0,地下道,9.3,該当なし,,,無,対象
753,長崎本線,00,無し,小長井,82380.0,こ線橋,13.5,鋼,465.5,,,対象
753,長崎本線,00,無し,長里,84780.0,旅客通路,0,該当なし,,,無,対象
753,長崎本線,00,無し,湯江,87650.0,こ線橋,14.4,鋼,454.6,,,対象
753,長崎本線,00,無し,湯江,87650.0,旅客通路,0,該当なし,,,無,対象
753,長崎本線,00,無し,小江,90870.0,こ線橋,10,鋼,386.2,,,対象
753,長崎本線,00,無し,肥前長田,95570.0,こ線橋,14.4,鋼,411.5,,,対象
753,長崎本線,00,無し,東諫早,97740.0,旅客通路,0,該当なし,,,無,対象
753,長崎本線,00,無し,諫早,100400.0,地下道,25,該当なし,648,,無,対象
753,長崎本線,00,無し,西諫早,103190.0,旅客通路,0,該当なし,,,無,対象
753,長崎本線,00,無し,喜々津,106930.0,こ線橋,15.1,鋼,470.9,,,対象
753,長崎本線,00,無し,市布,109550.0,地下道,12.3,該当なし,,,有,対象
753,長崎本線,00,無し,肥前古賀,112360.0,旅客通路,0,該当なし,,,無,対象
753,長崎本線,00,無し,現川,114850.0,こ線橋,19.3,鋼,706,,無,対象
753,長崎本線,00,無し,長崎,131940.0,旅客通路,0,該当なし,,,無,対象
753,長崎本線,23,上下線,新鳥栖,2890.0,こ線橋,18,鋼,402,5.9,有,対象
754,長崎旧線,00,無し,大草,114070.0,こ線橋,14.8,鋼,365.3,,無,対象
754,長崎旧線,00,無し,本川内,119200.0,旅客通路,0,該当なし,,,無,対象
754,長崎旧線,00,無し,長与,122260.0,こ線橋,14.4,鋼,359.5,,無,対象
754,長崎旧線,00,無し,道ノ尾,125760.0,旅客通路,0,該当なし,,,無,対象
754,長崎旧線,00,無し,西浦上,127460.0,旅客通路,0,該当なし,,,無,対象
754,長崎旧線,10,単線,浦上,130340.0,浦上＿こ線橋,19.6,鋼,,,有,対象外
761,唐津線,00,無し,小城,5110.0,旅客通路,0,該当なし,,,無,対象
761,唐津線,00,無し,東多久,10620.0,こ線橋,13.1,PC,,5.38,,対象
761,唐津線,00,無し,中多久,13620.0,スロープ,,コンクリート,,,無,対象
761,唐津線,00,無し,多久,15200.0,こ線橋,16.3,PC,,5.38,,対象
761,唐津線,00,無し,厳木,20790.0,こ線橋,13.1,PC,,5.33,,対象
761,唐津線,00,無し,岩屋,23330.0,旅客通路,,鉄筋コンクリート,,,,対象
761,唐津線,00,無し,相知,25970.0,こ線橋,13.1,PC,,5.3,,対象
761,唐津線,00,無し,本牟田部,30080.0,旅客通路,0,該当なし,,,無,対象
761,唐津線,00,無し,山本,32880.0,旅客通路,0,該当なし,,,無,対象
761,唐津線,00,無し,鬼塚,36550.0,旅客通路,0,該当なし,,,無,対象
761,唐津線,00,無し,唐津,40290.0,旅客通路,0,鋼,,,無,対象
767,佐世保線,00,無し,大町,5250.0,こ線橋,17.9,鋼,,5.32,有,対象
767,佐世保線,00,無し,大町,5250.0,旅客通路,0,該当なし,,,無,対象
767,佐世保線,00,無し,北方,7440.0,こ線橋,17,鋼,488.6,5.62,,対象
767,佐世保線,00,無し,高橋,11470.0,こ線橋,14.2,鋼,452.4,5.76,,対象
767,佐世保線,00,無し,武雄温泉,13630.0,旅客通路,56,該当なし,,,有,対象
767,佐世保線,00,無し,永尾,18250.0,こ線橋,14.2,鋼,,5.74,,対象
767,佐世保線,00,無し,三間坂,21480.0,こ線橋,16.9,鋼,488.6,5.74,,対象
767,佐世保線,00,無し,上有田,25710.0,こ線橋,15.3,鋼,377.5,5.54,,対象
767,佐世保線,00,無し,有田,28220.0,こ線橋,19.3,鋼,379.5,5.22,有,対象
767,佐世保線,00,無し,三河内,35760.0,こ線橋,14.1,鋼,,5.63,,対象
767,佐世保線,00,無し,早岐,39950.0,こ線橋,21.2,鋼,878.7,5.39,有,対象外
767,佐世保線,00,無し,早岐,39950.0,旅客通路,0,該当なし,,,無,対象
767,佐世保線,00,無し,大塔,42630.0,旅客通路,0,該当なし,,,無,対象
767,佐世保線,00,無し,日宇,45510.0,地下道,7.4,鉄筋コンクリート,,,無,対象
767,佐世保線,00,無し,日宇,45510.0,旅客通路,0,該当なし,,,無,対象
767,佐世保線,00,無し,佐世保,48830.0,交番所前,44.3,該当なし,,,有,対象
767,佐世保線,00,無し,佐世保,48830.0,佐世保駅乗降場,18.7,該当なし,,,有,対象
767,佐世保線,00,無し,佐世保,48830.0,佐世保駅旅客通路,18.5,該当なし,,,有,対象
767,佐世保線,00,無し,佐世保,48830.0,第三乗降場起階段,18.5,該当なし,,,有,対象
767,佐世保線,00,無し,佐世保,48830.0,第三乗降場終階段,18.7,該当なし,,,有,対象
767,佐世保線,00,無し,佐世保,48830.0,第二乗降場終階段,18.7,該当なし,,,有,対象
767,佐世保線,10,単線,早岐,39950.0,早岐こ線橋1,,鋼及び鉄コン,,,,対象
781,大村線,00,無し,南風崎,5520.0,旅客通路,0,該当なし,,,無,対象
781,大村線,00,無し,川棚,13520.0,旅客通路,0,該当なし,,,無,対象
781,大村線,00,無し,彼杵,19580.0,旅客通路,0,該当なし,,,無,対象
781,大村線,00,無し,千綿,23980.0,旅客通路,0,該当なし,,,無,対象
781,大村線,00,無し,松原,28350.0,こ線橋,30.4,鋼,1650,,有,対象
781,大村線,00,無し,松原,28350.0,旅客通路,0,該当なし,,,無,対象
781,大村線,00,無し,竹松,32770.0,旅客通路,0,該当なし,,,無,対象
781,大村線,00,無し,大村,36200.0,大村駅こ線橋,20.2,鋼,566.1,,有,対象
781,大村線,00,無し,大村,36200.0,旅客通路,0,該当なし,,,無,対象
781,大村線,00,無し,岩松,39770.0,旅客通路,0,該当なし,,,無,対象
781,大村線,10,単線,ハウステンボス,4740.0,旅客通路,,鋼及び鉄コン,,,有,対象
783,久大本線,00,無し,南久留米,4870.0,地下道,13.6,該当なし,,,無,対象
783,久大本線,00,無し,久留米大学前,6780.0,旅客通路,19.6,該当なし,,,有,対象
783,久大本線,00,無し,御井,8040.0,旅客通路,0,該当なし,,,無,対象
783,久大本線,00,無し,善導寺,12570.0,こ線橋,14.1,該当なし,,5.37,無,対象
783,久大本線,00,無し,筑後草野,15670.0,旅客通路,32.1,該当なし,,,無,対象
783,久大本線,00,無し,田主丸,20790.0,こ線橋,14.1,PC,,5.37,無,対象
783,久大本線,00,無し,筑後吉井,26420.0,こ線橋,14.1,PC,,5.35,,対象
783,久大本線,00,無し,うきは,29980.0,こ線橋,13.7,PC,,5.35,無,対象
783,久大本線,00,無し,夜明,39050.0,こ線橋,13,PC,,5.35,無,対象
783,久大本線,00,無し,光岡,45150.0,旅客通路,0,該当なし,,,無,対象
783,久大本線,00,無し,日田,47570.0,地下道,20.6,該当なし,,,無,対象
783,久大本線,00,無し,日田,47570.0,旅客通路,0,該当なし,,,無,対象
783,久大本線,00,無し,豊後三芳,49410.0,旅客通路,0,該当なし,,,無,対象
783,久大本線,00,無し,豊後中川,55270.0,豊後中川　旅客通路,0,該当なし,,,無,対象
783,久大本線,00,無し,天ヶ瀬,59490.0,天ヶ瀬　旅客通路,0,該当なし,,10,無,対象
783,久大本線,00,無し,杉河内,63610.0,杉河内　旅客通路,0,該当なし,16.5,,無,対象
783,久大本線,00,無し,北山田,67820.0,北山田　旅客通路,0,該当なし,,,無,対象
783,久大本線,00,無し,豊後森,73220.0,豊後森　旅客通路,0,該当なし,,,無,対象外
783,久大本線,00,無し,豊後森,73220.0,豊後森　跨線橋,16.5,該当なし,855,4.6,有,対象
783,久大本線,00,無し,恵良,77330.0,恵良　旅客通路,0,該当なし,,,無,対象
783,久大本線,00,無し,引治,80700.0,引地　旅客通路,0,該当なし,,,無,対象
783,久大本線,00,無し,豊後中村,83150.0,豊後中村　旅客通路,0,該当なし,,,無,対象
783,久大本線,00,無し,豊後中村,83150.0,豊後中村　跨線橋,14.6,該当なし,,5.4,無,対象
783,久大本線,00,無し,野矢,88260.0,野矢　旅客通路,0,該当なし,,,無,対象
783,久大本線,00,無し,由布院,99140.0,由布院　跨線橋,14.3,該当なし,37.8,5.67,無,対象
783,久大本線,00,無し,由布院,99140.0,由布院　旅客通路,0,該当なし,,,無,対象
783,久大本線,00,無し,南由布,102540.0,南由布　旅客通路,0,該当なし,,,無,対象
783,久大本線,00,無し,湯平,109580.0,湯平　旅客通路,0,該当なし,,,無,対象外
783,久大本線,00,無し,湯平,109580.0,湯平　跨線橋,14.6,該当なし,,5.65,無,対象
783,久大本線,00,無し,庄内,114560.0,庄内　跨線橋,14.6,該当なし,,5.35,無,対象
783,久大本線,00,無し,天神山,118100.0,天神山　旅客通路,0,該当なし,,,無,対象
783,久大本線,00,無し,小野屋,119580.0,小野屋　跨線橋,14.6,該当なし,,5.44,無,対象
783,久大本線,00,無し,鬼瀬,123930.0,鬼瀬　旅客通路,0,該当なし,,,無,対象
783,久大本線,00,無し,向之原,127080.0,向之原　跨線橋,14.6,該当なし,,5.36,無,対象
783,久大本線,00,無し,豊後国分,131060.0,豊後国分　旅客通路,0,該当なし,,,無,対象
783,久大本線,00,無し,賀来,133400.0,賀来　旅客通路,0,該当なし,,,無,対象
783,久大本線,00,無し,南大分,135710.0,南大分　旅客通路,0,該当なし,,,無,対象
786,豊肥本線,00,無し,平成,2760.0,平成駅旅客通路,17.4,該当なし,,,有,対象
786,豊肥本線,00,無し,平成,2760.0,旅客通路,0,該当なし,,,無,対象
786,豊肥本線,00,無し,平成,2760.0,平成駅こ線橋,38.9,鋼及び鉄コン,448.7,5.47,有,対象
786,豊肥本線,00,無し,南熊本,3630.0,こ線橋,17.9,鋼,913,5.12,有,対象
786,豊肥本線,00,無し,南熊本,3630.0,旅客通路,0,該当なし,,,無,対象外
786,豊肥本線,00,無し,新水前寺,5250.0,旅客通路,0,該当なし,,,無,対象外
786,豊肥本線,00,無し,水前寺,5830.0,旅客通路,0,該当なし,,,無,対象
786,豊肥本線,00,無し,東海学園前,7840.0,旅客通路,0,該当なし,,,無,対象
786,豊肥本線,00,無し,竜田口,8910.0,旅客通路,0,該当なし,,,無,対象
786,豊肥本線,00,無し,武蔵塚,12900.0,旅客通路,0,該当なし,,,無,対象
786,豊肥本線,00,無し,三里木,15750.0,旅客通路,0,該当なし,,,無,対象
786,豊肥本線,00,無し,原水,18940.0,旅客通路,0,該当なし,,,,対象
786,豊肥本線,00,無し,肥後大津,22550.0,旅客通路-上下線,14,コンクリート,,,有,対象
786,豊肥本線,00,無し,肥後大津,22550.0,旅客通路,0,該当なし,,,無,対象
786,豊肥本線,00,無し,肥後大津,22550.0,旅客通路-上り線,18,コンクリート,,,有,対象
786,豊肥本線,00,無し,瀬田,27190.0,旅客通路,0,該当なし,,,,対象
786,豊肥本線,00,無し,立野,32250.0,旅客通路,0,該当なし,,,,対象
786,豊肥本線,00,無し,赤水,40170.0,旅客通路,0,該当なし,,,,対象
786,豊肥本線,00,無し,内牧,46370.0,旅客通路,0,該当なし,,,,対象
786,豊肥本線,00,無し,阿蘇,49870.0,旅客通路,36.5,アスファルト,,,無,対象
786,豊肥本線,00,無し,宮地,53410.0,旅客通路,0,該当なし,,,,対象
786,豊肥本線,00,無し,波野,64120.0,旅客通路,31.4,該当なし,,,,対象
786,豊肥本線,00,無し,豊後荻,75190.0,豊後荻　旅客通路,0,該当なし,,,無,対象
786,豊肥本線,00,無し,玉来,84930.0,玉来　旅客通路,0,コンクリート,,,有,対象
786,豊肥本線,00,無し,豊後竹田,88030.0,豊後竹田　地下道,10.7,鉄筋コンクリート,,,無,対象
786,豊肥本線,00,無し,緒方,100300.0,緒方　跨線橋,14.6,PC,,5.3,,対象
786,豊肥本線,00,無し,豊後清川,105350.0,豊後清川　旅客通路,0,該当なし,,,無,対象
786,豊肥本線,00,無し,三重町,111860.0,三重町　跨線橋,18.6,鋼,,4.5,有,対象
786,豊肥本線,00,無し,菅尾,117250.0,菅尾　跨線橋,14.6,PC,,5.3,有,対象
786,豊肥本線,00,無し,犬飼,125160.0,犬飼　旅客通路,23,該当なし,,,無,対象
786,豊肥本線,00,無し,犬飼,125160.0,犬飼　跨線橋,9.7,PC,,5.3,,対象
786,豊肥本線,00,無し,竹中,130800.0,竹中　旅客通路,0,該当なし,,,無,対象
786,豊肥本線,00,無し,中判田,136280.0,中判田　こ線橋,9.3,PC,,5.3,,対象
786,豊肥本線,00,無し,中判田,136280.0,中判田　旅客通路,0,該当なし,,,無,対象
786,豊肥本線,00,無し,大分大学前,138780.0,大分大学前　旅客通路,41.21,該当なし,123.7,,有,対象
786,豊肥本線,00,無し,滝尾,142930.0,滝尾　旅客通路,0,該当なし,,,無,対象
791,日豊本線,00,無し,南小倉,2840.0,こ線橋,15,鋼,1039,7.55,有,対象
791,日豊本線,00,無し,南小倉,2840.0,旅客通路,0,該当なし,,,無,対象
791,日豊本線,00,無し,城野,5370.0,こ線橋,31,鋼,,5.9,有,対象
791,日豊本線,00,無し,安部山公園,7710.0,こ線橋,16.4,鋼,349.1,7.27,有,対象
791,日豊本線,00,無し,朽網,14310.0,こ線橋,15.9,鋼,300,6.62,有,対象
791,日豊本線,00,無し,苅田,17910.0,こ線橋,15.9,煉瓦及びコンクリート,,6.41,有,対象
791,日豊本線,00,無し,小波瀬西工大前,21480.0,こ線橋,13,鋼,,5.52,有,対象
791,日豊本線,00,無し,小波瀬西工大前,21480.0,旅客通路,0,該当なし,,,無,対象
791,日豊本線,00,無し,行橋,24220.0,駅改札付近,0,該当なし,,,無,対象
791,日豊本線,00,無し,行橋,24220.0,第１乗降場階段１,0,該当なし,,,無,対象
791,日豊本線,00,無し,行橋,24220.0,第２乗降場階段２,0,該当なし,,,無,対象
791,日豊本線,00,無し,南行橋,26010.0,南行橋こ線橋,43.9,鋼,53,6.2,有,対象
791,日豊本線,00,無し,南行橋,26010.0,旅客通路,0,該当なし,,,無,対象
791,日豊本線,00,無し,新田原,29460.0,跨線橋,15.9,鉄筋コンクリート,475.5,5.4,有,対象
791,日豊本線,00,無し,築城,33220.0,跨線橋,13.8,鋼,,6.1,有,対象
791,日豊本線,00,無し,椎田,36170.0,跨線橋,15.4,PC,162.4,5.4,有,対象
791,日豊本線,00,無し,豊前松江,41100.0,跨線橋,13.8,鋼,322,6.1,,対象
791,日豊本線,00,無し,宇島,44460.0,跨線橋,17.5,鋼,734,5.6,有,対象
791,日豊本線,00,無し,三毛門,47290.0,跨線橋,11.9,鋼,,6.1,,対象
791,日豊本線,00,無し,三毛門,47290.0,旅客通路,0,該当なし,,,無,対象
791,日豊本線,00,無し,吉富,49310.0,旅客通路,0,該当なし,,,無,対象
791,日豊本線,00,無し,中津,51050.0,中津 旅客通路,0,該当なし,,,無,対象
791,日豊本線,00,無し,東中津,55960.0,東中津 跨線橋,14.86,鋼,,5.5,有,対象
791,日豊本線,00,無し,今津,59350.0,今津 こ線橋,13.4,PC,,5.7,,対象
791,日豊本線,00,無し,天津,61810.0,天津 跨線橋,13.4,鋼,,5.8,,対象
791,日豊本線,00,無し,天津,61810.0,天津 旅客通路,0,該当なし,,,無,対象
791,日豊本線,00,無し,豊前善光寺,64750.0,豊前善光寺 跨線橋,15.3,鋼,,5.7,,対象
791,日豊本線,00,無し,柳ヶ浦,68430.0,柳ヶ浦 跨線橋,17.5,鋼,378.2,5.5,有,対象
791,日豊本線,00,無し,豊前長洲,70310.0,豊前長洲 跨線橋,12.4,PC,,5.7,,対象
791,日豊本線,00,無し,豊前長洲,70310.0,豊前長洲 旅客通路,0,該当なし,,,無,対象
791,日豊本線,00,無し,宇佐,75100.0,宇佐 こ線橋,16,鋼,239.3,,有,対象
791,日豊本線,00,無し,西屋敷,78730.0,西屋敷 旅客通路,52.6,該当なし,,,無,対象
791,日豊本線,00,無し,立石,84520.0,立石 こ線橋,26.8,鋼,,,有,対象
791,日豊本線,00,無し,立石,84520.0,立石 旅客通路,11.15,該当なし,,,無,対象
791,日豊本線,00,無し,中山香,89680.0,中山香  こ線橋,14.7,鋼,,,無,対象
791,日豊本線,00,無し,杵築,98540.0,杵築 こ線橋,17.3,該当なし,302,,有,対象
791,日豊本線,00,無し,大神,102550.0,大神 旅客通路,18.3,該当なし,,,無,対象
791,日豊本線,00,無し,日出,106540.0,日出 地下道,24.9,該当なし,,,無,対象
791,日豊本線,00,無し,日出,106540.0, 日出 旅客通路,53.9,該当なし,,,無,対象
791,日豊本線,00,無し,豊後豊岡,110550.0,豊後豊岡 こ線橋,13.8,鋼,291.2,,有,対象
791,日豊本線,00,無し,豊後豊岡,110550.0,豊後豊岡 旅客通路,6,該当なし,,,無,対象
791,日豊本線,00,無し,亀川,114260.0,亀川 こ線橋,15.6,鋼及び鉄コン,,,無,対象
791,日豊本線,00,無し,別府大学,116390.0,別府大学 こ線橋,11.2,該当なし,,,無,対象
791,日豊本線,00,無し,別府,120160.0,別府 旅客通路,187,該当なし,,,無,対象
791,日豊本線,00,無し,東別府,122190.0,東別府 こ線橋,14.4,鋼,364,6,,対象
791,日豊本線,00,無し,東別府,122190.0,東別府 旅客通路,0,該当なし,,,無,対象
791,日豊本線,00,無し,西大分,129770.0,西大分 こ線橋,19.5,鋼,222.2,5.5,,対象
791,日豊本線,00,無し,西大分,129770.0,西大分 旅客通路,0,該当なし,,,無,対象
791,日豊本線,00,無し,大分,132360.0,大分旅客通路１,19.5,鉄筋コンクリート,,,有,対象
791,日豊本線,00,無し,大分,132360.0,大分旅客通路２,19.5,鉄筋コンクリート,,,有,対象
791,日豊本線,00,無し,大分,132360.0,大分旅客通路３,18,鉄筋コンクリート,,,有,対象
791,日豊本線,00,無し,大分,132360.0,大分旅客通路４,10,鉄筋コンクリート,,,有,対象
791,日豊本線,00,無し,大分,132360.0,大分 地下道,70.1,鉄筋コンクリート,,,,対象外
791,日豊本線,00,無し,大分,132360.0,大分 旅客通路,0,該当なし,,,無,対象外
791,日豊本線,00,無し,高城,137380.0,高城 こ線橋,18.1,鋼,,6.2,,対象
791,日豊本線,00,無し,高城,137380.0,高城 旅客通路,0,該当なし,,,無,対象
791,日豊本線,00,無し,鶴崎,140430.0,鶴崎 こ線橋,17.6,鋼,501.7,5.8,有,対象
791,日豊本線,00,無し,鶴崎,140430.0,鶴崎 旅客通路,0,該当なし,,,無,対象
791,日豊本線,00,無し,大在,143670.0,自由連絡通路,0,該当なし,,,無,対象
791,日豊本線,00,無し,大在,143670.0,大在 こ線橋,14,鋼,,,,対象
791,日豊本線,00,無し,大在,143670.0,大在 旅客通路,0,該当なし,,,無,対象
791,日豊本線,00,無し,坂ノ市,146820.0,坂ノ市 こ線橋,12.5,鋼,348.4,6.2,,対象
791,日豊本線,00,無し,坂ノ市,146820.0,坂ノ市 旅客通路,0,該当なし,,,無,対象
791,日豊本線,00,無し,幸崎,151200.0,幸崎 こ線橋,36.5,PC,,5.4,有,対象
791,日豊本線,00,無し,幸崎,151200.0,幸崎 旅客通路,0,該当なし,,,無,対象
791,日豊本線,00,無し,佐志生,158400.0,佐志生 こ線橋,9.9,鋼,261.5,5.54,,対象
791,日豊本線,00,無し,佐志生,158400.0,佐志生 旅客通路,12,該当なし,,,無,対象
791,日豊本線,00,無し,下ノ江,160510.0,下ノ江 こ線橋,14.6,鋼,344.3,5.49,,対象
791,日豊本線,00,無し,下ノ江,160510.0,下ノ江　旅客通路,0,該当なし,,,無,対象
791,日豊本線,00,無し,熊崎,164090.0,熊崎 跨線橋,9.9,鋼,261.5,5.55,,対象
791,日豊本線,00,無し,熊崎,164090.0,熊崎 旅客通路,0,該当なし,,,無,対象
791,日豊本線,00,無し,上臼杵,167040.0,上臼杵　旅客通路,0,該当なし,,,無,対象
791,日豊本線,00,無し,臼杵,168560.0,臼杵 跨線橋,17.5,鋼,732.5,5.52,有,対象
791,日豊本線,00,無し,津久見,178280.0,津久見 跨線橋,25,鋼,614.2,6.63,有,対象
791,日豊本線,00,無し,日代,183840.0,日代 跨線橋,14.8,PC,,5.97,,対象
791,日豊本線,00,無し,浅海井,187590.0,浅海井 跨線橋,13.9,鋼,319.4,5.4,,対象
791,日豊本線,00,無し,浅海井,187590.0,浅海井 旅客通路,0,該当なし,,,無,対象
791,日豊本線,00,無し,狩生,191430.0,狩生 跨線橋,12.9,鋼,332.4,5.75,,対象
791,日豊本線,00,無し,狩生,191430.0,狩生 旅客通路,0,該当なし,,,無,対象
791,日豊本線,00,無し,海崎,194200.0,海崎 跨線橋,14.2,鋼,299.7,5.65,,対象
791,日豊本線,00,無し,海崎,194200.0,海崎 旅客通路,0,該当なし,,,無,対象
791,日豊本線,00,無し,佐伯,197230.0,佐伯 こ線橋,15.9,鋼,613.8,5.55,有,対象
791,日豊本線,00,無し,上岡,201780.0,上岡　こ線橋,11.1,鋼,322,5.65,,対象
791,日豊本線,00,無し,上岡,201780.0,上岡　旅客通路,0,該当なし,,,無,対象
791,日豊本線,00,無し,直見,208170.0,直見 跨線橋,10,鋼,264.8,5.65,,対象
791,日豊本線,00,無し,直見,208170.0,直見 旅客通路,0,該当なし,,,無,対象
791,日豊本線,00,無し,直川,213030.0,直川 跨線橋,11.3,鋼,274.7,5.45,,対象
791,日豊本線,00,無し,直川,213030.0,直川 旅客通路,0,該当なし,,,無,対象
791,日豊本線,00,無し,重岡,223610.0,重岡 跨線橋,15.7,鋼,367.2,5.57,,対象
791,日豊本線,00,無し,重岡,223610.0,重岡 旅客通路,0,該当なし,,,無,対象
791,日豊本線,00,無し,宗太郎,230370.0,宗太郎 跨線橋,17.2,鋼,305.6,5.66,,対象
791,日豊本線,00,無し,宗太郎,230370.0,宗太郎 旅客通路,0,該当なし,,,無,対象
791,日豊本線,00,無し,市棚,237940.0,跨線橋,13.6,該当なし,291.7,5.6,有,対象
791,日豊本線,00,無し,市棚,237940.0,旅客通路,0,該当なし,,,無,対象
791,日豊本線,00,無し,北川,242610.0,跨線橋,9.6,該当なし,227.5,5.5,有,対象
791,日豊本線,00,無し,北川,242610.0,旅客通路,0,該当なし,,,無,対象外
791,日豊本線,00,無し,日向長井,246090.0,跨線橋,16.5,該当なし,370.7,5.5,有,対象
791,日豊本線,00,無し,日向長井,246090.0,旅客通路,0,該当なし,,,無,対象
791,日豊本線,00,無し,北延岡,250680.0,跨線橋,16.7,該当なし,338.9,5.5,有,対象
791,日豊本線,00,無し,北延岡,250680.0,旅客通路,0,該当なし,,,無,対象
791,日豊本線,00,無し,延岡,255560.0,跨線橋,16.3,該当なし,,5.4,有,対象
791,日豊本線,00,無し,延岡,255560.0,旅客通路,0,該当なし,,,無,対象
791,日豊本線,00,無し,南延岡,258980.0,跨線橋,41.6,該当なし,570.5,5.4,有,対象
791,日豊本線,00,無し,南延岡,258980.0,旅客通路,0,該当なし,,,無,対象
791,日豊本線,00,無し,土々呂,265110.0,跨線橋,13.2,該当なし,305.8,5.6,有,対象
791,日豊本線,00,無し,土々呂,265110.0,旅客通路,0,該当なし,,,無,対象
791,日豊本線,00,無し,門川,269390.0,跨線橋,13.2,該当なし,306.1,5.6,有,対象
791,日豊本線,00,無し,南日向,282470.0,跨線橋,13.2,該当なし,303.9,5.6,有,対象
791,日豊本線,00,無し,美々津,289120.0,跨線橋,14.6,該当なし,307.5,5.7,有,対象
791,日豊本線,00,無し,美々津,289120.0,美々津駅,12,該当なし,,,無,対象
791,日豊本線,00,無し,東都農,293520.0,東都農第１旅客通路,0,該当なし,,,無,対象
791,日豊本線,00,無し,東都農,293520.0,東都農第２旅客通路,0,該当なし,,,無,対象
791,日豊本線,00,無し,東都農,293520.0,跨線橋,13.6,該当なし,289,5.6,有,対象
791,日豊本線,00,無し,都農,298120.0,跨線橋,17.2,該当なし,3884,5.5,有,対象
791,日豊本線,00,無し,都農,298120.0,旅客通路,0,該当なし,,,無,対象
791,日豊本線,00,無し,川南,304960.0,跨線橋,11.2,該当なし,3386,5.5,有,対象外
791,日豊本線,00,無し,川南,304960.0,旅客通路,0,該当なし,,,無,対象
791,日豊本線,00,無し,高鍋,312960.0,跨線橋,19.4,該当なし,317.8,5.5,有,対象
791,日豊本線,00,無し,高鍋,312960.0,旅客通路,0,該当なし,,,無,対象
791,日豊本線,00,無し,日向新富,319360.0,跨線橋,16.4,該当なし,395.9,5.6,有,対象
791,日豊本線,00,無し,佐土原,326100.0,跨線橋,20.3,鋼,678,5.7,有,対象
791,日豊本線,00,無し,日向住吉,330300.0,跨線橋,9.7,鉄筋コンクリート,49.8,5.5,,対象
791,日豊本線,00,無し,日向住吉,330300.0,旅客通路,6.5,該当なし,,,,対象
791,日豊本線,00,無し,宮崎神宮,336840.0,旅客通路,4.1,鉄筋コンクリート,,,,対象
791,日豊本線,00,無し,宮崎,339330.0,階段１,0,該当なし,,,有,対象
791,日豊本線,00,無し,宮崎,339330.0,階段２,0,該当なし,,,有,対象
791,日豊本線,00,無し,南宮崎,341880.0,跨線橋,32.2,鋼,1148,5.7,有,対象
791,日豊本線,00,無し,清武,347160.0,跨線橋,9,鉄筋コンクリート,123,5.7,,対象
791,日豊本線,00,無し,日向沓掛,352550.0,跨線橋,7.3,鉄筋コンクリート,109,5.9,,対象
791,日豊本線,00,無し,田野,357390.0,こ線橋,23.7,鉄筋コンクリート,176,5.7,,対象
791,日豊本線,00,無し,田野,357390.0,旅客通路,26.3,該当なし,,,,対象
791,日豊本線,00,無し,青井岳,368650.0,跨線橋,9,鉄筋コンクリート,121,5.7,,対象
791,日豊本線,00,無し,山之口,378520.0,跨線橋,11.1,鉄筋コンクリート,178.2,5.7,有,対象
791,日豊本線,00,無し,山之口,378520.0,旅客通路,6.3,該当なし,,,,対象
791,日豊本線,00,無し,餅原,382080.0,旅客通路,0,該当なし,,,無,対象
791,日豊本線,00,無し,三股,385030.0,こ線橋,16.9,鋼,285.6,5.7,,対象
791,日豊本線,00,無し,三股,385030.0,旅客通路,0,該当なし,,,無,対象
791,日豊本線,00,無し,都城,389340.0,地下道１,21.6,該当なし,,,無,対象外
791,日豊本線,00,無し,都城,389340.0,地下道２,15,該当なし,,,無,対象外
791,日豊本線,00,無し,都城,389871.0,跨線橋,37.3,鋼,,,有,対象
791,日豊本線,00,無し,西都城,391850.0,旅客通路,0,該当なし,,,無,対象
791,日豊本線,00,無し,五十市,394660.0,手すり,8.3,該当なし,,,無,対象
791,日豊本線,00,無し,五十市,394660.0,転落防止柵,6.2,該当なし,,,無,対象
791,日豊本線,00,無し,五十市,394660.0,こ線橋,14.2,該当なし,,,無,対象
791,日豊本線,00,無し,五十市,394660.0,五十市駅,0,該当なし,,,無,対象
791,日豊本線,00,無し,財部,398850.0,跨線橋,15.2,PC,117.6,,無,対象
791,日豊本線,00,無し,北俣,402490.0,跨線橋,14,鉄筋コンクリート,,5.7,,対象
791,日豊本線,00,無し,北俣,402490.0,旅客通路,27.5,該当なし,,,,対象
791,日豊本線,00,無し,大隅大川原,407530.0,跨線橋,9.5,鉄筋コンクリート,52,5.7,,対象
791,日豊本線,00,無し,大隅大川原,407530.0,旅客通路,12.5,該当なし,47.5,,,対象
791,日豊本線,00,無し,北永野田,412890.0,跨線橋,21,鉄筋コンクリート,52.6,5.43,,対象
791,日豊本線,00,無し,北永野田,412890.0,旅客通路,3.7,該当なし,,,,対象
791,日豊本線,00,無し,霧島神宮,418820.0,地下道,10.4,該当なし,73.4,,無,対象
791,日豊本線,00,無し,霧島神宮,418820.0,旅客通路,0,該当なし,,,無,対象
791,日豊本線,00,無し,国分,431540.0,跨線橋,15.7,鉄筋コンクリート,98.2,5.85,有,対象
791,日豊本線,00,無し,隼人,434120.0,跨線橋,15.7,鉄筋コンクリート,95.5,5.85,有,対象
791,日豊本線,00,無し,加治木,441010.0,跨線橋,14.6,鉄筋コンクリート,92.2,5.7,,対象
791,日豊本線,00,無し,帖佐,445010.0,跨線橋,14.2,鉄筋コンクリート,60.8,5.7,有,対象
791,日豊本線,00,無し,重富,448170.0,跨線橋,12.3,鉄筋コンクリート,55,5.4,,対象
791,日豊本線,00,無し,竜ヶ水,455130.0,跨線橋,13.3,鉄筋コンクリート,57.2,5.4,,対象
791,日豊本線,10,単線,日向市,276100.0,日向市旅客通路１,21.62,鉄筋コンクリート,,,有,対象
791,日豊本線,10,単線,日向市,276101.0,日向市旅客通路２,19.71,鉄筋コンクリート,,,有,対象
791,日豊本線,23,上下線,国分,431540.0,国分旅客通路1,,アスファルト,,,有,対象
795,日田彦山線,00,無し,石田,3270.0,旅客通路,0,該当なし,,,無,対象
795,日田彦山線,00,無し,志井公園,5080.0,旅客通路,0,該当なし,34.5,,有,対象
795,日田彦山線,00,無し,志井,6750.0,こ線橋,13.6,PC,,5.35,,対象
795,日田彦山線,00,無し,石原町,9030.0,旅客通路,0,該当なし,,,無,対象
795,日田彦山線,00,無し,呼野,12330.0,旅客通路,0,該当なし,,,無,対象
795,日田彦山線,00,無し,採銅所,18130.0,旅客通路,0,該当なし,,,無,対象
795,日田彦山線,00,無し,香春,23380.0,旅客通路,0,該当なし,,,無,対象
795,日田彦山線,00,無し,一本松,24960.0,旅客通路,4.8,該当なし,3.2,,有,対象
795,日田彦山線,00,無し,田川伊田,27400.0,地下道,35.1,該当なし,,,無,対象
795,日田彦山線,00,無し,田川伊田,27400.0,旅客通路,0,該当なし,,,無,対象
795,日田彦山線,00,無し,田川後藤寺,29980.0,こ線橋,19.4,鋼,689,4.42,有,対象
795,日田彦山線,00,無し,池尻,32200.0,旅客通路,0,該当なし,,,無,対象
795,日田彦山線,00,無し,添田,39480.0,旅客通路,0,該当なし,,,無,対象
795,日田彦山線,00,無し,豊前桝田,43190.0,旅客通路,0,該当なし,,,無,対象
795,日田彦山線,00,無し,彦山,47140.0,旅客通路,0,該当なし,,,無,対象
795,日田彦山線,00,無し,筑前岩屋,55070.0,旅客通路,19.9,該当なし,,,無,対象
795,日田彦山線,00,無し,大行司,59250.0,旅客通路,80.3,該当なし,,,,対象
795,日田彦山線,00,無し,宝珠山,61250.0,旅客通路,0,該当なし,,,無,対象
795,日田彦山線,00,無し,大鶴,62810.0,旅客通路,0,該当なし,,,無,対象
795,日田彦山線,00,無し,今山,65380.0,旅客通路,25.2,該当なし,,,無,対象
795,日田彦山線,10,単線,歓遊舎ひこさん,41550.0,旅客通路,14.54,砂利及びアスファルト,,,無,対象
823,日南線,00,無し,田吉,2020.0,田吉駅旅客通路,14.4,該当なし,,,無,対象
823,日南線,00,無し,木花,7450.0,旅客通路,2.1,該当なし,,,,対象
823,日南線,00,無し,運動公園,8925.0,旅客通路,0,該当なし,,,無,対象
823,日南線,00,無し,青島,12680.0,旅客通路,5.1,該当なし,,,,対象
823,日南線,00,無し,内海,17450.0,旅客通路,8.8,該当なし,,,,対象
823,日南線,00,無し,伊比井,23320.0,旅客通路,0,該当なし,,,無,対象
823,日南線,00,無し,北郷,32540.0,旅客通路,24.2,該当なし,,,,対象
823,日南線,00,無し,飫肥,39780.0,旅客通路,23.5,該当なし,,,,対象
823,日南線,00,無し,油津,45990.0,旅客通路,7.2,該当なし,,,,対象
823,日南線,00,無し,大堂津,50280.0,旅客通路,14.8,該当なし,,,,対象
823,日南線,00,無し,南郷,52990.0,旅客通路,13.9,該当なし,,,,対象
823,日南線,00,無し,谷之口,56110.0,旅客通路,6.8,該当なし,,,,対象
823,日南線,00,無し,榎原,60460.0,旅客通路,10.9,該当なし,,,,対象
823,日南線,00,無し,日向大束,68610.0,旅客通路,14.2,該当なし,14,,,対象
823,日南線,00,無し,福島今町,77190.0,旅客通路,14.2,該当なし,27.5,,,対象
823,日南線,00,無し,福島高松,79630.0,旅客通路,0,該当なし,,,無,対象
823,日南線,10,単線,青島,12680.0,,,コンクリート,,,無,対象
824,宮崎空港線,00,無し,宮崎空港,3370.0,宮崎空港駅正面入口,10.1,該当なし,,,有,対象
824,宮崎空港線,00,無し,宮崎空港,3370.0,旅客通路,25.3,該当なし,,,有,対象
824,宮崎空港線,00,無し,宮崎空港,3370.0,宮崎空港駅正面階段,16.3,該当なし,,,有,対象
825,吉都線,00,無し,谷頭,7080.0,旅客通路,2.5,該当なし,15.5,,,対象
825,吉都線,00,無し,万ヶ塚,10600.0,旅客通路,0,該当なし,,,無,対象
825,吉都線,00,無し,高崎新田,17740.0,旅客通路,0,該当なし,53.1,,無,対象
825,吉都線,00,無し,日向前田,22200.0,旅客通路,25.3,該当なし,78.8,,,対象
825,吉都線,00,無し,高原,26770.0,旅客通路,4.3,該当なし,30.5,,,対象
825,吉都線,00,無し,小林,34750.0,旅客通路,0,該当なし,,,無,対象
825,吉都線,00,無し,えびの飯野,46540.0,旅客通路,3.7,該当なし,,,有,対象
825,吉都線,00,無し,えびの上江,48560.0,階段・スロープ,0,該当なし,,,無,対象
825,吉都線,00,無し,えびの,51910.0,旅客通路,26.6,該当なし,61.8,,,対象
825,吉都線,00,無し,京町温泉,56580.0,旅客通路,25.6,該当なし,98.4,,,対象
825,吉都線,00,無し,鶴丸,58960.0,旅客通路,2.9,該当なし,9.2,,,対象
831,筑豊本線,00,無し,藤ノ木,2860.0,旅客通路,42,該当なし,,,無,対象
831,筑豊本線,00,無し,奥洞海,4550.0,こ線橋,14.1,鉄筋コンクリート,,5.2,,対象
831,筑豊本線,00,無し,奥洞海,4550.0,旅客通路,0,該当なし,,,無,対象
831,筑豊本線,00,無し,二島,6260.0,こ線橋,18.4,鉄筋コンクリート,,5.35,,対象
831,筑豊本線,00,無し,本城,9260.0,旅客通路,15.3,該当なし,,,有,対象
831,筑豊本線,00,無し,東水巻,13430.0,旅客通路,0,該当なし,,,無,対象
831,筑豊本線,00,無し,中間,14880.0,こ線橋,38.4,鋼,1477.1,6.1,有,対象
831,筑豊本線,00,無し,中間,14880.0,旅客通路,0,該当なし,,,無,対象
831,筑豊本線,00,無し,筑前垣生,16350.0,こ線橋,8.9,鋼,349,5.43,,対象
831,筑豊本線,00,無し,筑前垣生,16350.0,旅客通路,0,該当なし,,,無,対象
831,筑豊本線,00,無し,鞍手,18740.0,こ線橋,10,PC,,5.35,,対象
831,筑豊本線,00,無し,筑前植木,21230.0,こ線橋,18.7,鋼,598,5.45,有,対象
831,筑豊本線,00,無し,新入,22840.0,旅客通路,0,該当なし,,,無,対象
831,筑豊本線,00,無し,直方,24770.0,こ線橋,119.5,鋼,1282,,有,対象
831,筑豊本線,00,無し,直方,24770.0,旅客通路,0,該当なし,,,無,対象
831,筑豊本線,00,無し,勝野,27450.0,こ線橋階段,37,鋼,,,有,対象
831,筑豊本線,00,無し,勝野,27450.0,旅客通路,190.2,該当なし,,,無,対象
831,筑豊本線,00,無し,小竹,31290.0,旅客通路,40.8,該当なし,,,無,対象
831,筑豊本線,00,無し,鯰田,34720.0,こ線橋,18.7,鋼,,5.4,有,対象
831,筑豊本線,00,無し,浦田,36220.0,旅客通路,0,該当なし,,,無,対象
831,筑豊本線,00,無し,飯塚,39440.0,こ線橋,20.2,鋼,,5.5,有,対象
831,筑豊本線,00,無し,天道,42290.0,こ線橋,17.6,鋼,,5.6,有,対象
831,筑豊本線,00,無し,桂川,45270.0,こ線橋,17.4,鋼,,5.66,有,対象
831,筑豊本線,00,無し,桂川,45270.0,旅客通路,121.5,該当なし,,,無,対象
831,筑豊本線,00,無し,上穂波,48080.0,旅客通路,0,該当なし,,,無,対象
851,後藤寺線,00,無し,上三緒,3070.0,旅客通路,0,該当なし,,,無,対象
851,後藤寺線,00,無し,下鴨生,5000.0,旅客通路,0,該当なし,,,無,対象
851,後藤寺線,00,無し,筑前庄内,6190.0,旅客通路,0,該当なし,,,無,対象
