線コード,線名,線別コード,線別,駅駅間箇所,キロ程,換算キロ程,構造物名称,延長,構造種別,塗装面積,盛土延長,桁延長,最大幅員,最小幅員,笠石延長,擁壁延長,柵延長,ブロック延長,検査対象
711,鹿児島本線,00,無し,小森江,4020.0,4020.0,第１乗降場,250.18,けた式（乗降場）,380.9,0,250.18,2.5,2,250,250,244.8,249.5,対象
711,鹿児島本線,00,無し,小森江,4020.0,4020.0,第２乗降場,188.14,けた式（乗降場）,359.9,0,188.14,3,2,188,188,190.8,187.6,対象
711,鹿児島本線,00,無し,門司,5500.0,5500.0,第１乗降場,274.5,盛土式（乗降場）,0,274.5,0,9.3,3.4,549,549,0,110.7,対象
711,鹿児島本線,00,無し,門司,5500.0,5500.0,第２乗降場,361.3,盛土式（乗降場）,0,361.3,0,9.9,4.55,722.6,722.6,0,110.3,対象
711,鹿児島本線,00,無し,門司,5500.0,5500.0,第３乗降場,359.3,盛土式（乗降場）,0,359.3,0,9.3,8,718.6,718.6,0,165,対象
711,鹿児島本線,00,無し,小倉,11010.0,11070.0,第１乗降場,251.5,けた盛式（乗降場）,0,251.5,0,7.8,4,503,503,0,291.7,対象
711,鹿児島本線,00,無し,小倉,11010.0,11070.0,第２乗降場,373.2,けた盛式（乗降場）,0,301.6,71.6,10,2.7,622.4,622.4,47.6,352.8,対象
711,鹿児島本線,00,無し,小倉,11010.0,11070.0,第３乗降場,372.1,けた盛式（乗降場）,0,362.5,9.6,9.98,2.1,702.4,702.4,0,274,対象
711,鹿児島本線,00,無し,小倉,11010.0,11070.0,第４乗降場,322.1,けた盛式（乗降場）,0,312.5,9.6,10.02,6.7,588.2,588.2,0,290.2,対象
711,鹿児島本線,00,無し,西小倉,11820.0,11890.0,第１乗降場,186,盛土式（乗降場）,0,186,0,8.65,7.48,372,372,0,342.8,対象
711,鹿児島本線,00,無し,西小倉,11820.0,11890.0,第２乗降場,250,けた盛式（乗降場）,64,216,34,5.7,2.15,415,415,88,411.1,対象
711,鹿児島本線,00,無し,西小倉,11820.0,11890.0,第３乗降場,190,けた式（乗降場）,389,0,190,4.25,2.15,190,0,186.4,188,対象
711,鹿児島本線,00,無し,九州工大前,15310.0,15380.0,第１乗降場,260,盛土式（乗降場）,0,260,0,7.46,6,520,520,0,0,対象
711,鹿児島本線,00,無し,戸畑,17240.0,17290.0,第１乗降場,320.3,けた盛式（乗降場）,0,300.5,19.8,9,5.6,640.6,640.6,0,356.5,対象
711,鹿児島本線,00,無し,枝光,19380.0,19430.0,第１乗降場,260.4,けた盛式（乗降場）,0,143,117.4,6.2,3,260.4,260.4,113.2,0,対象
711,鹿児島本線,00,無し,枝光,19380.0,19430.0,第２乗降場,260.02,けた盛式（乗降場）,0,181,79.02,6,3,260.2,260.2,9,0,対象
711,鹿児島本線,00,無し,スペースワールド,21240.0,20560.0,スペースワールド駅第１乗降場,251.14,けた式（乗降場）,0,0,251.14,8.3,5,503.8,0,0,505.6,対象
711,鹿児島本線,00,無し,スペースワールド,21240.0,20560.0,スペースワールド駅第ニ乗降場,250.12,けた式（乗降場）,0,0,250.12,8.7,2.2,498.8,0,0,478,対象
711,鹿児島本線,00,無し,八幡,23150.0,21630.0,第一乗降場,319.9,盛土式（乗降場）,0,319.9,0,8.3,4.3,639.8,520.8,0,150.8,対象
711,鹿児島本線,00,無し,八幡,23150.0,21630.0,第二乗降場,261.2,盛土式（乗降場）,0,261.2,0,8.4,5.6,522.4,640.2,0,150.8,対象
711,鹿児島本線,00,無し,黒崎,25870.0,24360.0,第一乗降場,294.1,けた盛式（乗降場）,50.6,282.6,11.5,9.1,3.1,565.2,567,0,639,対象
711,鹿児島本線,00,無し,黒崎,25870.0,24360.0,第二乗降場,284.4,盛土式（乗降場）,0,284.4,0,6,1.7,568.8,534.5,60,210,対象
711,鹿児島本線,00,無し,陣原,28060.0,26550.0,陣原駅第１乗降場,142,盛土式（乗降場）,0,142,0,4.8,1.7,134,134,104.8,148.1,対象
711,鹿児島本線,00,無し,陣原,28060.0,26550.0,陣原駅第２乗降場,186,盛土式（乗降場）,0,186,0,5.52,2.11,320,380,58.4,337.7,対象
711,鹿児島本線,00,無し,陣原,28060.0,26550.0,陣原駅第３乗降場,186,盛土式（乗降場）,0,186,0,5.97,3.86,372,513.3,6.5,391.3,対象
711,鹿児島本線,00,無し,折尾,31060.0,29550.0,第五乗降場,159,けた式（乗降場）,0,0,159,3.05,2.05,159,0,151,158,対象
711,鹿児島本線,00,無し,折尾,31060.0,29550.0,第三乗降場,280.8,けた盛式（乗降場）,132.1,268.3,12.5,16.3,3.2,280.8,317.5,0,0,対象
711,鹿児島本線,00,無し,折尾,31060.0,29550.0,第四乗降場,275.1,盛土式（乗降場）,0,275.1,0,8.6,2.09,550.2,550.2,0,0,対象
711,鹿児島本線,00,無し,折尾,31060.0,29550.0,第六乗降場,159,けた式（乗降場）,0,0,159,3.05,1.55,159,0,144.7,158,対象
711,鹿児島本線,00,無し,水巻,33240.0,31730.0,第一乗降場,193,けた式（乗降場）,524.9,0,193,3.1,2.6,520,0,192.4,0,対象
711,鹿児島本線,00,無し,水巻,33240.0,31730.0,第二乗降場,262.2,けた式（乗降場）,556.1,0,262.2,3.2,3,262.2,0,0,0,対象
711,鹿児島本線,00,無し,遠賀川,35300.0,33790.0,第一乗降場,263.4,盛土式（乗降場）,0,263.4,0,7.9,2.45,263.4,263.4,144.7,0,対象
711,鹿児島本線,00,無し,遠賀川,35300.0,33790.0,第二乗降場,299.9,けた盛式（乗降場）,80.6,260.9,39,6.5,6.2,599.8,521.2,0,342.4,対象
711,鹿児島本線,00,無し,海老津,40410.0,38900.0,第一乗降場,293.39,けた盛式（乗降場）,0,262,31.39,7,2.5,262,262,16.9,70.1,対象
711,鹿児島本線,00,無し,海老津,40410.0,38900.0,第二乗降場,261.6,けた盛式（乗降場）,0,246.1,15.5,7.2,3.2,523.2,253.9,42.2,349.3,対象
711,鹿児島本線,00,無し,教育大前,45570.0,44070.0,第一乗降場,250,けた式（乗降場）,0,0,250,3.1,1.6,250,0,241.6,252,対象
711,鹿児島本線,00,無し,教育大前,45570.0,44070.0,第二乗降場,190,けた式（乗降場）,0,0,190,3.1,1.5,170,0,191.1,191,対象
711,鹿児島本線,00,無し,赤間,47530.0,46030.0,第一乗降場,171.5,けた盛式（乗降場）,122.1,131.3,40.2,6,1.9,343,280,14,400.4,対象
711,鹿児島本線,00,無し,赤間,47530.0,46030.0,第二乗降場,261.8,盛土式（乗降場）,0,261.8,0,6.3,6,523.6,522.3,0,0,対象
711,鹿児島本線,00,無し,東郷,51690.0,50190.0,第一乗降場,260,盛土式（乗降場）,0,260,0,10.6,3.5,260,288.6,0,174,対象
711,鹿児島本線,00,無し,東郷,51690.0,50190.0,第二乗降場,263.2,盛土式（乗降場）,0,263.2,0,6.3,4.3,526.4,533.3,0,344,対象
711,鹿児島本線,00,無し,東福間,54920.0,53420.0,第一乗降場,260,けた式（乗降場）,1326,0,260,6.5,4,260,0,271.9,0,対象
711,鹿児島本線,00,無し,東福間,54920.0,53420.0,第二乗降場,260,けた式（乗降場）,1326,0,260,6.7,4,260,0,222,0,対象
711,鹿児島本線,00,無し,福間,57630.0,56120.0,第一乗降場,260,盛土式（乗降場）,0,260,0,9.9,2.8,260,395.6,0,0,対象
711,鹿児島本線,00,無し,福間,57630.0,56120.0,第三乗降場,260,盛土式（乗降場）,0,260,0,10,7.4,520,510.7,0,0,対象
711,鹿児島本線,00,無し,福間,57630.0,56120.0,第二乗降場,258.6,盛土式（乗降場）,0,258.6,0,6.3,3.6,517.2,368.5,0,0,対象
711,鹿児島本線,00,無し,千鳥,59480.0,57970.0,第一乗降場,245,けた式（乗降場）,0,0,245,4.1,2.1,0,0,220.2,244.6,対象
711,鹿児島本線,00,無し,千鳥,59480.0,57970.0,第二乗降場,185,けた式（乗降場）,0,0,185,4.1,2.1,0,0,162.8,185.3,対象
711,鹿児島本線,00,無し,古賀,61610.0,60100.0,第一乗降場,279.6,盛土式（乗降場）,0,279.6,0,6,2.1,564.4,363.3,5,380,対象
711,鹿児島本線,00,無し,古賀,61610.0,60100.0,第二乗降場,259.6,盛土式（乗降場）,0,259.6,0,6.3,5.5,519.2,512.9,0,453.2,対象
711,鹿児島本線,00,無し,福工大前,66050.0,64540.0,第一乗降場,259.8,盛土式（乗降場）,0,259.8,0,8.8,2.4,259.8,269.6,4.7,257,対象
711,鹿児島本線,00,無し,福工大前,66050.0,64540.0,第二乗降場,259.8,盛土式（乗降場）,0,259.8,0,6.6,2.1,259.8,259.3,3.5,0,対象
711,鹿児島本線,00,無し,香椎,70810.0,69300.0,第１乗降場,223.4,盛土式（乗降場）,0,260.2,0,11.6,2.2,260.2,402.7,0,260.8,対象
711,鹿児島本線,00,無し,香椎,70810.0,69300.0,第２乗降場,260.2,盛土式（乗降場）,0,260.2,0,8.2,3.7,520.4,486.7,2.6,509,対象
711,鹿児島本線,00,無し,香椎,70810.0,69300.0,第３乗降場,124.6,盛土式（乗降場）,0,124.6,0,6.4,1.26,249.2,249.2,5.4,241.8,対象
711,鹿児島本線,00,無し,博多,79160.0,77590.0,第１乗降場,283.4,けた盛式（乗降場）,0,109.6,173.8,11.9,8.3,219.2,203.9,0,480,対象
711,鹿児島本線,00,無し,博多,79160.0,77590.0,第２乗降場,365,けた盛式（乗降場）,0,185.7,179.3,13,4.8,371.4,401.7,0,640,対象
711,鹿児島本線,00,無し,博多,79160.0,77590.0,第３乗降場,260.3,けた盛式（乗降場）,0,81,179.3,10,1.5,162,161.9,0,320,対象
711,鹿児島本線,00,無し,博多,79160.0,77590.0,第４乗降場,360,けた盛式（乗降場）,0,171.7,188.3,9,3,343.4,361.5,0,640,対象
711,鹿児島本線,00,無し,竹下,82350.0,80290.0,第１乗降場,258.9,盛土式（乗降場）,0,258.9,0,6.8,6.5,517.8,519.1,0,428.6,対象
711,鹿児島本線,00,無し,笹原,84770.0,82710.0,第１乗降場,185,けた式（乗降場）,460,0,185,3.2,3,0,0,162.2,160,対象
711,鹿児島本線,00,無し,笹原,84770.0,82710.0,第２乗降場,190,けた式（乗降場）,509,0,190,2.9,2,0,0,162.2,160,対象
711,鹿児島本線,00,無し,南福岡,86380.0,84320.0,第２乗降場,270,盛土式（乗降場）,0,270,0,6.3,2.8,213.3,0,3.3,279,対象
711,鹿児島本線,00,無し,南福岡,86380.0,84320.0,第３乗降場,270.7,盛土式（乗降場）,0,270.7,0,6,4.3,490,665,7.1,530,対象
711,鹿児島本線,00,無し,南福岡,86380.0,84320.0,第４乗降場,185,けた式（乗降場）,448,0,185,4,2,0,0,184.5,202.9,対象
711,鹿児島本線,00,無し,春日,87540.0,85480.0,第１乗降場,185,けた式（乗降場）,372.7,0,185,4.5,2,0,0,141.8,165.5,対象
711,鹿児島本線,00,無し,春日,87540.0,85480.0,第２乗降場,165,けた式（乗降場）,373.3,0,165,3,2,0,0,141.8,165.5,対象
711,鹿児島本線,00,無し,大野城,88910.0,86850.0,第１乗降場,185,けた式（乗降場）,0,0,185,5,2,0,0,194.9,199.4,対象
711,鹿児島本線,00,無し,大野城,88910.0,86850.0,第２乗降場,180.2,けた式（乗降場）,0,0,180.2,5,2,0,0,169.5,178.6,対象
711,鹿児島本線,00,無し,水城,90290.0,88230.0,第１乗降場,214.8,盛土式（乗降場）,0,214.8,0,5.5,2,214,214.6,25.8,180.9,対象
711,鹿児島本線,00,無し,水城,90290.0,88230.0,第２乗降場,214.8,盛土式（乗降場）,0,214.8,0,6.1,1.8,0,0,0,0,対象
711,鹿児島本線,00,無し,都府楼南,92530.0,90470.0,第１乗降場,185.1,けた式（乗降場）,382,0,185.1,4,2,0,0,155.3,204.1,対象
711,鹿児島本線,00,無し,都府楼南,92530.0,90470.0,第２乗降場,165.1,けた式（乗降場）,376,0,165.1,4,2,0,0,145.5,169,対象
711,鹿児島本線,00,無し,二日市,93940.0,91880.0,第２乗降場,276,盛土式（乗降場）,0,276,0,5.6,1.7,0,246.3,31.9,535.9,対象
711,鹿児島本線,00,無し,二日市,93940.0,91880.0,第３乗降場,276,盛土式（乗降場）,0,265,11,6,2.1,480,480,50.5,481,対象
711,鹿児島本線,00,無し,天拝山,95820.0,93760.0,第１乗降場,165,けた式（乗降場）,425.3,0,165,5.5,2,0,0,107.5,166.9,対象
711,鹿児島本線,00,無し,天拝山,95820.0,93760.0,第２乗降場,165,けた式（乗降場）,377.1,0,165,3,2,0,0,86.7,165.1,対象
711,鹿児島本線,00,無し,原田,99400.0,97340.0,第１乗降場,260,盛土式（乗降場）,0,260,0,7.9,1.6,472.3,472.3,0,245,対象
711,鹿児島本線,00,無し,原田,99400.0,97340.0,第２乗降場,260,盛土式（乗降場）,0,260,0,6.1,2.6,520.2,520.2,0,348.5,対象
711,鹿児島本線,00,無し,原田,99400.0,97340.0,第３乗降場,165.1,けた式（乗降場）,119.1,2,165.1,3.8,1.6,0,0,164.8,173,対象
711,鹿児島本線,00,無し,けやき台,101390.0,99330.0,第１乗降場,165,けた式（乗降場）,429,0,165,4.1,2.1,0,0,146.5,170.7,対象
711,鹿児島本線,00,無し,けやき台,101390.0,99330.0,第２乗降場,165,けた式（乗降場）,429,0,165,4.1,2.1,0,0,147.1,170.9,対象
711,鹿児島本線,00,無し,けやき台,101390.0,99330.0,旅客通路（ＥＶ関係）,,旅客通路,,,,,,,,,,対象
711,鹿児島本線,00,無し,基山,102900.0,100840.0,第１乗降場,229,盛土式（乗降場）,0,229,0,4.9,2.4,228.5,228.5,0,229,対象
711,鹿児島本線,00,無し,基山,102900.0,100840.0,第２乗降場,265,盛土式（乗降場）,0,265,0,5.8,1.6,526.8,526.8,0,527,対象
711,鹿児島本線,00,無し,弥生が丘,104960.0,104500.0,弥生が丘駅第２乗降場,165,けた盛式（乗降場）,0,144.6,20.4,6.1,2.1,330,302,4.2,350.1,対象
711,鹿児島本線,00,無し,弥生が丘,104960.0,104500.0,弥生が丘第１乗降場,165,けた盛式（乗降場）,0,144.6,20.4,6.1,2.2,330,302,4.2,350.1,対象
711,鹿児島本線,00,無し,田代,107110.0,105050.0,第１乗降場,219.8,盛土式（乗降場）,0,219.8,0,5.5,1.7,219.8,219.8,0,219.8,対象
711,鹿児島本線,00,無し,田代,107110.0,105050.0,第２乗降場,213.6,盛土式（乗降場）,0,213.6,0,6.4,4.5,213.6,213.6,0,214,対象
711,鹿児島本線,00,無し,鳥栖,108330.0,106270.0,第１乗降場,287.5,盛土式（乗降場）,0,287.5,0,9.1,3,540.5,540.5,0,541,対象
711,鹿児島本線,00,無し,鳥栖,108330.0,106270.0,第２乗降場,300.1,盛土式（乗降場）,0,300.1,0,7.4,6.6,599.2,599.2,0,600,対象
711,鹿児島本線,00,無し,鳥栖,108330.0,106270.0,第３乗降場,310,盛土式（乗降場）,0,310,0,9.3,1.7,619.3,619.3,0,620,対象
711,鹿児島本線,00,無し,肥前旭,111970.0,109910.0,第１乗降場,165.6,盛土式（乗降場）,0,165.6,0,6.4,2.1,165.6,165.6,0,166,対象
711,鹿児島本線,00,無し,肥前旭,111970.0,109910.0,第２乗降場,165.1,盛土式（乗降場）,0,165.1,0,5.2,1.8,165.1,165.1,0,166,対象
711,鹿児島本線,00,無し,久留米,115370.0,113310.0,第１乗降場,241.5,盛土式（乗降場）,0,241.5,0,9,2.1,241.5,241.5,0,242,対象
711,鹿児島本線,00,無し,久留米,115370.0,113310.0,第２乗降場,255.6,盛土式（乗降場）,0,255.6,0,8.9,6.3,511.2,511.2,0,512,対象
711,鹿児島本線,00,無し,荒木,120270.0,118210.0,第１乗降場,185,盛土式（乗降場）,0,165,20,7.5,2.8,330,330,6.9,386.8,対象
711,鹿児島本線,00,無し,荒木,120270.0,118210.0,第２乗降場,213.8,盛土式（乗降場）,0,213.8,0,7.4,7.4,427.6,427.6,0,0,対象
711,鹿児島本線,00,無し,西牟田,123540.0,121480.0,第１乗降場,260.3,盛土式（乗降場）,0,260.3,0,5.7,2.5,260.3,260.3,0,0,対象
711,鹿児島本線,00,無し,西牟田,123540.0,121480.0,第２乗降場,260.3,盛土式（乗降場）,0,260.3,0,4.6,2.4,260.3,260.3,0,0,対象
711,鹿児島本線,00,無し,羽犬塚,127600.0,125540.0,第１乗降場,265.2,盛土式（乗降場）,0,265.2,0,8.1,2.5,454.6,454.6,0,194,対象
711,鹿児島本線,00,無し,羽犬塚,127600.0,125540.0,第２乗降場,261.2,盛土式（乗降場）,0,261.2,0,6.4,5.8,520.9,520.9,0,271,対象
711,鹿児島本線,00,無し,瀬高,133740.0,131680.0,第１乗降場,390.7,盛土式（乗降場）,0,390.7,0,6.8,3.8,430.7,430.7,0,0,対象
711,鹿児島本線,00,無し,瀬高,133740.0,131680.0,第２乗降場,264.6,盛土式（乗降場）,0,264.6,0,6.3,6.3,529.1,529.1,0,0,対象
711,鹿児島本線,00,無し,南瀬高,136650.0,134590.0,第１乗降場,260.2,盛土式（乗降場）,0,260.2,0,5.6,1.8,260.2,260.2,0,0,対象
711,鹿児島本線,00,無し,南瀬高,136650.0,134590.0,第２乗降場,260.2,盛土式（乗降場）,0,260.2,0,2.7,1.9,260.2,260.2,0,0,対象
711,鹿児島本線,00,無し,渡瀬,140580.0,138520.0,第１乗降場,198.6,盛土式（乗降場）,0,198.6,0,6.6,1.5,198.6,198.6,0,0,対象
711,鹿児島本線,00,無し,渡瀬,140580.0,138520.0,第２乗降場,198.2,盛土式（乗降場）,0,198.2,0,6.1,1.5,396.4,396.4,0,0,対象
711,鹿児島本線,00,無し,吉野,143400.0,141340.0,第１乗降場,165,けた式（乗降場）,269,0,165,3,1.5,0,0,123.2,166.8,対象
711,鹿児島本線,00,無し,吉野,143400.0,141340.0,第２乗降場,165,けた式（乗降場）,272.7,0,165,3.3,1.7,0,0,125.1,170.7,対象
711,鹿児島本線,00,無し,銀水,145790.0,143730.0,第１乗降場,259.9,盛土式（乗降場）,0,259.9,0,6.6,2.4,259.9,259.9,0,0,対象
711,鹿児島本線,00,無し,銀水,145790.0,143730.0,第２乗降場,260,盛土式（乗降場）,0,260,0,6,3.5,520,520,0,0,対象
711,鹿児島本線,00,無し,大牟田,148970.0,146910.0,第１乗降場,285.1,盛土式（乗降場）,0,285.1,0,12,2.9,366.9,366.9,0,200.1,対象
711,鹿児島本線,00,無し,大牟田,148970.0,146910.0,第２乗降場,271.3,盛土式（乗降場）,0,271.3,0,8.2,3.6,542.5,542.5,0,236.5,対象
711,鹿児島本線,00,無し,荒尾,153110.0,151120.0,第１乗降場,260.7,盛土式（乗降場）,0,260.7,0,6.2,6.2,521.6,521.6,0,0,対象
711,鹿児島本線,00,無し,荒尾,153110.0,151120.0,第２乗降場,260.6,盛土式（乗降場）,0,260.6,0,6,5.9,521,521,0,0,対象
711,鹿児島本線,00,無し,南荒尾,156280.0,154290.0,第１乗降場,257.2,盛土式（乗降場）,0,257.2,0,4.9,2.4,261.5,261.5,0,0,対象
711,鹿児島本線,00,無し,南荒尾,156280.0,154290.0,第２乗降場,260.3,盛土式（乗降場）,0,260.3,0,4.7,2.1,260.3,260.3,0,0,対象
711,鹿児島本線,00,無し,長洲,160880.0,158870.0,第１乗降場,220.3,盛土式（乗降場）,0,220.3,0,5.3,2,220.3,220.3,0,0,対象
711,鹿児島本線,00,無し,長洲,160880.0,158870.0,第２乗降場,218.4,盛土式（乗降場）,0,218.4,15,5,1.5,439.6,439.6,18,0,対象
711,鹿児島本線,00,無し,大野下,165620.0,163600.0,第１乗降場,90,盛土式（乗降場）,0,90,0,5.8,1.9,219,219,0,0,対象
711,鹿児島本線,00,無し,大野下,165620.0,163600.0,第２乗降場,103,盛土式（乗降場）,0,103,0,4.6,1.9,220.1,220.1,0,0,対象
711,鹿児島本線,00,無し,玉名,170080.0,168060.0,第１乗降場,239.4,盛土式（乗降場）,0,239.4,0,8,1.6,373.7,373.7,72,147.6,対象
711,鹿児島本線,00,無し,玉名,170080.0,168060.0,第２乗降場,253.8,盛土式（乗降場）,0,253.8,0,6.2,4.1,510.7,510.7,4.4,372.1,対象
711,鹿児島本線,00,無し,肥後伊倉,174150.0,174150.0,第１乗降場,90,盛土式（乗降場）,0,259.7,0,5.7,2.3,259.7,259.7,0,0,対象
711,鹿児島本線,00,無し,肥後伊倉,174150.0,174150.0,第２乗降場,95,盛土式（乗降場）,0,244.7,0,4.9,2.3,241.7,241.7,0,0,対象
711,鹿児島本線,00,無し,木葉,178200.0,178200.0,第１乗降場,220.3,盛土式（乗降場）,0,220.3,0,6.7,2.3,220.1,220.1,0,0,対象
711,鹿児島本線,00,無し,木葉,178200.0,178200.0,第２乗降場,220.3,盛土式（乗降場）,0,220.3,0,6.3,6.1,440.6,440.6,0,0,対象
711,鹿児島本線,00,無し,田原坂,181660.0,181660.0,第1乗降場,180,けた盛式（乗降場）,0,150,30,3.8,1.7,150.7,150.7,42,0,対象
711,鹿児島本線,00,無し,田原坂,181660.0,181660.0,第１乗降場,180,盛土式（乗降場）,0,180,0,5,1.6,180,180,153.7,0,対象
711,鹿児島本線,00,無し,植木,186110.0,186110.0,第１乗降場,222,盛土式（乗降場）,0,221.8,0,7.1,1.8,432.9,432.9,0,50.8,対象
711,鹿児島本線,00,無し,植木,186110.0,186110.0,第２乗降場,220.9,盛土式（乗降場）,0,220.9,0,7.7,4.9,506.6,506.6,0,177.2,対象
711,鹿児島本線,00,無し,西里,190320.0,190320.0,第１乗降場,183.3,盛土式（乗降場）,0,183.3,0,5.9,2.1,183.8,183.8,0,0,対象
711,鹿児島本線,00,無し,西里,190320.0,190320.0,第２乗降場,180.7,けた盛式（乗降場）,0,35.3,145.4,3.4,2,35.3,35.3,0,0,対象
711,鹿児島本線,00,無し,崇城大学前,193220.0,193220.0,第１乗降場,116.7,けた式（乗降場）,231,0,116.7,3.8,1.9,0,0,0,131.8,対象
711,鹿児島本線,00,無し,崇城大学前,193220.0,193220.0,第２乗降場,100,けた式（乗降場）,273,0,100,3.9,1.9,0,0,0,131.8,対象
711,鹿児島本線,00,無し,上熊本,194760.0,194760.0,第２乗降場,260.8,盛土式（乗降場）,0,260.8,0,8.1,5.2,556,556,20.2,243.4,対象外
711,鹿児島本線,00,無し,熊本,198110.0,198110.0,第２乗降場,327.45,盛土式（乗降場）,0,279.3,48.15,10,9.8,510.8,510.8,0,87,対象外
711,鹿児島本線,00,無し,熊本,198110.0,198110.0,第４乗降場,224,けた式（乗降場）,0,0,224,6.8,6.8,,,5.3,443,対象外
711,鹿児島本線,00,無し,熊本,198110.0,198110.0,第５乗降場,90.2,けた式（乗降場）,0,0,90.2,4.8,4.5,,,85,95.7,対象外
711,鹿児島本線,00,無し,川尻,203350.0,203350.0,第１乗降場,221.5,盛土式（乗降場）,0,221.5,0,7.7,2,221,221,0,0,対象外
711,鹿児島本線,00,無し,川尻,203350.0,203350.0,第２乗降場,240,盛土式（乗降場）,0,240,0,6.5,6.2,480.7,480.7,0,0,対象
711,鹿児島本線,00,無し,宇土,209010.0,209010.0,第２乗降場,90.9,盛土式（乗降場）,0,90.9,0,6.5,5.9,90.9,90.9,0,90.9,対象
711,鹿児島本線,00,無し,松橋,213790.0,213790.0,第1乗降場,190,盛土式（乗降場）,0,190,0,7.3,4.5,380.5,380.5,6.3,0,対象
711,鹿児島本線,00,無し,松橋,213790.0,213790.0,第１乗降場,198.7,盛土式（乗降場）,0,198.7,0,4.3,2,198.7,198.7,0,0,対象外
711,鹿児島本線,00,無し,小川,220020.0,220020.0,第１乗降場,210.8,盛土式（乗降場）,0,210.8,0,5.7,1.5,210.8,210.8,0,86.6,対象
711,鹿児島本線,00,無し,小川,220020.0,220020.0,第２乗降場,240.8,盛土式（乗降場）,0,240.8,0,5,1.7,240.8,240.8,0,60.4,対象
711,鹿児島本線,00,無し,有佐,225000.0,225000.0,第１乗降場,211,盛土式（乗降場）,0,211,0,7,2.4,211,211,0,0,対象
711,鹿児島本線,00,無し,有佐,225000.0,225000.0,第２乗降場,241.7,盛土式（乗降場）,0,241.7,0,6.4,5.6,483.7,483.7,0,0,対象
711,鹿児島本線,00,無し,千丁,229050.0,229050.0,第１乗降場,223.2,盛土式（乗降場）,0,223.2,0,5.1,1.9,223.2,223.2,0,0,対象
711,鹿児島本線,00,無し,千丁,229050.0,229050.0,第２乗降場,190.1,盛土式（乗降場）,0,190.1,0,3.8,1.7,240.1,240.1,0,0,対象
711,鹿児島本線,00,無し,八代,233780.0,233780.0,第１乗降場,286.4,盛土式（乗降場）,0,286.4,0,10.5,2.6,384.9,384.9,0,0,対象
711,鹿児島本線,00,無し,八代,233780.0,233780.0,第２乗降場,268.5,盛土式（乗降場）,0,268.5,0,8.2,5.5,502.4,502.4,0,20,対象
711,鹿児島本線,00,無し,川内,350670.0,347560.0,第一乗降場,107,盛土式（乗降場）,0,107,0,5,2.5,107.6,107.6,109.9,163.1,対象外
711,鹿児島本線,00,無し,川内,350670.0,347560.0,第二乗降場,263.5,盛土式（乗降場）,0,263.5,0,8.4,7.7,520.4,520.4,0,0,対象
711,鹿児島本線,00,無し,隈之城,353280.0,350180.0,第一乗降場,156.9,盛土式（乗降場）,0,156.9,0,6.2,2,156.9,156.9,0,0,対象
711,鹿児島本線,00,無し,隈之城,353280.0,350180.0,第二乗降場,152.4,盛土式（乗降場）,0,152.4,0,8.4,3,152.4,152.4,0,0,対象
711,鹿児島本線,00,無し,木場茶屋,356430.0,353330.0,第一乗降場,152.3,盛土式（乗降場）,0,152.3,0,4.5,2.78,304.6,304.6,0,0,対象
711,鹿児島本線,00,無し,串木野,362680.0,359510.0,第一乗降場,263.6,盛土式（乗降場）,0,263.6,0,8.15,7.98,0,784,0,0,対象
711,鹿児島本線,00,無し,市来,367310.0,364140.0,第一乗降場,147,盛土式（乗降場）,0,147,0,5.7,2,147,147,0,0,対象
711,鹿児島本線,00,無し,市来,367310.0,364140.0,第二乗降場,152.6,盛土式（乗降場）,0,152.6,0,4.7,4.5,0,434.7,0,0,対象
711,鹿児島本線,00,無し,湯之元,371060.0,367890.0,第一乗降場,212.5,盛土式（乗降場）,0,212.5,0,4.94,2.7,212.5,212.5,0,0,対象
711,鹿児島本線,00,無し,湯之元,371060.0,367890.0,第二乗降場,212.5,盛土式（乗降場）,0,212.5,0,3.8,2.8,212.5,212.5,0,0,対象
711,鹿児島本線,00,無し,東市来,373640.0,370470.0,第一乗降場,152.5,盛土式（乗降場）,0,152.5,0,4.45,4.25,305,305,0,0,対象
711,鹿児島本線,00,無し,伊集院,379530.0,376080.0,第一乗降場,285.2,盛土式（乗降場）,0,285.2,0,8.7,3,0,698.1,0,0,対象
711,鹿児島本線,00,無し,薩摩松元,384750.0,381300.0,第一乗降場,200.2,盛土式（乗降場）,0,200.2,0,5.5,4.7,400.2,400.2,0,0,対象
711,鹿児島本線,00,無し,上伊集院,387180.0,383700.0,第一乗降場,181.5,盛土式（乗降場）,0,181.5,0,6,2.1,181.5,181.5,0,0,対象
711,鹿児島本線,00,無し,上伊集院,387180.0,383700.0,第二乗降場,309.6,盛土式（乗降場）,0,309.6,0,4.6,1.7,309.6,309.6,0,0,対象
711,鹿児島本線,00,無し,鹿児島中央,396760.0,392920.0,第０乗降場,0,盛土式（乗降場）,0,0,0,3,3,0,165,0,0,対象
711,鹿児島本線,00,無し,鹿児島中央,396760.0,392920.0,第一乗降場,239.7,盛土式（乗降場）,0,239.7,0,8.4,8.4,0,450.4,0,0,対象
711,鹿児島本線,00,無し,鹿児島中央,396760.0,392920.0,第三乗降場,262.5,盛土式（乗降場）,0,262.5,0,8.4,5.3,0,490.4,0,0,対象
711,鹿児島本線,00,無し,鹿児島中央,396760.0,392920.0,第二乗降場,259,盛土式（乗降場）,0,261.1,0,8.4,1.88,0,492.6,0,0,対象
711,鹿児島本線,00,無し,鹿児島,400000.0,396160.0,第一乗降場,272.2,盛土式（乗降場）,0,272.2,0,10.7,1.6,0,415.7,0,0,対象
711,鹿児島本線,00,無し,鹿児島,400000.0,396160.0,第二乗降場,231.8,盛土式（乗降場）,0,231.8,0,7.3,7.3,0,430.4,0,0,対象
711,鹿児島本線,10,単線,吉塚,77250.0,75750.0,吉塚第３乗降場,155,けた式（乗降場）,,,155,8,4.4,310.7,,9.6,393.8,対象
711,鹿児島本線,10,単線,神村学園前,364840.0,361670.0,第一乗降場,85,けた式（乗降場）,,0,75,4.3,2.5,85,,55.8,87.7,対象
711,鹿児島本線,21,下り線,門司港,0.0,0.0,第１乗降場,272,盛土式（乗降場）,0,272,0,9,7,544,544,0,128.1,対象
711,鹿児島本線,21,下り線,折尾,31070.0,29560.0,折尾第3乗降場,265.34,けた式（乗降場）,,,265.34,,,265.3,,5.8,295.8,対象
711,鹿児島本線,21,下り線,ししぶ,63000.0,61490.0,第1乗降場,185.4,盛土式（乗降場）,,185.4,,5,2,185.4,185.4,161.3,181.1,対象
711,鹿児島本線,21,下り線,新宮中央,64370.0,62860.0,第1乗降場,185,盛土式（乗降場）,,185,,6,3,185,185,102.1,189.1,対象
711,鹿児島本線,21,下り線,九産大前,69070.0,67560.0,第１乗降場,245,けた式（乗降場）,549,0,245,4.1,1.6,0,0,222.1,245.8,対象
711,鹿児島本線,21,下り線,千早,71960.0,70450.0,千早第２乗降場,245,けた式（乗降場）,,,245,8.4,5,490.4,,10.3,537.6,対象
711,鹿児島本線,21,下り線,箱崎,76000.0,74500.0,箱崎第２乗降場,245,けた式（乗降場）,,,245,6,5.9,245,,11.7,313.3,対象
711,鹿児島本線,21,下り線,吉塚,77250.0,75750.0,吉塚第２乗降場,245,けた式（乗降場）,,,245,8,4,490,,9.6,510.8,対象
711,鹿児島本線,21,下り線,筑後船小屋,131230.0,129170.0,筑後船小屋第１乗降場,185,けた式（乗降場）,,,185,5,2.5,185.4,,176.6,222,対象
711,鹿児島本線,21,下り線,熊本,198110.0,198110.0,第１乗降場,239.9,盛土式（乗降場）,0,239.9,0,13.6,1.6,239.9,239.9,0,231.6,対象外
711,鹿児島本線,21,下り線,西熊本,201250.0,201250.0,第二乗降場,85,けた式（乗降場）,,,85,3.4,3.1,85,,,80.9,対象
711,鹿児島本線,21,下り線,富合,206780.0,206780.0,第１乗降場,85,けた式（乗降場）,,,85,2.3,2,85,,76.5,85.3,対象
711,鹿児島本線,21,下り線,新八代,230930.0,230930.0,新八代第１乗降場,126,盛土式（乗降場）,,126,,4.5,2,126,258.9,116.6,143.3,対象
711,鹿児島本線,21,下り線,広木,392130.0,392309.0,広木駅 第二乗降場,85,けた式（乗降場）,,,85,2.1,1.5,85,,82,88.7,対象
711,鹿児島本線,22,上り線,門司港,0.0,0.0,第２乗降場,337.4,盛土式（乗降場）,0,337.4,0,10.85,8.7,674.8,674.8,0,139.2,対象
711,鹿児島本線,22,上り線,折尾,31070.0,29560.0,折尾第4乗降場,201.02,けた式（乗降場）,,,201.02,,,201,,12.5,467,対象
711,鹿児島本線,22,上り線,ししぶ,63000.0,61490.0,第2乗降場,185.4,盛土式（乗降場）,,185.4,,5,2.5,185.4,185.4,157.8,181.1,対象
711,鹿児島本線,22,上り線,新宮中央,64370.0,62860.0,第2乗降場,185,盛土式（乗降場）,,185,,6,3,185,185,101.4,189.1,対象
711,鹿児島本線,22,上り線,九産大前,69070.0,67560.0,第２乗降場,185,けた式（乗降場）,379,0,185,4.1,2.1,0,0,163.4,188.1,対象
711,鹿児島本線,22,上り線,千早,71960.0,70450.0,千早第１乗降場,185,けた式（乗降場）,,,185,8,5,369.7,,9.9,415.9,対象
711,鹿児島本線,22,上り線,箱崎,76000.0,74500.0,箱崎第１乗降場,245,けた式（乗降場）,,,245,8,6.4,490,,11.7,617.7,対象
711,鹿児島本線,22,上り線,吉塚,77250.0,75750.0,吉塚第１乗降場,192,けた式（乗降場）,,,192,6.8,6.1,192.9,,20.5,248,対象
711,鹿児島本線,22,上り線,筑後船小屋,131230.0,129170.0,筑後船小屋第２乗降場,185,けた式（乗降場）,,,185,5,2.5,185.4,,176.9,206.7,対象
711,鹿児島本線,22,上り線,西熊本,201250.0,201250.0,第一乗降場,85,けた式（乗降場）,,,85,3.3,3.1,85,,0,80.9,対象
711,鹿児島本線,22,上り線,富合,206780.0,206780.0,第２乗降場,85,けた式（乗降場）,,,85,2.3,2,85,,70.2,82.5,対象
711,鹿児島本線,22,上り線,新八代,230930.0,230930.0,新八代第２乗降場,126,盛土式（乗降場）,,126,,4.4,2,126,258.6,116.3,143.2,対象
711,鹿児島本線,22,上り線,広木,392130.0,392309.0,広木駅 第一乗降場,85,けた式（乗降場）,,,85,3.9,1.6,85,,84.8,93.2,対象
711,鹿児島本線,23,上下線,上熊本,194760.0,194770.0,上熊本第１乗降場,154,けた式（乗降場）,,,307.37,7.02,6.03,307.4,,10.6,359.3,対象外
711,鹿児島本線,23,上下線,上熊本,194760.0,194770.0,第１乗降場,154,けた式（乗降場）,1,1,154,6.9,6,307.4,,10.6,359.3,対象
711,鹿児島本線,23,上下線,熊本,198080.0,198080.0,熊本第１乗降場（新）,212,けた式（乗降場）,,,,8,3.4,,,,,対象
711,鹿児島本線,23,上下線,熊本,198080.0,198080.0,熊本第２乗降場,213.6,けた式（乗降場）,,,427.2,8,3.4,427.2,,6.8,437.9,対象
717,鹿児島アプローチ,10,単線,新八代,231140.0,231140.0,新八代　幹線連絡乗降場,177,けた式（乗降場）,,,177,8.72,3.53,,,,,対象外
723,香椎線,00,無し,西戸崎,0.0,0.0,第１乗降場,189.6,盛土式（乗降場）,0,189.6,0,8,2,189.6,189.6,0,12.9,対象
723,香椎線,00,無し,西戸崎,0.0,0.0,第２乗降場,130,けた式（乗降場）,183.5,0,130,3,2,0,0,128.3,137,対象
723,香椎線,00,無し,海ノ中道,1590.0,1590.0,第１乗降場,133,けた盛式（乗降場）,86.5,90,43,9.3,2,90,90.3,44.5,126,対象
723,香椎線,00,無し,雁ノ巣,6090.0,6090.0,第１乗降場,133,けた盛式（乗降場）,0,77,56,3,2,77,77,107.6,134.1,対象
723,香椎線,00,無し,雁ノ巣,6090.0,6090.0,第２乗降場,133,けた式（乗降場）,0,0,133,3,2,0,0,114.6,134.1,対象
723,香椎線,00,無し,奈多,6980.0,6980.0,第１乗降場,133,けた盛式（乗降場）,137.3,40,93,4.2,1.8,70.2,70,99.9,13,対象
723,香椎線,00,無し,和白,8760.0,8760.0,第１乗降場,130,盛土式（乗降場）,0,130,0,4.8,2.1,130,50,56.9,137.5,対象
723,香椎線,00,無し,和白,8760.0,8760.0,第２乗降場,130,盛土式（乗降場）,0,130,0,3.7,1.6,130,130,114.3,1304,対象
723,香椎線,00,無し,香椎神宮,13820.0,13820.0,第１乗降場,138,けた式（乗降場）,0,0,138,3,2,138,0,0,115.2,対象
723,香椎線,00,無し,舞松原,14430.0,14430.0,第１乗降場,133,けた式（乗降場）,423,0,133,5.9,2,0,0,110.2,97.7,対象
723,香椎線,00,無し,土井,15930.0,15930.0,第１乗降場,133.5,盛土式（乗降場）,0,133.5,0,5.2,2.1,110.2,110.2,133,98.9,対象
723,香椎線,00,無し,土井,15930.0,15930.0,第２乗降場,133,盛土式（乗降場）,0,133,0,2.9,2,133,133,0,99.2,対象
723,香椎線,00,無し,伊賀,17750.0,17750.0,第１乗降場,133,けた式（乗降場）,334.7,0,133,4.6,2,0,0,0,94,対象
723,香椎線,00,無し,長者原,18730.0,18730.0,第１乗降場,133,けた式（乗降場）,0,0,133,4,2,0,0,52.4,137.9,対象
723,香椎線,00,無し,酒殿,20150.0,20150.0,第１乗降場,134.3,けた盛式（乗降場）,0,60.8,73.5,3,1.8,73.5,121.6,127.9,94.1,対象
723,香椎線,00,無し,酒殿,20150.0,20150.0,第２乗降場,134.3,けた盛式（乗降場）,0,78.8,55.5,3,2,134.3,78.8,64,96.4,対象
723,香椎線,00,無し,須恵,21440.0,21440.0,第１乗降場,133,けた盛式（乗降場）,760,94.6,38.4,3.8,2,167.7,94.6,43.9,90.6,対象
723,香椎線,00,無し,須恵中央,22650.0,22650.0,第１乗降場,133,けた盛式（乗降場）,2153,35,98,4.1,2,133,39,109.1,90.2,対象
723,香椎線,00,無し,新原,23700.0,23700.0,第１乗降場,133,けた盛式（乗降場）,0,46,87,4.3,2,133,133,86.8,97.2,対象
723,香椎線,00,無し,新原,23700.0,23700.0,第２乗降場,133,けた式（乗降場）,0,0,133,3,2,133,0,132.2,91.7,対象
723,香椎線,00,無し,宇美,24950.0,24950.0,第１乗降場,133,けた盛式（乗降場）,0,89.7,43.3,4.3,2,89.5,89.7,76.3,92.6,対象
725,篠栗線,00,無し,原町,5010.0,5010.0,第１乗降場,146,盛土式（乗降場）,0,146,0,6.5,1.5,146,146,0,146,対象
725,篠栗線,00,無し,原町,5010.0,5010.0,第２乗降場,155.3,盛土式（乗降場）,0,140.2,15.1,6.1,1.9,140.2,140.2,0,140.2,対象
725,篠栗線,00,無し,長者原,5740.0,5740.0,第１乗降場,146.3,けた式（乗降場）,0,0,146.3,7,3.1,0,0,46.7,291.7,対象
725,篠栗線,00,無し,門松,7670.0,7670.0,第１乗降場,155.5,けた式（乗降場）,384,0,155.5,4.1,1.7,154.6,0,154.1,160.9,対象
725,篠栗線,00,無し,門松,7670.0,7670.0,第２乗降場,155.8,けた式（乗降場）,367.5,0,155.8,4,2,155.8,0,69.6,1676,対象
725,篠栗線,00,無し,篠栗,10310.0,10310.0,第１乗降場,156,けた盛式（乗降場）,0,143.4,12.6,7.2,2,142,130,0,159.6,対象
725,篠栗線,00,無し,篠栗,10310.0,10310.0,第２乗降場,140.4,盛土式（乗降場）,0,140.4,0,7.4,2.5,280,280,0,0,対象
725,篠栗線,00,無し,筑前山手,13420.0,13420.0,第１乗降場,156,けた式（乗降場）,0,0,156,2.4,1.9,0,150.5,145.3,153,対象
725,篠栗線,00,無し,城戸南蔵院前,14880.0,14880.0,第１乗降場,141.1,けた盛式（乗降場）,0,136.1,8.9,3.9,2,41.7,136.1,119.1,57.5,対象
725,篠栗線,00,無し,城戸南蔵院前,14880.0,14880.0,第２乗降場,155.6,けた盛式（乗降場）,0,140.5,15.6,4,2,40,136.1,18.3,55.5,対象
725,篠栗線,00,無し,九郎原,19940.0,19940.0,第１乗降場,146,けた式（乗降場）,0,0,146,4.7,2,0,0,142.2,194.2,対象
725,篠栗線,00,無し,九郎原,19940.0,19940.0,第２乗降場,146.2,けた式（乗降場）,0,0,146.2,4.7,2,0,0,147.6,212.5,対象
725,篠栗線,00,無し,筑前大分,21940.0,21940.0,第１乗降場,155.1,盛土式（乗降場）,0,152,3.1,5.2,1.9,46.5,152.2,115.3,74.7,対象
725,篠栗線,00,無し,筑前大分,21940.0,21940.0,第２乗降場,146,盛土式（乗降場）,0,141,5,5.5,2,52.5,140.7,143,61.3,対象
725,篠栗線,21,下り線,柚須,2470.0,2470.0,第2乗降場,145,盛土式（乗降場）,0,0,159,3.8,2.15,159,0,0,150,対象
725,篠栗線,22,上り線,柚須,2470.0,2470.0,第1乗降場,145.06,けた式（乗降場）,0,0,159,2.65,2.5,159,0,0,150,対象
731,筑肥線,00,無し,姪浜,12410.0,12410.0,姪浜_第１乗降場,140,けた式（乗降場）,0,0,140,7.2,5.4,0,0,0,152.1,対象
731,筑肥線,00,無し,姪浜,12410.0,12410.0,姪浜_第２乗降場,140,けた式（乗降場）,0,0,140,7.2,5.3,0,0,0,152.1,対象
731,筑肥線,00,無し,下山門,14100.0,14100.0,下山門_第１乗降場,130,けた式（乗降場）,0,0,130,4.4,1.5,0,0,124.6,129.2,対象
731,筑肥線,00,無し,下山門,14100.0,14100.0,下山門_第２乗降場,130,けた式（乗降場）,0,0,130,5.6,1.5,0,0,144.7,127.7,対象
731,筑肥線,00,無し,今宿,17670.0,17670.0,今宿_第１乗降場,125.8,盛土式（乗降場）,0,125.8,0,8.1,7.8,251.6,276.3,10,268.8,対象
731,筑肥線,00,無し,周船寺,20570.0,20570.0,周船寺_第１乗降場,125.8,盛土式（乗降場）,0,125.8,0,8,7.3,251.6,262.1,9.4,283.5,対象
731,筑肥線,00,無し,波多江,22560.0,22560.0,波多江_第１乗降場,125.8,盛土式（乗降場）,0,125.8,0,6.17,5.3,251.6,257.8,9.3,255.7,対象
731,筑肥線,00,無し,筑前前原,25200.0,25200.0,筑前前原_第１乗降場,130,盛土式（乗降場）,0,130,0,7.5,4.4,260,269.6,7.5,262.8,対象
731,筑肥線,00,無し,筑前前原,25200.0,25200.0,筑前前原_第２乗降場,130,盛土式（乗降場）,0,130,0,7.5,4.45,260,286.9,9.2,262.6,対象
731,筑肥線,00,無し,美咲が丘,26780.0,26780.0,美咲が丘_第１乗降場,125,けた式（乗降場）,0,0,125,4.1,1.55,0,0,73.7,126.6,対象
731,筑肥線,00,無し,加布里,27880.0,27880.0,加布里_第１乗降場,142.3,盛土式（乗降場）,0,142.3,0,4.7,2.15,282.8,282.6,0,176,対象
731,筑肥線,00,無し,一貴山,29160.0,29160.0,一貴山_第１乗降場,140.3,盛土式（乗降場）,0,140.3,0,5.3,2.1,140.3,140.3,0,133,対象
731,筑肥線,00,無し,筑前深江,32610.0,32610.0,筑前深江_第１乗降場,142.3,盛土式（乗降場）,0,142.3,0,4.55,4.24,284.6,285.4,0,266,対象
731,筑肥線,00,無し,大入,36010.0,36010.0,大入_第１乗降場,133.5,けた盛式（乗降場）,260.5,60.2,73.3,3.25,2,60.2,60.2,111.7,146.4,対象
731,筑肥線,00,無し,大入,36010.0,36010.0,大入_第２乗降場,134.5,けた式（乗降場）,141.8,0,134.5,3,1.5,0,0,115.5,135.2,対象
731,筑肥線,00,無し,福吉,38650.0,38650.0,福吉_第１乗降場,142,盛土式（乗降場）,0,134,0,5.68,5.4,284,282.5,0,266,対象
731,筑肥線,00,無し,鹿家,42700.0,42700.0,鹿家_第１乗降場,140,盛土式（乗降場）,0,140,0,5.4,4.9,280,280,0,266,対象
731,筑肥線,00,無し,浜崎,47880.0,47880.0,浜崎_第１乗降場,140,盛土式（乗降場）,0,142,0,4.8,2.1,142,142,0,133,対象
731,筑肥線,00,無し,浜崎,47880.0,47880.0,浜崎_第２乗降場,142.1,盛土式（乗降場）,0,142.1,0,4.3,2.1,142,142,0,133,対象
731,筑肥線,00,無し,虹ノ松原,49970.0,49970.0,虹ノ松原_第１乗降場,140.2,盛土式（乗降場）,0,140.2,0,3.7,2.1,140.2,140,0,133,対象
731,筑肥線,00,無し,東唐津,51800.0,51800.0,東唐津_第１乗降場,147.5,けた式（乗降場）,0,0,147.5,7,4.2,296,0,5.6,266,対象
731,筑肥線,00,無し,和多田,53420.0,53420.0,和多田_第１乗降場,140,けた式（乗降場）,0,0,140,3,3,140,0,139,133,対象
731,筑肥線,00,無し,肥前久保,65500.0,65500.0,肥前久保_第１乗降場,70.2,盛土式（乗降場）,0,70.2,0,2.3,1.5,70.2,70.2,1.5,0,対象
731,筑肥線,00,無し,西相知,66950.0,66950.0,西相知_第１乗降場,59.3,盛土式（乗降場）,0,59.3,0,5,2,70,70,2,50,対象
731,筑肥線,00,無し,佐里,68610.0,68610.0,佐里_第１乗降場,100.2,けた盛式（乗降場）,0,100.2,30,2.6,1.9,70.7,100.7,1,0,対象
731,筑肥線,00,無し,駒鳴,71410.0,71410.0,駒鳴_第１乗降場,70.2,盛土式（乗降場）,0,70.2,0,2.4,2.4,140,140,42,0,対象
731,筑肥線,00,無し,大川野,73280.0,73280.0,大川野_第１乗降場,48.9,盛土式（乗降場）,0,108,0,4.5,4.4,0,216,4,100,対象
731,筑肥線,00,無し,肥前長野,74650.0,74650.0,肥前長野_第１乗降場,69.2,盛土式（乗降場）,0,69.2,0,2.6,2.1,0,0,0,0,対象
731,筑肥線,00,無し,桃川,77760.0,77760.0,桃川_第１乗降場,70,盛土式（乗降場）,0,70,0,4.7,2.4,70.9,70.6,0,0,対象
731,筑肥線,00,無し,金石原,80070.0,80070.0,金石原_第１乗降場,49.3,盛土式（乗降場）,0,68.6,0,2,2,68.7,68.6,1,50,対象
731,筑肥線,00,無し,上伊万里,84450.0,84450.0,上伊万里_第１乗降場,49.4,盛土式（乗降場）,0,70.3,0,4,3.6,70.3,141.6,2,50,対象
731,筑肥線,00,無し,伊万里,86113.0,86113.0,伊万里_第１乗降場,48.3,盛土式（乗降場）,0,142,0,2.5,2.5,142,142,5,50,対象
731,筑肥線,23,上下線,九大学研都市,18960.0,18850.0,九大学研都市第１乗降場,127.7,けた式（乗降場）,,,128,8,5.2,128,,10.2,126.8,対象
737,三角線,00,無し,緑川,3960.0,3960.0,第１乗降場,120,けた式（乗降場）,0,0,120,2.4,2.3,0,0,0,0,対象
737,三角線,00,無し,住吉,7190.0,7190.0,第１乗降場,149.8,盛土式（乗降場）,0,149.8,0,2.1,2,149.8,149.8,0,89.4,対象
737,三角線,00,無し,住吉,7190.0,7190.0,第２乗降場,149.9,盛土式（乗降場）,0,149.9,0,3.4,2,149.9,149.9,0,50.6,対象
737,三角線,00,無し,網田,14510.0,14510.0,第１乗降場,118.3,盛土式（乗降場）,0,118.3,0,5,1.9,249.6,249.6,6,44.7,対象
737,三角線,00,無し,網田,14510.0,14510.0,第２乗降場,100.5,盛土式（乗降場）,0,100.5,0,2.9,1.9,110,110,0,47.4,対象
737,三角線,00,無し,石打ダム,19670.0,19670.0,第１乗降場,91,けた式（乗降場）,530,0,91,3.8,2,0,0,83.6,98.9,対象
737,三角線,00,無し,波多浦,23460.0,23460.0,第１乗降場,120,盛土式（乗降場）,0,120,0,2.5,2,120,120,95,90,対象
737,三角線,00,無し,三角,25510.0,25510.0,第１乗降場,214.1,盛土式（乗降場）,0,214.1,0,7.4,3.9,214.1,214.1,0,40,対象
737,三角線,23,上下線,肥後長浜,11360.0,11360.0,第１乗降場,160.8,盛土式（乗降場）,0,160.8,0,2,1.5,160.8,160.8,0,70,対象
737,三角線,23,上下線,赤瀬,18440.0,18440.0,第１乗降場,133,けた盛式（乗降場）,10,107.9,25.1,4.6,1.9,107.9,107.9,0,0,対象
741,肥薩線,00,無し,段,5160.0,5160.0,第１乗降場,120.3,盛土式（乗降場）,0,120.3,0,5.9,2.4,120.3,120.3,0,0,対象
741,肥薩線,00,無し,坂本,10970.0,10970.0,第１乗降場,131,盛土式（乗降場）,0,131,0,7.3,1.7,131,131,0,0,対象
741,肥薩線,00,無し,坂本,10970.0,10970.0,第２乗降場,168.3,盛土式（乗降場）,0,168.3,0,4.2,2,337.3,337.3,0,0,対象
741,肥薩線,00,無し,葉木,14350.0,14350.0,第１乗降場,155.4,盛土式（乗降場）,0,155.5,0,3.6,2,155.4,155.4,0,0,対象
741,肥薩線,00,無し,鎌瀬,16770.0,16770.0,第１乗降場,63.9,盛土式（乗降場）,0,63.9,0,2.9,2.6,65.1,65.1,8,0,対象
741,肥薩線,00,無し,瀬戸石,19600.0,19600.0,第１乗降場,168.6,盛土式（乗降場）,0,168.6,0,6.3,4,336.6,336.6,0,0,対象
741,肥薩線,00,無し,海路,23480.0,23480.0,第１乗降場,65.1,盛土式（乗降場）,0,65.1,0,2.6,1.6,65.1,65.1,0,0,対象
741,肥薩線,00,無し,吉尾,26680.0,26680.0,第１乗降場,65.4,盛土式（乗降場）,0,65.4,0,2.6,2.4,65.4,65.4,0,0,対象
741,肥薩線,00,無し,白石,29840.0,29840.0,第１乗降場,152.4,盛土式（乗降場）,0,152.4,0,5.8,2.1,152.4,152.4,0,0,対象
741,肥薩線,00,無し,白石,29840.0,29840.0,第２乗降場,152.6,盛土式（乗降場）,0,152.6,0,3.8,1.7,152.6,152.6,0,0,対象
741,肥薩線,00,無し,球泉洞,34890.0,34890.0,第１乗降場,130.1,盛土式（乗降場）,0,130.1,0,3.4,1.5,130.1,130.1,0,0,対象
741,肥薩線,00,無し,一勝地,39810.0,39810.0,第１乗降場,167.8,盛土式（乗降場）,0,167.8,0,6.2,2.1,167.8,167.8,0,0,対象
741,肥薩線,00,無し,一勝地,39810.0,39810.0,第２乗降場,153.3,盛土式（乗降場）,0,153.3,0,6.4,1.9,153.3,153.3,0,0,対象
741,肥薩線,00,無し,那良口,42440.0,42440.0,第１乗降場,152.7,盛土式（乗降場）,0,152.7,0,3.4,2.5,152.7,152.7,0,0,対象
741,肥薩線,00,無し,渡,45270.0,45270.0,第１乗降場,167.7,盛土式（乗降場）,0,167.7,0,6.2,5.3,335.4,335.4,0,0,対象
741,肥薩線,00,無し,西人吉,48410.0,48410.0,第１乗降場,65.2,盛土式（乗降場）,0,65.2,0,2.6,2,65.2,65.2,0,0,対象
741,肥薩線,00,無し,人吉,51770.0,51770.0,第１乗降場,199.6,けた盛式（乗降場）,141.1,152.6,47,6.7,1.6,152.6,152.6,0,0,対象
741,肥薩線,00,無し,人吉,51770.0,51770.0,第２乗降場,199.6,けた盛式（乗降場）,162.8,152.6,47,6.4,1.9,305.2,305.2,0,0,対象
741,肥薩線,00,無し,大畑,62230.0,62230.0,第１乗降場,159.1,盛土式（乗降場）,0,159.1,0,6.4,1.5,281.1,281.1,0,0,対象
741,肥薩線,00,無し,矢岳,71730.0,71730.0,第１乗降場,158.7,盛土式（乗降場）,0,158.7,0,3.5,1.8,158.7,158.7,0,0,対象
741,肥薩線,00,無し,真幸,78560.0,78560.0,第１乗降場,183.8,盛土式（乗降場）,0,183.8,0,6.5,3.1,367.6,367.6,0,0,対象
741,肥薩線,00,無し,吉松,85860.0,85820.0,第三乗降場,170,盛土式（乗降場）,0,170,0,6.15,6.1,0,335,0,0,対象
741,肥薩線,00,無し,吉松,85860.0,85820.0,第二乗降場,150,盛土式（乗降場）,0,150,0,6.5,6.3,0,300,0,0,対象
741,肥薩線,00,無し,栗野,93400.0,93360.0,第二乗降場,152.7,盛土式（乗降場）,0,152.7,0,6.15,6.11,305.4,305.4,0,0,対象
741,肥薩線,00,無し,大隅横川,99880.0,99840.0,第一乗降場,152.6,盛土式（乗降場）,0,152.6,0,4.62,4.56,152.6,152.6,0,0,対象
741,肥薩線,00,無し,大隅横川,99880.0,99840.0,第二乗降場,152.5,盛土式（乗降場）,0,152.5,0,5.9,5.5,0,296.8,0,0,対象
741,肥薩線,00,無し,植村,102760.0,102710.0,第一乗降場,65,盛土式（乗降場）,0,65,0,3,2,65,65,0,0,対象
741,肥薩線,00,無し,霧島温泉,105590.0,105540.0,第一乗降場,199,盛土式（乗降場）,0,199,0,4.75,3.6,396,396,0,0,対象
741,肥薩線,00,無し,嘉例川,111380.0,111330.0,第一乗降場,198.3,盛土式（乗降場）,0,198.3,0,4.6,2.9,198.3,198.3,0,0,対象
741,肥薩線,00,無し,中福良,113460.0,113410.0,第一乗降場,80.6,盛土式（乗降場）,0,80.6,0,2.27,2.27,80.6,80.6,0,0,対象
741,肥薩線,00,無し,表木山,115890.0,115840.0,第一乗降場,118.2,盛土式（乗降場）,0,118.2,0,4.01,1.9,118.2,118.2,0,0,対象
741,肥薩線,00,無し,表木山,115890.0,115840.0,第二乗降場,122.2,盛土式（乗降場）,0,122.2,0,3,2,122.2,122.2,0,0,対象
741,肥薩線,00,無し,日当山,120710.0,120660.0,第一乗降場,80.2,盛土式（乗降場）,0,80.2,0,3.7,2,80.2,80.2,0,0,対象
747,指宿枕崎線,00,無し,郡元,2240.0,2240.0,第一乗降場,112,けた式（乗降場）,0,0,112,2,2,112,112,0,100,対象
747,指宿枕崎線,00,無し,南鹿児島,3480.0,3480.0,第一乗降場,136,盛土式（乗降場）,0,136,0,4.3,1.9,0,247.6,0,0,対象
747,指宿枕崎線,00,無し,宇宿,4940.0,4940.0,第一乗降場,120.4,けた式（乗降場）,0,0,120.4,2.5,2,0,0,0,0,対象
747,指宿枕崎線,00,無し,谷山,7430.0,7430.0,第一乗降場,139.7,盛土式（乗降場）,0,139.7,0,6.1,4.96,0,116,0,0,対象外
747,指宿枕崎線,00,無し,谷山,7430.0,7430.0,第二乗降場,141.3,盛土式（乗降場）,0,141.3,0,6.1,4.96,0,68.5,0,0,対象外
747,指宿枕崎線,00,無し,慈眼寺,9190.0,9190.0,第一乗降場,112,けた式（乗降場）,0,0,112,3.06,2.06,0,0,83.8,111,対象外
747,指宿枕崎線,00,無し,慈眼寺,9190.0,9190.0,第二乗降場,112,けた式（乗降場）,0,0,112,3.05,2.07,0,0,63.2,30.8,対象外
747,指宿枕崎線,00,無し,坂之上,11250.0,11250.0,第一乗降場,140,盛土式（乗降場）,0,140,0,3,1.5,0,140,0,0,対象
747,指宿枕崎線,00,無し,五位野,14130.0,14130.0,第一乗降場,138.5,盛土式（乗降場）,0,138.5,0,5.7,2.1,138.5,138.5,0,0,対象
747,指宿枕崎線,00,無し,五位野,14130.0,14130.0,第二乗降場,140.1,盛土式（乗降場）,0,140.1,0,4.95,1.55,140.1,140.1,0,0,対象
747,指宿枕崎線,00,無し,平川,17220.0,17220.0,第一乗降場,144.5,盛土式（乗降場）,0,144.5,0,7.95,4,144.6,144.6,0,0,対象
747,指宿枕崎線,00,無し,瀬々串,20580.0,20580.0,第一乗降場,149.2,盛土式（乗降場）,0,149.2,0,2.1,1.85,149.2,149.2,0,0,対象
747,指宿枕崎線,00,無し,瀬々串,20580.0,20580.0,第二乗降場,140.3,盛土式（乗降場）,0,140.3,0,4.4,2,0,147.3,0,0,対象
747,指宿枕崎線,00,無し,中名,24010.0,24010.0,第一乗降場,139,盛土式（乗降場）,0,139,0,3.27,1.85,262.9,262.9,0,0,対象
747,指宿枕崎線,00,無し,喜入,26610.0,26610.0,第一乗降場,172.4,盛土式（乗降場）,0,172.4,0,3.04,2.5,172.4,172.4,0,0,対象
747,指宿枕崎線,00,無し,喜入,26610.0,26610.0,第二乗降場,115,盛土式（乗降場）,0,115,0,3.29,1.5,0,235,0,0,対象
747,指宿枕崎線,00,無し,前之浜,30350.0,30350.0,第一乗降場,132,盛土式（乗降場）,0,132,0,2.52,1.85,0,129,0,0,対象
747,指宿枕崎線,00,無し,前之浜,30350.0,30350.0,第二乗降場,140,盛土式（乗降場）,0,140,0,3.65,2.05,140,140,0,0,対象
747,指宿枕崎線,00,無し,生見,34970.0,34970.0,第一乗降場,122,盛土式（乗降場）,0,122,0,3.1,1.84,244.1,244.1,0,0,対象
747,指宿枕崎線,00,無し,薩摩今和泉,37880.0,37880.0,第一乗降場,110,盛土式（乗降場）,0,110,0,3.37,1.81,0,250.2,0,0,対象
747,指宿枕崎線,00,無し,宮ヶ浜,40650.0,40650.0,第一乗降場,134.9,盛土式（乗降場）,0,134.9,0,3.4,2.06,134.9,134.9,0,0,対象
747,指宿枕崎線,00,無し,二月田,43430.0,43430.0,第一乗降場,140,盛土式（乗降場）,0,140,0,4.5,1.7,140,140,0,140,対象
747,指宿枕崎線,00,無し,指宿,45710.0,45710.0,第一乗降場,90,盛土式（乗降場）,0,90,0,3.9,2.4,90,90,0,0,対象
747,指宿枕崎線,00,無し,指宿,45710.0,45710.0,第二乗降場,140.3,盛土式（乗降場）,0,140.3,0,6.2,4.7,280.6,280.6,0,120,対象
747,指宿枕崎線,00,無し,山川,50040.0,50040.0,第一乗降場,102,盛土式（乗降場）,0,102,0,4.1,2,0,102,0,0,対象
747,指宿枕崎線,00,無し,山川,50040.0,50040.0,第二乗降場,76,盛土式（乗降場）,0,76,0,2.45,2,76,76,0,0,対象
747,指宿枕崎線,00,無し,大山,54220.0,54220.0,第一乗降場,50,盛土式（乗降場）,0,50,0,3.4,1.8,50,50,0,0,対象
747,指宿枕崎線,00,無し,西大山,56650.0,56650.0,第一乗降場,50,盛土式（乗降場）,0,50,0,2,2,50,50,0,0,対象
747,指宿枕崎線,00,無し,薩摩川尻,57820.0,57820.0,第一乗降場,50,盛土式（乗降場）,0,50,0,2.43,1.43,0,50,0,0,対象
747,指宿枕崎線,00,無し,東開聞,59570.0,59570.0,第一乗降場,50,盛土式（乗降場）,0,50,0,2.56,2,50,50,0,0,対象
747,指宿枕崎線,00,無し,開聞,60990.0,60990.0,第一乗降場,50,盛土式（乗降場）,0,50,0,3.8,2.1,50,50,0,0,対象
747,指宿枕崎線,00,無し,入野,62790.0,62790.0,第一乗降場,50,盛土式（乗降場）,0,50,0,1.94,1.65,50,50,0,0,対象
747,指宿枕崎線,00,無し,頴娃,66050.0,66050.0,第一乗降場,50,盛土式（乗降場）,0,50,0,2.07,2,50,50,0,0,対象
747,指宿枕崎線,00,無し,西頴娃,67670.0,67670.0,第一乗降場,50,盛土式（乗降場）,0,50,0,3.9,3.6,100,100,0,0,対象
747,指宿枕崎線,00,無し,御領,70350.0,70350.0,第一乗降場,50,盛土式（乗降場）,0,50,0,2.1,1.83,50,50,0,0,対象
747,指宿枕崎線,00,無し,石垣,72760.0,72760.0,第一乗降場,50,盛土式（乗降場）,0,50,0,2.4,1.5,50,50,0,0,対象
747,指宿枕崎線,00,無し,水成川,74200.0,74200.0,第一乗降場,50,盛土式（乗降場）,0,50,0,2.2,1.9,50,50,0,0,対象
747,指宿枕崎線,00,無し,頴娃大川,76010.0,76010.0,第一乗降場,50,盛土式（乗降場）,0,50,0,2.7,1.5,50,50,0,0,対象
747,指宿枕崎線,00,無し,松ヶ浦,78050.0,78050.0,第一乗降場,50,盛土式（乗降場）,0,50,0,2.8,1.5,50,50,0,0,対象
747,指宿枕崎線,00,無し,薩摩塩屋,79870.0,79870.0,第一乗降場,50,盛土式（乗降場）,0,50,0,2,1.78,50,50,0,0,対象
747,指宿枕崎線,00,無し,白沢,81880.0,81880.0,第一乗降場,50,盛土式（乗降場）,0,50,0,2,1.65,50,50,0,0,対象
747,指宿枕崎線,00,無し,薩摩板敷,84420.0,84420.0,第一乗降場,50,盛土式（乗降場）,0,50,0,2,1.75,50,50,0,0,対象
747,指宿枕崎線,00,無し,枕崎,87880.0,87880.0,第一乗降場,0,盛土式（乗降場）,0,0,0,2.86,2,0,0,0,0,対象
747,指宿枕崎線,23,上下線,谷山,7430.0,7530.0,谷山第１乗降場,112,けた式（乗降場）,407,,224.07,6.72,3.92,224.1,,7.9,262.8,対象
747,指宿枕崎線,23,上下線,慈眼寺,9160.0,9160.55,慈眼寺第１乗降場,112,けた式（乗降場）,336,,224.1,6.76,4.16,224.1,,6.7,244.4,対象
753,長崎本線,00,無し,肥前麓,4160.0,4160.0,第１乗降場,261,盛土式（乗降場）,0,261,0,3.7,2,261,261,0,261,対象
753,長崎本線,00,無し,肥前麓,4160.0,4160.0,第２乗降場,261,盛土式（乗降場）,0,261,0,2.7,2,261,261,0,261,対象
753,長崎本線,00,無し,中原,8550.0,8550.0,第１乗降場,260.5,盛土式（乗降場）,0,260.5,0,3.6,2,260.5,260.5,0,260.5,対象
753,長崎本線,00,無し,中原,8550.0,8550.0,第２乗降場,260.5,盛土式（乗降場）,0,260.5,0,3.7,3.6,481.6,481.6,0,481.6,対象
753,長崎本線,00,無し,吉野ヶ里公園,13140.0,13140.0,第１乗降場,260.3,盛土式（乗降場）,0,260.3,0,5.4,2,260.3,260.3,0,260,対象
753,長崎本線,00,無し,吉野ヶ里公園,13140.0,13140.0,第２乗降場,199.6,盛土式（乗降場）,0,259.3,0,7.1,6,518.6,518.6,4.5,520,対象
753,長崎本線,00,無し,神埼,15670.0,15670.0,第１乗降場,260.2,盛土式（乗降場）,0,260.2,0,7,2,259.8,259.8,0,260,対象
753,長崎本線,00,無し,神埼,15670.0,15670.0,第２乗降場,242.6,盛土式（乗降場）,0,242.6,0,6.5,4,560.8,560.8,0,561,対象
753,長崎本線,00,無し,伊賀屋,20180.0,20180.0,伊賀屋＿第１乗降場,258.6,盛土式（乗降場）,0,258.6,0,4.6,1.6,258.6,258.6,0,259,対象
753,長崎本線,00,無し,伊賀屋,20180.0,20180.0,伊賀屋＿第２乗降場,259.4,盛土式（乗降場）,0,259.4,0,4.2,1.8,259.4,259.4,0,260,対象
753,長崎本線,00,無し,佐賀,24980.0,24980.0,第１乗降場,340.1,けた式（乗降場）,0,0,340.1,9.1,8,592.9,0,2,201,対象
753,長崎本線,00,無し,佐賀,24980.0,24980.0,第２乗降場,340.1,けた式（乗降場）,0,0,340.1,9.1,6.6,680.2,0,0,403.3,対象
753,長崎本線,00,無し,鍋島,28060.0,28060.0,第１乗降場,210.7,けた盛式（乗降場）,56.1,254,7.4,6.5,2,261.4,254,0,262,対象
753,長崎本線,00,無し,鍋島,28060.0,28060.0,第２乗降場,233.4,けた盛式（乗降場）,56.1,226,7.4,10,5.4,233.4,226,0,234,対象
753,長崎本線,00,無し,バルーンさが,29830.0,29830.0,第１乗降場,165,けた式（乗降場）,0,0,165,3,3,0,0,160,175.5,対象
753,長崎本線,00,無し,バルーンさが,29830.0,29830.0,第２乗降場,165,けた式（乗降場）,0,0,165,3,3,0,0,160,175.5,対象
753,長崎本線,00,無し,久保田,31460.0,31460.0,第１乗降場,261.2,盛土式（乗降場）,0,261.2,0,6.2,2,261.2,261.2,0,260,対象
753,長崎本線,00,無し,久保田,31460.0,31460.0,第２乗降場,258.2,盛土式（乗降場）,0,258.2,0,7.3,3.5,516.4,516.4,0,516.4,対象
753,長崎本線,00,無し,牛津,34280.0,34280.0,第１乗降場,262.2,盛土式（乗降場）,0,262.2,0,3.8,2,262.2,262.2,0,262,対象
753,長崎本線,00,無し,牛津,34280.0,34280.0,第２乗降場,261.1,盛土式（乗降場）,0,261.1,0,3.5,1.5,261.1,261.1,0,262,対象
753,長崎本線,00,無し,肥前山口,39670.0,39670.0,第一乗降場,300.3,けた盛式（乗降場）,0,290.3,10,5.2,1.8,290.3,290.3,0,0,対象
753,長崎本線,00,無し,肥前山口,39670.0,39670.0,第三乗降場,290.28,けた盛式（乗降場）,0,280.28,10,6,2.6,580.6,580.6,0,0,対象
753,長崎本線,00,無し,肥前山口,39670.0,39670.0,第二乗降場,281.3,けた盛式（乗降場）,0,271.3,10,9.1,7.9,562.6,562.6,0,0,対象
753,長崎本線,00,無し,肥前白石,44740.0,44740.0,第一乗降場,200,盛土式（乗降場）,0,200,0,3.6,2,200,200,0,0,対象
753,長崎本線,00,無し,肥前白石,44740.0,44740.0,第二乗降場,194,盛土式（乗降場）,0,194,0,5.4,1.8,194,194,0,0,対象
753,長崎本線,00,無し,肥前竜王,49480.0,49480.0,第一乗降場,120,盛土式（乗降場）,0,120,0,3.5,2.1,120,120,0,0,対象
753,長崎本線,00,無し,肥前竜王,49480.0,49480.0,第二乗降場,128,盛土式（乗降場）,0,128,0,3.9,1.9,128,128,0,90,対象
753,長崎本線,00,無し,肥前鹿島,54660.0,54660.0,第一乗降場,230.5,盛土式（乗降場）,0,230.5,0,6.1,3.85,461,461,25.8,0,対象
753,長崎本線,00,無し,肥前浜,57630.0,57630.0,第一乗降場,167.4,盛土式（乗降場）,0,167.4,0,4.8,2,167.4,167.4,0,0,対象
753,長崎本線,00,無し,肥前浜,57630.0,57630.0,第二乗降場,173.6,盛土式（乗降場）,0,173.6,0,6.6,3.5,347.2,347.2,0,0,対象
753,長崎本線,00,無し,肥前七浦,61520.0,61520.0,第一乗降場,120.4,盛土式（乗降場）,0,120.4,0,3.9,2,120.4,120.4,0,0,対象
753,長崎本線,00,無し,肥前七浦,61520.0,61520.0,第二乗降場,121.7,盛土式（乗降場）,0,121.7,0,3.8,2,121.7,137.7,0,0,対象
753,長崎本線,00,無し,肥前飯田,63680.0,63680.0,第一乗降場,181.8,盛土式（乗降場）,0,181.8,0,7,4.3,363.6,363.6,0,0,対象
753,長崎本線,00,無し,多良,67780.0,67780.0,第一乗降場,210,盛土式（乗降場）,0,210,0,2.8,1.9,210,210,0,0,対象
753,長崎本線,00,無し,多良,67780.0,67780.0,第二乗降場,190,盛土式（乗降場）,0,190,0,4.6,3.5,380,380,0,0,対象
753,長崎本線,00,無し,肥前大浦,75700.0,75700.0,第一乗降場,119.2,盛土式（乗降場）,0,119.2,0,5.2,5,238.4,238.4,0,0,対象
753,長崎本線,00,無し,小長井,82380.0,82260.0,第一乗降場,144,盛土式（乗降場）,0,144,0,5.1,4.4,288,288,0,0,対象
753,長崎本線,00,無し,長里,84780.0,84660.0,長里 第１乗降場,90.9,けた式（乗降場）,0,0,91,3.4,3.2,0,0,0,0,対象
753,長崎本線,00,無し,湯江,87650.0,87530.0,第一乗降場,197.2,盛土式（乗降場）,0,198,0,4.2,1.6,198,198,0,0,対象
753,長崎本線,00,無し,湯江,87650.0,87530.0,第二乗降場,201,盛土式（乗降場）,0,201,0,7,2.8,402,402,0,0,対象
753,長崎本線,00,無し,小江,90870.0,90750.0,第一乗降場,170,盛土式（乗降場）,0,170,0,3.3,3.2,340,340,0,0,対象
753,長崎本線,00,無し,肥前長田,95570.0,95450.0,第一乗降場,120,盛土式（乗降場）,0,120,0,3.7,2.6,120,120,0,0,対象
753,長崎本線,00,無し,肥前長田,95570.0,95450.0,第二乗降場,120,盛土式（乗降場）,0,120,0,4,1.7,120,120,0,0,対象
753,長崎本線,00,無し,東諫早,97740.0,97620.0,第一乗降場,91.1,けた式（乗降場）,0,0,91,3,2,0,216.1,90,91.8,対象
753,長崎本線,00,無し,東諫早,97740.0,97620.0,第二乗降場,91.1,けた式（乗降場）,0,0,91.1,3,2,0,216.1,90,91.8,対象
753,長崎本線,00,無し,諫早,100400.0,100280.0,第一乗降場,228,盛土式（乗降場）,0,228,0,7.8,1.9,228,228,0,0,対象
753,長崎本線,00,無し,諫早,100400.0,100280.0,第三乗降場,112,けた式（乗降場）,0,0,112,4.6,3,0,0,108.5,0,対象
753,長崎本線,00,無し,諫早,100400.0,100280.0,第二乗降場,237.8,盛土式（乗降場）,0,237.8,0,8,1.6,445.7,445.7,90,0,対象
753,長崎本線,00,無し,西諫早,103190.0,103070.0,第一乗降場,175.3,けた式（乗降場）,0,0,175.3,8.3,1.5,0,0,0,0,対象
753,長崎本線,00,無し,西諫早,103190.0,103070.0,第二乗降場,157.7,けた式（乗降場）,0,0,157.7,6.5,1.5,0,0,0,0,対象
753,長崎本線,00,無し,喜々津,106930.0,106810.0,第一乗降場,203,けた盛式（乗降場）,0,180.5,22.5,8.5,1.6,180.4,180.4,0,0,対象
753,長崎本線,00,無し,喜々津,106930.0,106810.0,第二乗降場,194.46,盛土式（乗降場）,0,194.46,0,6.3,4.2,388.9,388.9,0,0,対象
753,長崎本線,00,無し,市布,109550.0,109360.0,第一乗降場,200,盛土式（乗降場）,0,200,0,4,4,400,400,0,0,対象
753,長崎本線,00,無し,肥前古賀,112360.0,112170.0,第一乗降場,200.8,盛土式（乗降場）,0,200.8,0,3.3,2.3,200.8,200.8,0,0,対象
753,長崎本線,00,無し,現川,114850.0,114660.0,第一乗降場,200,盛土式（乗降場）,0,200,0,4.7,2.8,200,200,0,0,対象
753,長崎本線,00,無し,現川,114850.0,114660.0,第二乗降場,200,けた盛式（乗降場）,0,177,23,5.2,3.1,177,177,0,0,対象
753,長崎本線,00,無し,長崎,131940.0,125110.0,第一乗降場,437.4,盛土式（乗降場）,0,437.4,0,19.3,1.5,627.6,627.6,0,0,対象
753,長崎本線,00,無し,長崎,131940.0,125110.0,第二乗降場,260,盛土式（乗降場）,0,260,0,8,5,520,520,0,0,対象
753,長崎本線,00,無し,長崎,131940.0,125110.0,長崎 第３乗降場,0,けた式（乗降場）,0,0,0,3,3,0,0,0,0,対象
753,長崎本線,21,下り線,新鳥栖,2890.0,2940.0,第２乗降場,194,盛土式（乗降場）,,194,,5.5,3.1,194.6,366.8,195.7,214.7,対象
753,長崎本線,22,上り線,新鳥栖,2890.0,2940.0,第１乗降場,194,盛土式（乗降場）,,194,,8,3,194.6,353.9,152.2,219.8,対象
754,長崎旧線,00,無し,東園,110560.0,110560.0,第一乗降場,112,盛土式（乗降場）,0,112,0,2.9,2,112,112,105.9,112.2,対象
754,長崎旧線,00,無し,大草,114070.0,114100.0,第一乗降場,127.6,盛土式（乗降場）,0,127.6,0,4.2,3,127.6,127.6,0,0,対象
754,長崎旧線,00,無し,大草,114070.0,114100.0,第二乗降場,203.5,盛土式（乗降場）,0,203.5,0,4.2,2.9,203.5,203.5,0,0,対象
754,長崎旧線,00,無し,本川内,119200.0,119200.0,第一乗降場,112,けた式（乗降場）,0,0,112,2,2,0,0,139.3,134,対象
754,長崎旧線,00,無し,長与,122260.0,122300.0,第一乗降場,209.8,盛土式（乗降場）,0,210.2,0,6.2,1.5,213.5,213.5,0,0,対象
754,長崎旧線,00,無し,長与,122260.0,122300.0,第二乗降場,210.2,盛土式（乗降場）,0,213.1,0,4.8,1.6,213.1,213.1,0,0,対象
754,長崎旧線,00,無し,高田,123280.0,123320.0,第一乗降場,112,けた式（乗降場）,0,0,112,4,2.1,0,0,0,0,対象
754,長崎旧線,00,無し,道ノ尾,125760.0,125800.0,第一乗降場,202.3,盛土式（乗降場）,0,202.3,0,5.5,2.8,202.5,202.5,0,0,対象
754,長崎旧線,00,無し,西浦上,127460.0,127500.0,第一乗降場,98.1,けた式（乗降場）,243.4,0,98.1,2.1,2.07,0,0,0,0,対象
754,長崎旧線,00,無し,浦上,130341.0,130341.0,第一乗降場,190,けた式（乗降場）,,,,6,4.2,,,,,対象
754,長崎旧線,10,単線,浦上,130340.0,130220.0,第１乗降場,,盛土式（乗降場）,,,,6.5,1.7,,,,,対象外
754,長崎旧線,10,単線,浦上,130340.0,130220.0,第２乗降場,,盛土式（乗降場）,,,,8.5,2.3,,,,,対象外
761,唐津線,00,無し,小城,5110.0,5110.0,小城_第１乗降場,133,盛土式（乗降場）,0,133,0,6.2,2,0,132.7,26,53,対象
761,唐津線,00,無し,小城,5110.0,5110.0,小城_第２乗降場,152,盛土式（乗降場）,0,152,0,5.7,2.9,0,302.8,0,55,対象
761,唐津線,00,無し,東多久,10620.0,10620.0,東多久_第１乗降場,122,盛土式（乗降場）,0,122,0,3.4,1.9,116,121.8,0,0,対象
761,唐津線,00,無し,東多久,10620.0,10620.0,東多久_第２乗降場,116.1,盛土式（乗降場）,0,116.1,0,3.8,1.9,232,232,0,0,対象
761,唐津線,00,無し,中多久,13620.0,13620.0,中多久_第１乗降場,130,盛土式（乗降場）,0,130,0,3,2.5,130,0,0,0,対象
761,唐津線,00,無し,多久,15220.0,15220.0,多久_第１乗降場,90.6,盛土式（乗降場）,0,123.8,0,6.26,3.4,123.9,130.9,0,0,対象
761,唐津線,00,無し,多久,15220.0,15220.0,多久_第２乗降場,90.6,けた盛式（乗降場）,455.5,105,17.2,6.26,3.4,105,210,20,0,対象
761,唐津線,00,無し,厳木,20790.0,20790.0,厳木_第１乗降場,110,盛土式（乗降場）,0,110,0,5,2,109.7,110,0,110,対象
761,唐津線,00,無し,厳木,20790.0,20790.0,厳木_第２乗降場,110,盛土式（乗降場）,0,110,0,3.5,2,0,106.5,0,110,対象
761,唐津線,00,無し,岩屋,23330.0,23330.0,岩屋_第１乗降場,101.8,盛土式（乗降場）,0,101.8,0,4.2,2.1,0,97.9,0,0,対象
761,唐津線,00,無し,相知,25970.0,25970.0,相知_第１乗降場,120,盛土式（乗降場）,0,120,0,4.5,1.8,120,119.4,0,0,対象
761,唐津線,00,無し,相知,25970.0,25970.0,相知_第２乗降場,120,盛土式（乗降場）,0,120,0,4.7,2,120.1,120.1,0,0,対象
761,唐津線,00,無し,本牟田部,30080.0,30080.0,本牟田部_第１乗降場,113.4,けた式（乗降場）,240,0,113.4,2,2,0,0,0,0,対象
761,唐津線,00,無し,山本,32880.0,32880.0,山本_第１乗降場,332.8,盛土式（乗降場）,0,332.8,0,2,2,199,199,0,0,対象
761,唐津線,00,無し,山本,32880.0,32880.0,山本_第２乗降場,293.2,盛土式（乗降場）,0,293.2,0,6.3,5.7,293.2,293.2,0,0,対象
761,唐津線,00,無し,鬼塚,36550.0,36550.0,鬼塚_第１乗降場,360,盛土式（乗降場）,0,360,0,4.5,3.1,360,0,0,358.6,対象
761,唐津線,00,無し,唐津,40290.0,40290.0,唐津_第１乗降場,180,けた式（乗降場）,0,0,180,6.5,3.1,360,0,0,383.4,対象
761,唐津線,00,無し,唐津,40290.0,40290.0,唐津_第２乗降場,180,けた式（乗降場）,0,0,180,6.5,3.1,360,0,0,383.4,対象
761,唐津線,00,無し,西唐津,42520.0,42520.0,西唐津_第１乗降場,180,盛土式（乗降場）,0,180,0,3.6,2.95,180,180,158.1,179.3,対象
767,佐世保線,00,無し,大町,5250.0,5250.0,第１乗降場,237,盛土式（乗降場）,0,237,0,5,3.6,474,474,0,474,対象
767,佐世保線,00,無し,北方,7440.0,7440.0,第１乗降場,229.3,盛土式（乗降場）,0,229.3,0,7.5,3,229.3,269.4,0,0,対象
767,佐世保線,00,無し,北方,7440.0,7440.0,第２乗降場,183.2,盛土式（乗降場）,0,183.2,0,7.2,7.1,366.4,366.4,0,0,対象
767,佐世保線,00,無し,高橋,11470.0,11470.0,第１乗降場,153.3,盛土式（乗降場）,0,153.3,0,4.1,2,153.3,153.3,0,0,対象
767,佐世保線,00,無し,高橋,11470.0,11470.0,第２乗降場,152.6,盛土式（乗降場）,0,152.6,0,4.3,2,152.6,152.6,0,0,対象
767,佐世保線,00,無し,武雄温泉,13630.0,13630.0,第2乗降場,176.9,けた式（乗降場）,0,,176.9,8,6.2,353.5,,9.2,414.8,対象
767,佐世保線,00,無し,武雄温泉,13630.0,13630.0,第１乗降場,176.36,けた式（乗降場）,0,,176.39,6,3.6,176.4,,6.2,194.2,対象
767,佐世保線,00,無し,永尾,18250.0,18250.0,第１乗降場,113.2,けた式（乗降場）,0,0,113.2,2,2,113.2,113.2,105,0,対象
767,佐世保線,00,無し,永尾,18250.0,18250.0,第２乗降場,114.8,けた盛式（乗降場）,0,4.8,110,3.6,2,0,0,37,0,対象
767,佐世保線,00,無し,三間坂,21480.0,21480.0,第１乗降場,167.6,盛土式（乗降場）,0,167.6,0,3.2,1.6,167.6,167.6,0,0,対象
767,佐世保線,00,無し,三間坂,21480.0,21480.0,第２乗降場,168,盛土式（乗降場）,0,168,0,3.5,1.6,168,168,0,0,対象
767,佐世保線,00,無し,上有田,25710.0,25710.0,第１乗降場,220.7,盛土式（乗降場）,0,220.7,0,4.3,1.7,224.7,224.7,0,0,対象
767,佐世保線,00,無し,上有田,25710.0,25710.0,第２乗降場,190,盛土式（乗降場）,0,190,0,3.9,2.3,190,190,0,0,対象
767,佐世保線,00,無し,有田,28220.0,28220.0,第１乗降場,222.7,盛土式（乗降場）,0,222.7,0,6,3.1,222.7,222.7,0,93,対象
767,佐世保線,00,無し,有田,28220.0,28220.0,第２乗降場,185.7,盛土式（乗降場）,0,185.7,0,6.3,1.7,408.8,408.8,0,93,対象
767,佐世保線,00,無し,三河内,35760.0,35760.0,第１乗降場,157.9,盛土式（乗降場）,0,157.9,0,8.5,1.6,157.9,157.9,0,0,対象
767,佐世保線,00,無し,三河内,35760.0,35760.0,第２乗降場,152.9,盛土式（乗降場）,0,152.9,0,3.7,2.1,152.9,152.9,0,0,対象
767,佐世保線,00,無し,早岐,39950.0,39950.0,第１乗降場,362.8,盛土式（乗降場）,0,362.8,0,8,3,580.6,580.6,0,0,対象
767,佐世保線,00,無し,早岐,39950.0,39950.0,第２乗降場,208.4,盛土式（乗降場）,0,208.4,0,6.3,3.25,416.8,416.8,0,0,対象
767,佐世保線,00,無し,大塔,42630.0,42630.0,第１乗降場,135.1,けた式（乗降場）,0,0,135.1,2.1,1.8,0,0,0,88,対象
767,佐世保線,00,無し,大塔,42630.0,42630.0,第２乗降場,160.2,けた式（乗降場）,0,0,160.2,2.2,1.8,0,0,0,88,対象
767,佐世保線,00,無し,日宇,45510.0,45520.0,第１乗降場,220,盛土式（乗降場）,0,220,0,4.4,3.9,438.8,438.8,0,0,対象
767,佐世保線,00,無し,佐世保,48830.0,48830.0,第一乗降場,207.43,けた式（乗降場）,0,0,207.43,12.1,4.5,282.6,0,3.4,315.5,対象
767,佐世保線,00,無し,佐世保,48830.0,48830.0,第三乗降場,169.3,けた式（乗降場）,0,0,169.3,8.6,3.2,339,0,7,361.5,対象
767,佐世保線,00,無し,佐世保,48830.0,48830.0,第二乗降場,182.5,けた式（乗降場）,0,0,182.5,8.1,5,365.4,0,9.4,390.9,対象
781,大村線,00,無し,ハウステンボス,4740.0,4740.0,第一乗降場,159.2,けた式（乗降場）,667,0,159.2,4.05,2,306,0,0,307.2,対象
781,大村線,00,無し,南風崎,5520.0,5520.0,第一乗降場,182,盛土式（乗降場）,0,182,0,6,1.8,182,182,0,0,対象
781,大村線,00,無し,南風崎,5520.0,5520.0,第二乗降場,184,盛土式（乗降場）,0,184,0,3.1,1.6,184,184,0,0,対象
781,大村線,00,無し,小串郷,9780.0,9780.0,第１乗降場,180,盛土式（乗降場）,0,180,0,4.1,1.5,180,180,0,0,対象
781,大村線,00,無し,川棚,13520.0,13520.0,第一乗降場,180,盛土式（乗降場）,0,180,0,8.8,3.4,180,180,0,0,対象
781,大村線,00,無し,川棚,13520.0,13520.0,第二乗降場,196,盛土式（乗降場）,0,196,0,7.3,2.1,196,179.6,0,0,対象
781,大村線,00,無し,彼杵,19580.0,19580.0,第１乗降場,154.8,けた盛式（乗降場）,0,149.8,5,3.4,2.3,149.8,149.8,0,117,対象
781,大村線,00,無し,彼杵,19580.0,19580.0,第２乗降場,120,盛土式（乗降場）,0,120,0,4,2.1,240,240,0,17,対象
781,大村線,00,無し,千綿,23980.0,23980.0,第１乗降場,149.8,盛土式（乗降場）,0,149.8,0,4,2,149.8,149.8,0,110,対象
781,大村線,00,無し,松原,28350.0,28350.0,第１乗降場,94.4,盛土式（乗降場）,0,94.4,0,4.7,2.4,94.4,94.4,0,0,対象
781,大村線,00,無し,松原,28350.0,28350.0,第２乗降場,101,盛土式（乗降場）,0,101,0,4.6,2,101,101,0,0,対象
781,大村線,00,無し,竹松,32770.0,32770.0,第１乗降場,220,盛土式（乗降場）,0,220,0,7.7,2.1,220,220,0,0,対象
781,大村線,00,無し,竹松,32770.0,32770.0,第２乗降場,220,盛土式（乗降場）,0,220,0,7.2,2.1,440,440,0,0,対象
781,大村線,00,無し,諏訪,34730.0,34730.0,諏訪 第１乗降場,112,けた式（乗降場）,0,0,112,3,2,0,0,0,0,対象
781,大村線,00,無し,大村,36200.0,36200.0,大村駅第１乗降場,172.3,盛土式（乗降場）,0,172.3,0,5.7,2.2,172.3,172.3,0,20.3,対象
781,大村線,00,無し,大村,36200.0,36200.0,大村駅第２乗降場,176.5,盛土式（乗降場）,0,176.5,0,7.3,2,353,353,0,20.3,対象
781,大村線,00,無し,岩松,39770.0,39770.0,岩松駅第１乗降場,153,けた盛式（乗降場）,0,89,64,3,2,161.8,161.8,0,63,対象
781,大村線,00,無し,岩松,39770.0,39770.0,岩松駅第２乗降場,133,けた式（乗降場）,0,0,133,3,2,0,0,0,147.9,対象
783,久大本線,00,無し,南久留米,4870.0,4870.0,第１乗降場,148,盛土式（乗降場）,0,148,0,6.2,5.9,296,288.8,0,0,対象
783,久大本線,00,無し,久留米大学前,6780.0,6780.0,第１乗降場,92,盛土式（乗降場）,0,56,36,4.9,2.7,92,92,37.1,110,対象
783,久大本線,00,無し,御井,8040.0,8000.0,第１乗降場,119.9,盛土式（乗降場）,0,119.9,0,4.5,2.3,119.9,143.2,0,0,対象
783,久大本線,00,無し,御井,8040.0,8000.0,第２乗降場,119.8,盛土式（乗降場）,0,119.8,0,4.4,2.5,119.8,121.7,0,0,対象
783,久大本線,00,無し,善導寺,12570.0,12600.0,第１乗降場,120,盛土式（乗降場）,0,120,0,6.1,2.3,120,145.1,0,0,対象
783,久大本線,00,無し,善導寺,12570.0,12600.0,第２乗降場,120,盛土式（乗降場）,0,120,0,3.3,1.5,120,123.8,0,0,対象
783,久大本線,00,無し,筑後草野,15670.0,15700.0,第１乗降場,91,盛土式（乗降場）,0,91,0,5,2.3,91,91,19.6,0,対象
783,久大本線,00,無し,筑後草野,15670.0,15700.0,第２乗降場,91,盛土式（乗降場）,0,91,0,3.2,1.6,91,61,0,0,対象
783,久大本線,00,無し,田主丸,20790.0,20800.0,第１乗降場,120,盛土式（乗降場）,0,120,0,3.9,2.2,120,146.3,0,0,対象
783,久大本線,00,無し,田主丸,20790.0,20800.0,第２乗降場,120.7,盛土式（乗降場）,0,120.7,0,3.4,2,120.7,124.4,0,0,対象
783,久大本線,00,無し,筑後吉井,26420.0,26400.0,第１乗降場,120.3,盛土式（乗降場）,0,120.3,0,3.4,2.1,120.3,148.9,0,0,対象
783,久大本線,00,無し,筑後吉井,26420.0,26400.0,第２乗降場,170.9,盛土式（乗降場）,0,170.9,0,6.2,4.9,341.8,349.8,0,0,対象
783,久大本線,00,無し,うきは,29980.0,30000.0,第１乗降場,120,盛土式（乗降場）,0,120,0,3.4,2,120,120.4,0,0,対象
783,久大本線,00,無し,うきは,29980.0,30000.0,第２乗降場,169,盛土式（乗降場）,0,169,0,3.9,2,169.4,173.1,0,0,対象
783,久大本線,00,無し,筑後大石,32970.0,32970.0,第１乗降場,120,盛土式（乗降場）,0,120,0,5.1,1.5,120,172.3,0,0,対象
783,久大本線,00,無し,夜明,39050.0,39050.0,第１乗降場,123.5,盛土式（乗降場）,0,123.5,0,3.3,1.7,123.5,122.4,0,0,対象
783,久大本線,00,無し,夜明,39050.0,39050.0,第２乗降場,112.5,盛土式（乗降場）,0,112.5,0,4.5,3.1,112.5,255.1,0,0,対象
783,久大本線,00,無し,光岡,45150.0,45200.0,第１乗降場,124,盛土式（乗降場）,0,124,0,3.5,3.5,124,239,0,0,対象
783,久大本線,00,無し,日田,47570.0,47600.0,第１乗降場,112,盛土式（乗降場）,0,140,0,5.5,3.7,140,197,0,0,対象
783,久大本線,00,無し,日田,47570.0,47600.0,第２乗降場,112,盛土式（乗降場）,0,154,0,4.7,4.7,154,154,0,0,対象
783,久大本線,00,無し,豊後三芳,49410.0,49410.0,第１乗降場,121,盛土式（乗降場）,0,121,0,2,1.7,121,247.2,0,0,対象
783,久大本線,00,無し,豊後中川,55270.0,55270.0,豊後中川　第１乗降場,120.7,盛土式（乗降場）,0,120.7,0,3,2.2,39.7,156.9,0,0,対象
783,久大本線,00,無し,天ヶ瀬,59490.0,59490.0,天ヶ瀬　第１乗降場,139.7,盛土式（乗降場）,0,139.7,0,5.1,2.5,0,140,0,0,対象
783,久大本線,00,無し,杉河内,63610.0,63610.0,杉河内　第１乗降場,120.2,けた式（乗降場）,0,0,120.2,2,2,0,0,0,0,対象
783,久大本線,00,無し,北山田,67820.0,67820.0,北山田　第１乗降場,120.2,盛土式（乗降場）,0,120.2,0,3.5,2.4,0,120.2,0,0,対象
783,久大本線,00,無し,豊後森,73220.0,73220.0,豊後森　第１乗降場,160.9,けた盛式（乗降場）,0,120.9,40,4.9,2,0,141.1,0,0,対象
783,久大本線,00,無し,豊後森,73220.0,73220.0,豊後森　第２乗降場,133.2,盛土式（乗降場）,0,133.2,0,5.6,5,0,266.3,0,0,対象
783,久大本線,00,無し,恵良,77330.0,77330.0,恵良　第１乗降場,177.1,けた盛式（乗降場）,0,121.1,56,4.8,2,0,121.1,0,0,対象
783,久大本線,00,無し,恵良,77330.0,77330.0,恵良　第２乗降場,110.8,けた盛式（乗降場）,0,90.8,20,5,2,0,0,0,0,対象
783,久大本線,00,無し,引治,80700.0,80700.0,引地　第１乗降場,120.8,盛土式（乗降場）,0,120.8,0,6,3.2,0,0,0,0,対象
783,久大本線,00,無し,豊後中村,83150.0,83150.0,豊後中村　第１乗降場,120.6,盛土式（乗降場）,0,120.6,0,5.8,2.3,0,120.6,0,0,対象
783,久大本線,00,無し,豊後中村,83150.0,83150.0,豊後中村　第２乗降場,120.6,盛土式（乗降場）,0,120.6,0,5.4,1.7,0,120.6,0,0,対象
783,久大本線,00,無し,野矢,88260.0,88260.0,野矢　第１乗降場,91.6,盛土式（乗降場）,0,91.6,0,4.7,2.5,0,91.6,0,0,対象
783,久大本線,00,無し,野矢,88260.0,88260.0,野矢　第２乗降場,92.2,盛土式（乗降場）,0,92.2,0,2.4,1.85,92.2,92.2,0,0,対象
783,久大本線,00,無し,由布院,99140.0,99140.0,由布院　第１乗降場,156.3,盛土式（乗降場）,0,156.3,0,5.4,2.7,0,220.2,0,0,対象
783,久大本線,00,無し,由布院,99140.0,99140.0,由布院　第２乗降場,143.5,けた盛式（乗降場）,0,112.5,31,4.32,1.5,0,225,0,0,対象
783,久大本線,00,無し,南由布,102540.0,102540.0,南由布　第１乗降場,91.3,盛土式（乗降場）,0,91.3,0,5.37,2.1,0,94.2,0,0,対象
783,久大本線,00,無し,南由布,102540.0,102540.0,南由布　第２乗降場,91.1,盛土式（乗降場）,0,91.1,0,2.55,1.86,0,0,0,0,対象
783,久大本線,00,無し,湯平,109580.0,109580.0,湯平　第１乗降場,120.4,盛土式（乗降場）,0,120.4,0,4.6,1.5,0,164.5,0,0,対象
783,久大本線,00,無し,湯平,109580.0,109580.0,湯平　第２乗降場,120.6,盛土式（乗降場）,0,120.6,0,4.7,2,0,120.6,0,0,対象
783,久大本線,00,無し,庄内,114560.0,114560.0,庄内　第１乗降場,140.1,盛土式（乗降場）,0,140.1,0,4.65,2,0,140.1,0,0,対象
783,久大本線,00,無し,庄内,114560.0,114560.0,庄内　第２乗降場,92.4,盛土式（乗降場）,0,92.4,0,4.65,2,0,180.6,0,0,対象
783,久大本線,00,無し,天神山,118100.0,118100.0,天神山　第１乗降場,140,けた盛式（乗降場）,0,91.6,48.4,3.5,2,0,0,0,0,対象
783,久大本線,00,無し,小野屋,119580.0,119580.0,小野屋　第１乗降場,136.5,盛土式（乗降場）,0,136.5,0,5.6,1.8,0,172.5,0,0,対象
783,久大本線,00,無し,小野屋,119580.0,119580.0,小野屋　第２乗降場,140.5,盛土式（乗降場）,0,140.5,0,4.6,1.8,0,140.5,0,0,対象
783,久大本線,00,無し,鬼瀬,123930.0,123930.0,鬼瀬　第１乗降場,150.3,盛土式（乗降場）,0,150.3,0,3.6,2,0,150.3,0,0,対象
783,久大本線,00,無し,向之原,127080.0,127080.0,向之原　第１乗降場,120.2,盛土式（乗降場）,0,120.2,0,4.8,1.7,0,120.2,0,0,対象
783,久大本線,00,無し,向之原,127080.0,127080.0,向之原　第２乗降場,128.8,盛土式（乗降場）,0,128.8,0,5,2,0,126.9,0,0,対象
783,久大本線,00,無し,豊後国分,131060.0,131060.0,豊後国分 第１乗降場,91,けた式（乗降場）,0,0,91,2.5,2.1,0,0,0,0,対象
783,久大本線,00,無し,豊後国分,131060.0,131060.0,豊後国分 第２乗降場,106,けた式（乗降場）,0,0,106,2.5,2.1,0,0,0,0,対象
783,久大本線,00,無し,賀来,133400.0,133400.0,賀来　第１乗降場,123.9,盛土式（乗降場）,0,123.9,0,4.8,2,0,123.9,0,0,対象
783,久大本線,00,無し,南大分,135710.0,135710.0,南大分　第１乗降場,137.8,けた盛式（乗降場）,0,122.3,15.5,4.7,2,0,162.8,0,0,対象
783,久大本線,00,無し,南大分,135710.0,135710.0,南大分　第２乗降場,117,けた盛式（乗降場）,0,62,55,3.8,1.8,0,0,0,0,対象
783,久大本線,00,無し,古国府,137990.0,137990.0,古国府　第１乗降場,117,けた式（乗降場）,0,0,117,2,2,0,0,0,0,対象
783,久大本線,10,単線,久留米高校前,3390.0,3390.0,第１乗降場,91,盛土式（乗降場）,,91,,3.5,2.8,91,91,96.9,90,対象
786,豊肥本線,00,無し,平成,2760.0,2660.0,第１乗降場,136.5,けた式（乗降場）,0,0,136.5,4.3,2.5,0,0,0,141.2,対象
786,豊肥本線,00,無し,平成,2760.0,2660.0,第二乗降場,91.4,けた式（乗降場）,0,0,91.4,4.4,2,0,0,93,99.1,対象
786,豊肥本線,00,無し,南熊本,3630.0,3530.0,第１乗降場,126.6,盛土式（乗降場）,0,126.6,0,7.7,2.3,126.6,154.6,0,0,対象
786,豊肥本線,00,無し,南熊本,3630.0,3530.0,第２乗降場,135.3,盛土式（乗降場）,0,135.3,0,8,2.2,134.7,145.7,0,0,対象
786,豊肥本線,00,無し,水前寺,5830.0,5730.0,第１乗降場,178.6,盛土式（乗降場）,0,178.6,0,8,2.8,340,340,0,0,対象
786,豊肥本線,00,無し,東海学園前,7840.0,7740.0,第１乗降場,112.6,けた式（乗降場）,0,0,112.6,2.4,2,0,0,0,27.3,対象
786,豊肥本線,00,無し,竜田口,8910.0,8810.0,第１乗降場,119.8,盛土式（乗降場）,0,119.8,0,4.7,4.4,276.4,276.4,0,0,対象
786,豊肥本線,00,無し,武蔵塚,12900.0,12800.0,第１乗降場,131.8,盛土式（乗降場）,0,131.8,0,3.8,1.5,116,116,0,1160,対象
786,豊肥本線,00,無し,武蔵塚,12900.0,12800.0,第２乗降場,112.4,盛土式（乗降場）,0,112.4,0,2.8,2,111.4,0,95.3,111.3,対象
786,豊肥本線,00,無し,三里木,15750.0,15650.0,第１乗降場,107.2,盛土式（乗降場）,0,107.2,0,4.7,4.2,0,214.6,0,0,対象
786,豊肥本線,00,無し,原水,18940.0,18840.0,第１乗降場,119.8,盛土式（乗降場）,0,119.8,0,6.3,2,119.6,119.6,0,0,対象
786,豊肥本線,00,無し,原水,18940.0,18840.0,第２乗降場,95,けた式（乗降場）,0,0,95.3,2,2,0,0,0,0,対象
786,豊肥本線,00,無し,肥後大津,22550.0,22450.0,第１乗降場,98.2,盛土式（乗降場）,0,98.2,0,4.4,3.7,279.4,279.4,0,0,対象
786,豊肥本線,00,無し,肥後大津,22550.0,22550.0,第二乗降場,18,けた式（乗降場）,0,0,18,3.1,2,0,0,8,0,対象
786,豊肥本線,00,無し,瀬田,27190.0,27090.0,第１乗降場,120.9,盛土式（乗降場）,0,120.9,0,4.6,1.5,120.8,120.8,0,0,対象
786,豊肥本線,00,無し,瀬田,27190.0,27090.0,第２乗降場,120,盛土式（乗降場）,0,120,0,4.1,2,240,240,0,0,対象
786,豊肥本線,00,無し,立野,32250.0,32150.0,第１乗降場,120.9,盛土式（乗降場）,0,120.9,0,4.6,4.1,241.6,241.6,0,0,対象外
786,豊肥本線,00,無し,赤水,40170.0,40070.0,第１乗降場,130,盛土式（乗降場）,0,130,0,4.5,3.3,260,260,0,0,対象
786,豊肥本線,00,無し,市ノ川,42600.0,42500.0,第１乗降場,120,盛土式（乗降場）,0,120,0,8.1,1.5,120,120,0,0,対象
786,豊肥本線,00,無し,内牧,46370.0,46270.0,第１乗降場,91.7,盛土式（乗降場）,0,91.7,0,4.5,4.4,183.2,183.2,0,0,対象
786,豊肥本線,00,無し,阿蘇,49870.0,49770.0,第１乗降場,176.1,盛土式（乗降場）,0,176.1,0,5.9,2.9,175.9,175.9,0,0,対象
786,豊肥本線,00,無し,阿蘇,49870.0,49770.0,第２乗降場,133.1,盛土式（乗降場）,0,133.1,0,4.6,2,0,0,0,0,対象
786,豊肥本線,00,無し,いこいの村,51220.0,51120.0,第１乗降場,91,けた式（乗降場）,0,0,91,3,1.9,0,0,74.3,92.7,対象
786,豊肥本線,00,無し,宮地,53410.0,53310.0,第１乗降場,119.5,盛土式（乗降場）,0,119.5,0,5.5,5.3,243,243,0,0,対象
786,豊肥本線,00,無し,波野,64120.0,64020.0,第１乗降場,89.5,盛土式（乗降場）,0,89.5,0,4.2,2.2,89.6,89.6,0,0,対象
786,豊肥本線,00,無し,波野,64120.0,64020.0,第２乗降場,90.5,盛土式（乗降場）,0,90.5,0,1.9,1.7,90.4,90.4,0,0,対象
786,豊肥本線,00,無し,滝水,68980.0,68880.0,第１乗降場,91.1,盛土式（乗降場）,0,91.1,0,4.5,1.8,90.2,90.2,0,0,対象
786,豊肥本線,00,無し,豊後荻,75190.0,75190.0,豊後荻　第１乗降場,90,盛土式（乗降場）,0,90,0,4.5,2.4,0,90,0,0,対象
786,豊肥本線,00,無し,豊後荻,75190.0,75190.0,豊後荻　第２乗降場,90,盛土式（乗降場）,0,90,0,4.3,2.4,0,90,0,0,対象
786,豊肥本線,00,無し,玉来,84930.0,84930.0,玉来　第１乗降場,91,盛土式（乗降場）,0,91,0,3,2,0,91,0,0,対象
786,豊肥本線,00,無し,豊後竹田,88030.0,88030.0,豊後竹田　第１乗降場,122.2,盛土式（乗降場）,0,122.2,0,7.4,7.4,0,244.4,0,0,対象
786,豊肥本線,00,無し,朝地,93920.0,93920.0,朝地　第１乗降場,91.6,盛土式（乗降場）,0,91.6,0,4.4,2.1,0,91.6,0,0,対象
786,豊肥本線,00,無し,緒方,100300.0,100300.0,緒方　第１乗降場,120.2,盛土式（乗降場）,0,120.2,0,4,2.3,0,120.2,0,0,対象
786,豊肥本線,00,無し,緒方,100300.0,100300.0,緒方　第２乗降場,120.1,盛土式（乗降場）,0,120.1,0,4.5,2.5,0,120.1,0,0,対象
786,豊肥本線,00,無し,豊後清川,105350.0,105350.0,豊後清川　第１乗降場,120,盛土式（乗降場）,0,120,0,4,2.5,0,120,0,0,対象
786,豊肥本線,00,無し,豊後清川,105350.0,105350.0,豊後清川　第２乗降場,91,盛土式（乗降場）,0,91,0,2,2,0,91,0,0,対象
786,豊肥本線,00,無し,三重町,111860.0,111860.0,三重町　第１乗降場,120.5,盛土式（乗降場）,0,120.5,0,4.2,2,0,120.5,0,0,対象
786,豊肥本線,00,無し,三重町,111860.0,111860.0,三重町　第２乗降場,141.5,けた盛式（乗降場）,0,120.5,21,6.4,2,0,282,0,0,対象
786,豊肥本線,00,無し,菅尾,117250.0,117250.0,菅尾　第１乗降場,84.6,盛土式（乗降場）,0,84.6,0,4.9,2.1,0,84.6,0,0,対象
786,豊肥本線,00,無し,菅尾,117250.0,117250.0,菅尾　第２乗降場,120.3,盛土式（乗降場）,0,120.3,0,4,1.9,0,120.3,0,0,対象
786,豊肥本線,00,無し,犬飼,125160.0,125160.0,犬飼　第１乗降場,119.8,盛土式（乗降場）,0,119.8,0,4.4,2.5,0,239.6,0,0,対象
786,豊肥本線,00,無し,竹中,130800.0,130800.0,竹中　第１乗降場,91,盛土式（乗降場）,0,91,0,4.5,2.6,182,182,0,0,対象
786,豊肥本線,00,無し,中判田,136280.0,136280.0,中判田　第１乗降場,121.5,盛土式（乗降場）,0,121.5,0,4.5,4.3,0,0,0,0,対象
786,豊肥本線,00,無し,大分大学前,138780.0,138780.0,大分大学前　第1乗降場,91,けた式（乗降場）,0,0,91,5.9,3,0,0,45.7,45.2,対象
786,豊肥本線,00,無し,敷戸,140180.0,140180.0,敷戸　第１乗降場,91,けた式（乗降場）,0,0,91,3.6,2,0,0,87,91.2,対象
786,豊肥本線,00,無し,滝尾,142930.0,142930.0,滝尾 第１乗降場,135.4,けた盛式（乗降場）,0,81.4,54,4.3,2,0,0,0,0,対象
786,豊肥本線,00,無し,滝尾,142930.0,142930.0,滝尾 第２乗降場,117,けた式（乗降場）,0,0,117,2,2,0,0,0,0,対象
786,豊肥本線,10,単線,新水前寺,5250.0,5150.0,第１乗降場,133.2,けた式（乗降場）,0,0,137.7,5.3,2.1,133,133,141.5,135,対象
786,豊肥本線,10,単線,光の森,14750.0,14650.0,光の森第１乗降場,133.5,けた式（乗降場）,,,133.5,6.5,3.8,,,5.6,267.1,対象
791,日豊本線,00,無し,南小倉,2840.0,2840.0,第１乗降場,260.5,盛土式（乗降場）,0,260.5,0,6.18,3.5,521,521,0,148.6,対象
791,日豊本線,00,無し,城野,5370.0,5370.0,第１乗降場,259.5,盛土式（乗降場）,0,259.5,0,7.2,1.9,259.5,259.5,0,160,対象
791,日豊本線,00,無し,城野,5370.0,5370.0,第２乗降場,260.5,盛土式（乗降場）,0,260.5,0,6.4,4.8,521,521,0,0,対象
791,日豊本線,00,無し,城野,5370.0,5370.0,第３乗降場,180,けた盛式（乗降場）,0,173,7,5.37,2.1,0,0,0,0,対象
791,日豊本線,00,無し,安部山公園,7710.0,7710.0,第１乗降場,170,けた式（乗降場）,319.3,0,170,3.05,2.15,170,170,160.7,168.2,対象
791,日豊本線,00,無し,安部山公園,7710.0,7710.0,第２乗降場,170,けた式（乗降場）,319.3,0,170,3.05,2.15,170,170,160.7,168.2,対象
791,日豊本線,00,無し,下曽根,10920.0,10920.0,第２乗降場,260,盛土式（乗降場）,0,260,0,10.9,10.7,520,520,16.2,259.4,対象
791,日豊本線,00,無し,朽網,14310.0,14310.0,第１乗降場,265,盛土式（乗降場）,0,265,0,7,2.05,265,265,0,0,対象
791,日豊本線,00,無し,朽網,14310.0,14310.0,第２乗降場,260,盛土式（乗降場）,0,260,0,6.7,1.7,260,260,0,0,対象
791,日豊本線,00,無し,苅田,17910.0,17910.0,第１乗降場,269.2,盛土式（乗降場）,0,269.2,0,8.7,1.9,269.2,269.2,96.4,0,対象
791,日豊本線,00,無し,苅田,17910.0,17910.0,第２乗降場,261.3,盛土式（乗降場）,0,261.3,0,5.86,4.55,522.6,522.6,0,0,対象
791,日豊本線,00,無し,小波瀬西工大前,21480.0,21480.0,第１乗降場,260,けた盛式（乗降場）,0,172.2,87.8,3.5,3.2,260,260,0,55.2,対象
791,日豊本線,00,無し,小波瀬西工大前,21480.0,21480.0,第２乗降場,260,盛土式（乗降場）,0,260,0,3.15,2.05,520,520,2.6,25,対象
791,日豊本線,00,無し,行橋,24220.0,24220.0,第１乗降場,309.02,けた式（乗降場）,0,0,309.02,7.8,4.2,618,618,0,618,対象
791,日豊本線,00,無し,行橋,24220.0,24220.0,第２乗降場,618.8,けた式（乗降場）,0,0,618.8,7.5,3.2,618.8,618.8,0,618.8,対象
791,日豊本線,00,無し,南行橋,26010.0,26010.0,第１乗降場,165.2,けた式（乗降場）,0,0,165.2,5.09,2.05,165.2,165.2,150.9,163,対象
791,日豊本線,00,無し,南行橋,26010.0,26010.0,第２乗降場,165.2,けた式（乗降場）,0,0,165.2,5.86,2.05,165.2,165.2,1.9,164,対象
791,日豊本線,00,無し,新田原,29460.0,29460.0,第１乗降場,260.4,盛土式（乗降場）,0,260.4,0,5.6,1.85,0,260.2,0,0,対象
791,日豊本線,00,無し,新田原,29460.0,29460.0,第２乗降場,260.5,盛土式（乗降場）,0,260.5,0,5.55,3,0,521.8,0,0,対象
791,日豊本線,00,無し,築城,33220.0,33220.0,第１乗降場,261,盛土式（乗降場）,0,261,0,6.9,1.89,0,261,0,0,対象
791,日豊本線,00,無し,築城,33220.0,33220.0,第２乗降場,260.3,盛土式（乗降場）,0,260.3,0,4.78,2.02,0,260.3,0,0,対象
791,日豊本線,00,無し,椎田,36170.0,36170.0,第１乗降場,256.3,盛土式（乗降場）,0,256.3,0,6.6,2.05,0,256.3,0,0,対象
791,日豊本線,00,無し,椎田,36170.0,36170.0,第２乗降場,260.1,盛土式（乗降場）,0,260.1,0,5.78,3.67,0,520.3,0,0,対象
791,日豊本線,00,無し,豊前松江,41100.0,41100.0,第１乗降場,250.75,盛土式（乗降場）,0,250.75,0,7.58,2.05,0,250.8,0,0,対象
791,日豊本線,00,無し,豊前松江,41100.0,41100.0,第２乗降場,260.25,盛土式（乗降場）,0,260.25,0,4,2,0,260.3,0,0,対象
791,日豊本線,00,無し,宇島,44460.0,44460.0,第１乗降場,260.2,盛土式（乗降場）,0,260.2,0,7.43,2.07,0,260.2,0,0,対象
791,日豊本線,00,無し,宇島,44460.0,44460.0,第２乗降場,260.8,盛土式（乗降場）,0,260.8,0,6.02,5.8,0,260.8,0,0,対象
791,日豊本線,00,無し,三毛門,47290.0,47290.0,第１乗降場,260.5,盛土式（乗降場）,0,260.5,0,5,4.63,0,260.5,0,0,対象
791,日豊本線,00,無し,吉富,49310.0,49310.0,第１乗降場,165,けた式（乗降場）,0,0,165,2.6,2.1,0,0,0,0,対象
791,日豊本線,00,無し,吉富,49310.0,49310.0,第２乗降場,165,けた式（乗降場）,0,0,165,2.6,2.1,0,0,0,0,対象
791,日豊本線,00,無し,中津,51050.0,51840.0,中津 第１乗降場,316,けた式（乗降場）,0,0,315.8,8,3.85,631.8,0,0,0,対象
791,日豊本線,00,無し,中津,51050.0,51840.0,中津 第２乗降場,315.3,けた式（乗降場）,0,0,315.8,8,3.3,0,0,0,0,対象
791,日豊本線,00,無し,東中津,55960.0,56740.0,東中津 第１乗降場,259.9,盛土式（乗降場）,0,259.9,0,5.2,1.95,0,260.3,0,0,対象
791,日豊本線,00,無し,東中津,55960.0,56740.0,東中津 第２乗降場,257.3,盛土式（乗降場）,0,257.3,0,6.03,4.33,0,450.3,0,0,対象
791,日豊本線,00,無し,今津,59350.0,60110.0,今津 第１乗降場,261.5,けた盛式（乗降場）,0,185.5,76,4.45,1.75,0,261.5,0,0,対象
791,日豊本線,00,無し,今津,59350.0,60110.0,今津 第２乗降場,280,盛土式（乗降場）,0,280,0,5,1.85,0,330.3,0,0,対象
791,日豊本線,00,無し,天津,61810.0,62560.0,天津 第１乗降場,242.1,盛土式（乗降場）,0,242.1,0,5.69,4.9,0,240,0,0,対象
791,日豊本線,00,無し,豊前善光寺,64750.0,65490.0,豊前善光寺 第１乗降場,260,盛土式（乗降場）,0,260,0,5.8,2,0,260,0,0,対象
791,日豊本線,00,無し,豊前善光寺,64750.0,65490.0,豊前善光寺 第２乗降場,261.5,盛土式（乗降場）,0,261.5,0,6.02,3.53,0,260,0,0,対象
791,日豊本線,00,無し,柳ヶ浦,68430.0,69180.0,柳ヶ浦 第１乗降場,260,盛土式（乗降場）,0,260,0,7.07,2.02,0,260,0,0,対象
791,日豊本線,00,無し,柳ヶ浦,68430.0,69180.0,柳ヶ浦 第２乗降場,260,盛土式（乗降場）,0,260,0,7.3,3.72,0,362.3,0,0,対象
791,日豊本線,00,無し,豊前長洲,70310.0,71060.0,豊前長洲 第１乗降場,220,盛土式（乗降場）,0,220,0,8.81,6,0,281,0,0,対象
791,日豊本線,00,無し,宇佐,75100.0,75890.0,宇佐 第１乗降場,272.3,盛土式（乗降場）,0,272.3,0,4.7,1.65,272.3,319.7,0,0,対象
791,日豊本線,00,無し,宇佐,75100.0,75890.0,宇佐 第２乗降場,193.7,盛土式（乗降場）,0,193.7,0,6.5,4.5,561,561,0,0,対象
791,日豊本線,00,無し,西屋敷,78730.0,79510.0,西屋敷 第１乗降場,150,けた式（乗降場）,260,0,150,2,2,150,0,153.6,0,対象
791,日豊本線,00,無し,西屋敷,78730.0,79510.0,西屋敷 第２乗降場,150,盛土式（乗降場）,0,0,150,2,2,150,0,153.5,0,対象
791,日豊本線,00,無し,立石,84520.0,84700.0,立石 第１乗降場,220,盛土式（乗降場）,0,220,0,5,4.7,220,220,0,0,対象
791,日豊本線,00,無し,立石,84520.0,84700.0,立石 第２乗降場,221.2,盛土式（乗降場）,0,221.2,0,5.1,4.3,442.4,442.4,0,0,対象
791,日豊本線,00,無し,中山香,89680.0,89860.0,中山香  第１乗降場,241.3,盛土式（乗降場）,0,241.3,0,5.8,2,219.7,219.7,0,0,対象
791,日豊本線,00,無し,中山香,89680.0,89860.0,中山香  第２乗降場,220,盛土式（乗降場）,0,220,0,6.2,2.7,440,440,0,0,対象
791,日豊本線,00,無し,杵築,98540.0,98530.0,杵築 第１乗降場,245.5,盛土式（乗降場）,0,245.5,0,6,3.7,245.5,245.5,0,0,対象
791,日豊本線,00,無し,杵築,98540.0,98530.0,杵築 第２乗降場,220.3,盛土式（乗降場）,0,220.3,0,7.9,2.5,440.6,440.6,0,0,対象
791,日豊本線,00,無し,大神,102550.0,102540.0,大神 第１乗降場,199,盛土式（乗降場）,0,199,0,4.9,3.47,398,398,0,0,対象
791,日豊本線,00,無し,日出,106540.0,106520.0,日出　第１乗降場,220,盛土式（乗降場）,0,220,0,8.6,7.2,440,440,0,0,対象
791,日豊本線,00,無し,暘谷,107670.0,107650.0,暘谷 第１乗降場,102,けた式（乗降場）,0,0,102,2.2,2,0,0,0,0,対象
791,日豊本線,00,無し,暘谷,107670.0,107650.0,暘谷 第２乗降場,108,けた式（乗降場）,0,0,108,3.2,1.5,0,0,0,0,対象
791,日豊本線,00,無し,豊後豊岡,110550.0,110520.0,豊後豊岡 第１乗降場,216.6,盛土式（乗降場）,0,200.6,16,3,2,220,220,0,0,対象
791,日豊本線,00,無し,豊後豊岡,110550.0,110520.0,豊後豊岡 第２乗降場,216.6,盛土式（乗降場）,0,200.6,16,3.7,1.45,220,220,0,0,対象
791,日豊本線,00,無し,亀川,114260.0,114140.0,亀川 第１乗降場,220,盛土式（乗降場）,0,220,0,4.5,2.2,220,220,0,0,対象
791,日豊本線,00,無し,亀川,114260.0,114140.0,亀川 第２乗降場,177.6,盛土式（乗降場）,0,177.6,0,8.3,6.1,375.2,375.2,0,0,対象
791,日豊本線,00,無し,別府大学,116390.0,116270.0,別府大学 第１乗降場,90,けた式（乗降場）,0,0,90,2.7,2.02,0,0,0,0,対象
791,日豊本線,00,無し,別府大学,116390.0,116270.0,別府大学 第２乗降場,90,けた式（乗降場）,0,0,90,4.6,1.5,0,0,0,0,対象
791,日豊本線,00,無し,別府,120160.0,120040.0,別府 第１乗降場,411,けた式（乗降場）,0,0,411,9.1,3.8,0,0,0,0,対象
791,日豊本線,00,無し,別府,120160.0,120040.0,別府 第２乗降場,411,けた式（乗降場）,0,0,411,9,3.3,0,0,0,0,対象
791,日豊本線,00,無し,東別府,122190.0,122070.0,東別府 第１乗降場,190.6,盛土式（乗降場）,0,180.3,10.3,4.2,1.6,0,180.3,0,0,対象
791,日豊本線,00,無し,東別府,122190.0,122070.0,東別府 第２乗降場,201,盛土式（乗降場）,0,190.8,10.2,4,1.7,0,190.8,0,0,対象
791,日豊本線,00,無し,西大分,129770.0,129620.0,西大分 第1乗降場,219.5,盛土式（乗降場）,0,219.5,0,8.3,4.7,0,319,0,0,対象
791,日豊本線,00,無し,牧,135660.0,135500.0,牧 第１乗降場,125,けた式（乗降場）,0,0,125,3,2,0,0,0,0,対象
791,日豊本線,00,無し,高城,137380.0,137220.0,高城 第１乗降場,172.3,盛土式（乗降場）,0,172.3,0,8.3,3.7,0,342.6,0,0,対象
791,日豊本線,00,無し,鶴崎,140430.0,140270.0,鶴崎 第１乗降場,171.4,盛土式（乗降場）,0,171.4,0,8.2,5,0,294.4,0,0,対象
791,日豊本線,00,無し,大在,143670.0,143520.0,大在 第１乗降場,201.6,盛土式（乗降場）,0,201.6,0,4.5,1.6,0,209.2,0,0,対象
791,日豊本線,00,無し,大在,143670.0,143520.0,大在 第２乗降場,139.6,盛土式（乗降場）,0,139.6,0,5.15,2,0,359,0,0,対象
791,日豊本線,00,無し,坂ノ市,146820.0,146670.0,坂ノ市 第１乗降場,172,盛土式（乗降場）,0,172,0,8.2,4.2,0,344,0,0,対象
791,日豊本線,00,無し,幸崎,151200.0,151050.0,幸崎 第１乗降場,180.2,盛土式（乗降場）,0,180.2,0,8.3,2.5,0,360.4,0,0,対象
791,日豊本線,00,無し,幸崎,151200.0,151050.0,幸崎 第２乗降場,200,盛土式（乗降場）,0,200,0,5.2,1.5,0,400,0,0,対象
791,日豊本線,00,無し,佐志生,158400.0,158250.0,佐志生 第１乗降場,200,盛土式（乗降場）,0,200,0,4.8,4.5,400,400,0,0,対象
791,日豊本線,00,無し,下ノ江,160510.0,160360.0,下ノ江　第１乗降場,172,盛土式（乗降場）,0,172,0,8.6,6.6,200,341,0,0,対象
791,日豊本線,00,無し,熊崎,164090.0,163940.0,熊崎 第１乗降場,200,盛土式（乗降場）,0,200,0,5.1,4.2,400,400,2.6,0,対象
791,日豊本線,00,無し,上臼杵,167040.0,166890.0,上臼杵　第１乗降場,152.5,盛土式（乗降場）,0,152.5,0,6.1,1.5,0,152.5,0,0,対象
791,日豊本線,00,無し,臼杵,168560.0,168410.0,臼杵 第１乗降場,225.6,けた盛式（乗降場）,0,177.6,48,8.5,2,177.6,177.6,24,0,対象
791,日豊本線,00,無し,臼杵,168560.0,168410.0,臼杵 第二乗降場,239,盛土式（乗降場）,0,239,0,9,3,478,478,0,0,対象
791,日豊本線,00,無し,津久見,178280.0,178140.0,津久見 第１乗降場,262.3,盛土式（乗降場）,0,262.3,0,10.1,1.5,530,530,0,0,対象
791,日豊本線,00,無し,日代,183840.0,183700.0,日代 第１乗降場,182,けた盛式（乗降場）,0,109.9,72.1,3.7,2.7,109.9,109.9,0,0,対象
791,日豊本線,00,無し,日代,183840.0,183700.0,日代 第二乗降場,180,けた盛式（乗降場）,0,38,142,4.1,1.66,38,38,0,0,対象
791,日豊本線,00,無し,浅海井,187590.0,187450.0,浅海井 第１乗降場,160.1,盛土式（乗降場）,0,160.1,0,8.4,5.3,0,0,0,0,対象
791,日豊本線,00,無し,狩生,191430.0,191290.0,狩生 第１乗降場,200,盛土式（乗降場）,0,200,0,2.8,2.8,0,200,0,0,対象
791,日豊本線,00,無し,狩生,191430.0,191430.0,狩生 第２乗降場,200,けた式（乗降場）,0,0,200,3.6,2,0,0,200,0,対象
791,日豊本線,00,無し,海崎,194200.0,194060.0,海崎 第１乗降場,122.2,盛土式（乗降場）,0,122.2,0,3.1,1.9,0,0,0,0,対象
791,日豊本線,00,無し,海崎,194200.0,194060.0,海崎 第２乗降場,120.1,盛土式（乗降場）,0,120.1,0,3.8,2.1,0,0,0,0,対象
791,日豊本線,00,無し,佐伯,197230.0,197090.0,佐伯 第１乗降場,260.5,盛土式（乗降場）,0,260.5,0,12.6,1.7,0,0,0,0,対象
791,日豊本線,00,無し,佐伯,197230.0,197090.0,佐伯 第２乗降場,246.9,盛土式（乗降場）,0,246.9,0,7.8,2.05,493.8,493.8,0,0,対象
791,日豊本線,00,無し,上岡,201780.0,201640.0,上岡　第１乗降場,122,盛土式（乗降場）,0,122,0,6.2,6.2,0,244,0,0,対象
791,日豊本線,00,無し,直見,208170.0,208030.0,直見 第１乗降場,122,盛土式（乗降場）,0,122,0,6.3,6.2,0,244,0,0,対象
791,日豊本線,00,無し,直川,213030.0,212890.0,直川 第１乗降場,122,盛土式（乗降場）,0,122,0,6,6,0,244.9,0,0,対象
791,日豊本線,00,無し,重岡,223610.0,223470.0,重岡 第１乗降場,146.5,盛土式（乗降場）,0,146.5,0,6.7,2.5,0,199.8,0,0,対象
791,日豊本線,00,無し,重岡,223610.0,223470.0,重岡 第２乗降場,122.1,盛土式（乗降場）,0,122.1,0,6.3,5.3,0,246.4,0,0,対象
791,日豊本線,00,無し,宗太郎,230370.0,230230.0,宗太郎 第１乗降場,60.6,盛土式（乗降場）,0,60.6,0,3,1.7,0,65.9,0,0,対象
791,日豊本線,00,無し,宗太郎,230370.0,230230.0,宗太郎 第２乗降場,65.9,盛土式（乗降場）,0,65.9,0,2.5,1.5,0,60.7,0,0,対象
791,日豊本線,00,無し,市棚,237940.0,237800.0,第１乗降場,120.4,盛土式（乗降場）,0,120.4,0,3.7,2.3,0,120.4,0,0,対象
791,日豊本線,00,無し,市棚,237940.0,237800.0,第２乗降場,121.4,盛土式（乗降場）,0,121.4,0,5.7,5.2,0,121.4,0,0,対象
791,日豊本線,00,無し,北川,242610.0,242470.0,第１乗降場,131.3,盛土式（乗降場）,0,131.3,0,4,4,0,131.3,0,0,対象
791,日豊本線,00,無し,日向長井,246090.0,245950.0,第１乗降場,118.5,盛土式（乗降場）,0,119.2,0,3.4,2.4,0,119.2,0,0,対象
791,日豊本線,00,無し,日向長井,246090.0,245950.0,第２乗降場,123,盛土式（乗降場）,0,123,0,5.1,2.4,0,123,0,0,対象
791,日豊本線,00,無し,北延岡,250680.0,250540.0,第１乗降場,122,盛土式（乗降場）,0,122,0,2.5,2.5,0,122,0,0,対象
791,日豊本線,00,無し,北延岡,250680.0,250540.0,第２乗降場,77.4,けた式（乗降場）,0,0,77.4,4.7,3,0,0,0,0,対象
791,日豊本線,00,無し,延岡,255560.0,255420.0,第１乗降場,132.2,けた盛式（乗降場）,0,201,59,5.5,2.8,0,240,0,0,対象
791,日豊本線,00,無し,延岡,255560.0,255420.0,第２乗降場,131.2,盛土式（乗降場）,0,177,0,6.75,6.2,0,354,0,0,対象
791,日豊本線,00,無し,南延岡,258980.0,258840.0,第１乗降場,180,盛土式（乗降場）,0,180,0,3.6,2,0,225,0,118.8,対象
791,日豊本線,00,無し,南延岡,258980.0,258840.0,第２乗降場,139,盛土式（乗降場）,0,139,0,6.3,6.3,0,422.5,0,156.2,対象
791,日豊本線,00,無し,旭ヶ丘,262510.0,262370.0,第１乗降場,85.3,けた式（乗降場）,0,0,85.3,3.9,1.5,0,0,0,0,対象
791,日豊本線,00,無し,土々呂,265110.0,264970.0,第１乗降場,162.5,盛土式（乗降場）,0,162.5,0,3.37,2.5,0,210.5,0,0,対象
791,日豊本線,00,無し,土々呂,265110.0,264970.0,第２乗降場,119.7,盛土式（乗降場）,0,119.7,0,4,2.5,0,122,0,0,対象
791,日豊本線,00,無し,門川,269390.0,269250.0,第１乗降場,152.2,盛土式（乗降場）,0,152.2,0,3.45,2,45,200.8,31.5,80,対象
791,日豊本線,00,無し,門川,269390.0,269250.0,第２乗降場,122.4,盛土式（乗降場）,0,122.4,0,5.9,3.3,0,122,0,0,対象
791,日豊本線,00,無し,財光寺,278320.0,278180.0,第１乗降場,85,けた式（乗降場）,0,0,85,3.1,2,0,0,0,0,対象
791,日豊本線,00,無し,南日向,282470.0,282330.0,第１乗降場,122,盛土式（乗降場）,0,122,0,3.9,2.4,0,122,0,0,対象
791,日豊本線,00,無し,南日向,282470.0,282330.0,第２乗降場,153,盛土式（乗降場）,0,153,0,3.2,2.2,0,152.7,0,0,対象
791,日豊本線,00,無し,美々津,289120.0,288980.0,第１乗降場,153.5,盛土式（乗降場）,0,153.5,0,4.3,2.3,0,153,0,0,対象
791,日豊本線,00,無し,美々津,289120.0,288980.0,第２乗降場,122.7,盛土式（乗降場）,0,122.7,0,5.5,4.5,531.8,242,0,0,対象
791,日豊本線,00,無し,東都農,293520.0,293380.0,第１乗降場,122.5,盛土式（乗降場）,0,122.5,0,6,2.2,0,122,0,0,対象
791,日豊本線,00,無し,東都農,293520.0,293380.0,第２乗降場,131,盛土式（乗降場）,0,131,0,4,4,0,260,0,0,対象
791,日豊本線,00,無し,都農,298120.0,297980.0,第１乗降場,163.6,盛土式（乗降場）,0,203,0,6,2.7,0,325.5,0,0,対象
791,日豊本線,00,無し,川南,304960.0,304820.0,第１乗降場,132.9,盛土式（乗降場）,0,132.9,0,6.1,2,0,281.1,0,0,対象
791,日豊本線,00,無し,高鍋,312960.0,312820.0,第１乗降場,241.6,けた盛式（乗降場）,0,241.6,35.7,6.1,6.1,0,408.4,0,0,対象
791,日豊本線,00,無し,日向新富,319360.0,319220.0,第１乗降場,122.8,盛土式（乗降場）,0,122.8,0,6.15,5.79,0,244,0,0,対象
791,日豊本線,00,無し,佐土原,326100.0,325960.0,第一乗降場,53.5,盛土式（乗降場）,0,53.5,0,6,1.5,76.5,76.5,0,0,対象
791,日豊本線,00,無し,佐土原,326100.0,325960.0,第二乗降場,180.4,盛土式（乗降場）,0,180.4,0,6.4,6.3,359,359,0,0,対象
791,日豊本線,00,無し,日向住吉,330300.0,330160.0,第一乗降場,181.4,盛土式（乗降場）,0,181.4,0,6.07,5,370.6,370.6,0,0,対象
791,日豊本線,00,無し,蓮ヶ池,334090.0,333950.0,第一乗降場,85.2,けた式（乗降場）,203,0,85.2,2,2,0,85,0,0,対象
791,日豊本線,00,無し,宮崎神宮,336840.0,336730.0,第一乗降場,160,盛土式（乗降場）,0,160,0,6.2,5.2,0,346,0,0,対象
791,日豊本線,00,無し,宮崎,339330.0,339220.0,第一乗降場,192.4,けた式（乗降場）,56.7,0,165,7.2,2,330,0,31.8,300,対象
791,日豊本線,00,無し,宮崎,339330.0,339220.0,第二乗降場,192.3,けた式（乗降場）,56.7,0,166,7,2,332,0,31.3,300,対象
791,日豊本線,00,無し,南宮崎,341880.0,341770.0,第一乗降場,188,盛土式（乗降場）,0,188,0,8.2,7.7,374,368,0,0,対象
791,日豊本線,00,無し,南宮崎,341880.0,341770.0,第二乗降場,152.2,盛土式（乗降場）,0,152.2,0,7.4,1.5,283.2,291.2,0,275.9,対象
791,日豊本線,00,無し,加納,344460.0,344350.0,加納 第１乗降場,156,けた式（乗降場）,0,0,156,2.6,2.1,0,0,0,0,対象
791,日豊本線,00,無し,清武,347160.0,347050.0,第一乗降場,134.6,盛土式（乗降場）,0,134.6,0,4.6,4.6,266,265.4,0,0,対象
791,日豊本線,00,無し,日向沓掛,352550.0,352440.0,第一乗降場,158.9,盛土式（乗降場）,0,158.9,0,3.1,2.9,320.2,320.2,0,0,対象
791,日豊本線,00,無し,田野,357390.0,357280.0,第一乗降場,91.5,盛土式（乗降場）,0,91.5,0,2.6,2.6,91.5,91.5,0,0,対象
791,日豊本線,00,無し,田野,357390.0,357280.0,第二乗降場,164.3,盛土式（乗降場）,0,164.3,0,5.5,4.9,325.4,325.4,0,0,対象
791,日豊本線,00,無し,青井岳,368650.0,368540.0,第一乗降場,130.7,盛土式（乗降場）,0,130.7,0,4.5,4.3,260.2,260.2,0,0,対象
791,日豊本線,00,無し,山之口,378520.0,378410.0,第一乗降場,122.8,盛土式（乗降場）,0,122.8,0,8.2,8,244,244,0,0,対象
791,日豊本線,00,無し,餅原,382080.0,381970.0,第一乗降場,150.7,盛土式（乗降場）,0,150.7,0,3.1,2.8,150,150,0,0,対象
791,日豊本線,00,無し,三股,385030.0,384920.0,第一乗降場,123.5,盛土式（乗降場）,0,123.5,0,7.9,6.6,244,154,0,0,対象
791,日豊本線,00,無し,都城,389340.0,389230.0,第一乗降場,92.3,盛土式（乗降場）,0,92.3,0,6.5,3.4,109.5,35.4,0,0,対象
791,日豊本線,00,無し,都城,389340.0,389230.0,第三乗降場,91.7,盛土式（乗降場）,0,91.7,0,6.3,6.3,0,140.7,0,0,対象
791,日豊本線,00,無し,都城,389340.0,389230.0,第二乗降場,131,盛土式（乗降場）,0,131,0,8.2,8.2,0,277.6,0,0,対象
791,日豊本線,00,無し,西都城,391850.0,391740.0,第一乗降場,131.2,けた式（乗降場）,0,0,220,6,6,220,220,0,0,対象
791,日豊本線,00,無し,西都城,391850.0,391740.0,第二乗降場,131.2,けた式（乗降場）,0,0,220,8,7.17,220,220,0,0,対象
791,日豊本線,00,無し,五十市,394660.0,394560.0,第一乗降場,120.4,盛土式（乗降場）,0,120.4,0,2.4,1.64,120,20.5,0,0,対象
791,日豊本線,00,無し,五十市,394660.0,394560.0,第二乗降場,123,盛土式（乗降場）,0,123,0,2.2,1.6,120,120,0,0,対象
791,日豊本線,00,無し,財部,398850.0,398750.0,第一乗降場,125.2,盛土式（乗降場）,0,125.2,0,4.71,1.55,125.2,117.2,0,0,対象
791,日豊本線,00,無し,財部,398850.0,398750.0,第二乗降場,120.2,盛土式（乗降場）,0,120.2,0,4.26,2,120.2,120.2,0,0,対象
791,日豊本線,00,無し,北俣,402490.0,402390.0,第一乗降場,117.5,盛土式（乗降場）,0,117.5,0,3.64,1.9,117.5,117.5,0,0,対象
791,日豊本線,00,無し,北俣,402490.0,402390.0,第二乗降場,125.4,盛土式（乗降場）,0,125.4,0,3.4,1.64,125.4,125.4,0,0,対象
791,日豊本線,00,無し,大隅大川原,407530.0,407430.0,第一乗降場,168.6,盛土式（乗降場）,0,168.6,0,4.86,4.74,0,337.2,0,0,対象
791,日豊本線,00,無し,北永野田,412890.0,412790.0,第一乗降場,120.5,盛土式（乗降場）,0,120.5,0,2.52,2.22,0,120.5,0,0,対象
791,日豊本線,00,無し,北永野田,412890.0,412790.0,第二乗降場,125,盛土式（乗降場）,0,125,0,3.81,1.65,0,125,0,0,対象
791,日豊本線,00,無し,霧島神宮,418820.0,418710.0,第一乗降場,271,盛土式（乗降場）,0,271,0,6.25,6.25,306,330,0,0,対象
791,日豊本線,00,無し,国分,431540.0,431430.0,第一乗降場,120,盛土式（乗降場）,0,120,0,5.7,2.3,120,120,0,0,対象
791,日豊本線,00,無し,国分,431540.0,431430.0,第二乗降場,120.5,盛土式（乗降場）,0,120.5,0,5.8,4.7,241,241,0,0,対象
791,日豊本線,00,無し,隼人,434120.0,434010.0,第一乗降場,154.1,盛土式（乗降場）,0,154.1,0,5.8,1.7,154.1,154.1,0,0,対象
791,日豊本線,00,無し,隼人,434120.0,434010.0,第二乗降場,247.9,盛土式（乗降場）,0,247.9,0,6.3,3.2,418,418,0,0,対象
791,日豊本線,00,無し,加治木,441010.0,440900.0,第一乗降場,198.4,盛土式（乗降場）,0,198.4,0,6,3.6,198.4,198.4,0,0,対象
791,日豊本線,00,無し,加治木,441010.0,440900.0,第二乗降場,199.8,盛土式（乗降場）,0,199.8,0,5.7,1.4,0,399.1,0,0,対象
791,日豊本線,00,無し,錦江,442710.0,442600.0,第一乗降場,130,盛土式（乗降場）,0,130,0,2,2,0,130,0,0,対象
791,日豊本線,00,無し,帖佐,445010.0,444900.0,第一乗降場,201.5,盛土式（乗降場）,0,201.5,0,5.7,2.05,201.5,201.5,0,0,対象
791,日豊本線,00,無し,帖佐,445010.0,444900.0,第二乗降場,200,盛土式（乗降場）,0,200,0,4,1.6,0,387.5,0,0,対象
791,日豊本線,00,無し,姶良,446600.0,446490.0,第一乗降場,155,けた式（乗降場）,0,0,155,2.1,2.1,0,151.4,0,0,対象
791,日豊本線,00,無し,重富,448170.0,448060.0,第一乗降場,182.3,盛土式（乗降場）,0,182.3,0,4.3,1.9,182.3,182.3,0,0,対象
791,日豊本線,00,無し,重富,448170.0,448060.0,第二乗降場,182.3,盛土式（乗降場）,0,182.3,0,5.8,1.4,0,363.7,94,95,対象
791,日豊本線,00,無し,竜ヶ水,455130.0,454980.0,竜ヶ水 第２乗降場,122.2,盛土式（乗降場）,0,122.2,0,2.2,1.7,122.2,122.2,0,0,対象
791,日豊本線,00,無し,竜ヶ水,455130.0,454980.0,竜ヶ水_第１乗降場,156,盛土式（乗降場）,0,156,0,1.5,1.2,0,156,0,0,対象
791,日豊本線,10,単線,日向市,276100.0,275960.0,日向市第１乗降場,194.2,けた式（乗降場）,,,194.2,8,4.2,389.2,,8.5,391.1,対象
791,日豊本線,21,下り線,大分,132360.0,132900.0,大分第１乗降場,165,けた式（乗降場）,,,165,7.9,6,330,,,361.2,対象
791,日豊本線,22,上り線,大分,132360.0,132900.0,大分第２乗降場,190,けた式（乗降場）,,,190,7.9,6.4,380,,,411.6,対象
791,日豊本線,23,上下線,大分,132360.0,132900.0,大分第３乗降場,151,けた式（乗降場）,,,151,7.9,4,302,,,327.4,対象
791,日豊本線,23,上下線,大分,132360.0,132900.0,大分第４乗降場,134.05,けた式（乗降場）,,,134.05,7.9,4.1,268,268,8.4,145.8,対象
795,日田彦山線,00,無し,石田,3270.0,3270.0,第１乗降場,128.6,盛土式（乗降場）,0,128.6,0,4.9,4.6,270,270,0,242.9,対象
795,日田彦山線,00,無し,志井公園,5080.0,5080.0,第一乗降場,158,けた盛式（乗降場）,218.8,25,133,4.8,2,0,0,126.8,135.2,対象
795,日田彦山線,00,無し,志井,6750.0,6750.0,第１乗降場,120,盛土式（乗降場）,0,120,0,5.7,2.1,120,120,0,0,対象
795,日田彦山線,00,無し,志井,6750.0,6750.0,第２乗降場,120,盛土式（乗降場）,0,120,0,3.7,2.9,120,120,0,0,対象
795,日田彦山線,00,無し,石原町,9030.0,9030.0,第一乗降場,88.5,盛土式（乗降場）,0,120,0,5.1,2,120,60,0,0,対象
795,日田彦山線,00,無し,石原町,9030.0,9030.0,第二乗降場,101.5,盛土式（乗降場）,0,133,0,4,4,266,266,0,242.6,対象
795,日田彦山線,00,無し,呼野,12330.0,12330.0,第一乗降場,133.2,けた式（乗降場）,0,0,133.2,3,2,0,0,0,0,対象
795,日田彦山線,00,無し,採銅所,18130.0,18130.0,第一乗降場,120.4,盛土式（乗降場）,0,120,0,3.3,2.2,120,120,0,0,対象
795,日田彦山線,00,無し,採銅所,18130.0,18130.0,第二乗降場,120,盛土式（乗降場）,0,120,0,3.3,3.3,0,240,0,0,対象
795,日田彦山線,00,無し,香春,23380.0,23380.0,第一乗降場,121.4,盛土式（乗降場）,0,121.4,0,6,1.9,121.4,121.4,0,0,対象
795,日田彦山線,00,無し,香春,23380.0,23380.0,第二乗降場,106.4,盛土式（乗降場）,0,106,0,5.7,2.2,181.7,182,0,0,対象
795,日田彦山線,00,無し,一本松,24960.0,24960.0,第１乗降場,133.4,けた式（乗降場）,63.6,0,133.4,3,2,0,0,130.7,135.4,対象
795,日田彦山線,00,無し,田川伊田,27400.0,27400.0,第二乗降場,159.3,けた盛式（乗降場）,0,145.5,13.8,8.1,2.3,298.8,298.8,0,0,対象
795,日田彦山線,00,無し,田川後藤寺,29980.0,29980.0,第一乗降場,157.6,けた盛式（乗降場）,31.8,151.6,6,5.8,2.1,507.2,253.6,0,0,対象
795,日田彦山線,00,無し,田川後藤寺,29980.0,29980.0,第二乗降場,116,盛土式（乗降場）,0,116,0,6.3,1.7,231.4,231.4,0,0,対象
795,日田彦山線,00,無し,池尻,32200.0,32200.0,第一乗降場,153.3,盛土式（乗降場）,0,153.3,0,6.2,6.2,305.6,305.6,0,0,対象
795,日田彦山線,00,無し,豊前川崎,34700.0,34700.0,第二乗降場,93,盛土式（乗降場）,0,92,0,4,4,92,92,0,43,対象
795,日田彦山線,00,無し,西添田,38320.0,38320.0,第一乗降場,95.6,盛土式（乗降場）,0,130,0,3,2,121,121,0,0,対象
795,日田彦山線,00,無し,添田,39480.0,39500.0,第二乗降場,120,盛土式（乗降場）,0,120,0,7,4.3,240,240,0,0,対象
795,日田彦山線,00,無し,歓遊舎ひこさん,41550.0,41570.0,第１乗降場,70,けた式（乗降場）,,,70,3.2,1.9,70,,61.4,72.7,対象
795,日田彦山線,00,無し,豊前桝田,43190.0,43210.0,第一乗降場,120,盛土式（乗降場）,0,120,0,5,3.9,120,240,0,0,対象
795,日田彦山線,00,無し,彦山,47140.0,47160.0,第一乗降場,119.3,盛土式（乗降場）,0,119.3,0,7,1.6,119.3,134.1,0,0,対象
795,日田彦山線,00,無し,彦山,47140.0,47160.0,第二乗降場,120,盛土式（乗降場）,0,120,0,4,3.3,240,240,0,0,対象
795,日田彦山線,00,無し,筑前岩屋,55070.0,55090.0,第１乗降場,100,盛土式（乗降場）,0,100,0,4.3,3.6,100,100,0,0,対象
795,日田彦山線,00,無し,大行司,59250.0,59270.0,第１乗降場,102.6,盛土式（乗降場）,0,102.6,0,3,3,100,100,0,0,対象
795,日田彦山線,00,無し,大行司,59250.0,59270.0,第二乗降場,101.2,盛土式（乗降場）,0,101.2,0,4.2,2,100,101,0,0,対象
795,日田彦山線,00,無し,宝珠山,61250.0,61270.0,第１乗降場,90.6,盛土式（乗降場）,0,90.6,0,3,2.7,90.6,180,0,0,対象
795,日田彦山線,00,無し,大鶴,62810.0,62830.0,第１乗降場,90.2,盛土式（乗降場）,0,90.2,0,2.9,2.9,90.2,180,0,0,対象
795,日田彦山線,00,無し,今山,65380.0,65400.0,今山第１乗降場,90.3,盛土式（乗降場）,0,90.3,0,3.8,3.6,90,180,0,0,対象
823,日南線,00,無し,田吉,2020.0,2020.0,田吉駅,115.3,盛土式（乗降場）,0,115.3,0,3,2,226,232,6.3,204.6,対象
823,日南線,00,無し,南方,4230.0,4230.0,第一乗降場,90,盛土式（乗降場）,0,90,0,2.8,2.4,90.6,90.6,0,0,対象
823,日南線,00,無し,木花,7450.0,7450.0,第一乗降場,78.7,盛土式（乗降場）,0,78.7,0,4,3.4,164,164,0,0,対象
823,日南線,00,無し,運動公園,8925.0,8925.0,第一乗降場,89.7,盛土式（乗降場）,0,89.7,0,4.8,2.9,90,90,0,0,対象
823,日南線,00,無し,曽山寺,10150.0,10150.0,第一乗降場,76.1,盛土式（乗降場）,0,76.1,0,2.6,2.6,90,90,0,0,対象
823,日南線,00,無し,子供の国,11390.0,11390.0,第一乗降場,69.3,盛土式（乗降場）,0,69.3,0,3.5,1.65,70,70,0,0,対象
823,日南線,00,無し,青島,12680.0,12680.0,第一乗降場,129.8,盛土式（乗降場）,0,129.8,0,4.95,3.4,130,130,0,0,対象
823,日南線,00,無し,青島,12680.0,12680.0,第二乗降場,90.5,盛土式（乗降場）,0,90.5,0,6.2,3.4,180,180,0,0,対象
823,日南線,00,無し,折生迫,13820.0,13820.0,第一乗降場,70,盛土式（乗降場）,0,70,0,2,2,110,110,0,0,対象
823,日南線,00,無し,内海,17450.0,17450.0,第一乗降場,75.8,盛土式（乗降場）,0,75.8,0,4,2,90,90,0,0,対象
823,日南線,00,無し,小内海,19910.0,19910.0,第一乗降場,90.2,盛土式（乗降場）,0,90.2,0,2.3,1.8,90,90,0,0,対象
823,日南線,00,無し,伊比井,23320.0,23320.0,第一乗降場,86.9,盛土式（乗降場）,0,86.9,0,3.9,2.5,174,174,0,0,対象
823,日南線,00,無し,北郷,32540.0,32540.0,第一乗降場,85.7,盛土式（乗降場）,0,85.7,0,3,2.25,176,176,0,0,対象
823,日南線,00,無し,内之田,37090.0,37090.0,第一乗降場,90.4,盛土式（乗降場）,0,90.4,0,9,2,90.1,90.1,0,0,対象
823,日南線,00,無し,飫肥,39780.0,39780.0,第一乗降場,85.7,盛土式（乗降場）,0,85.7,0,4.5,3.15,165.8,165.8,0,0,対象
823,日南線,00,無し,日南,43770.0,43770.0,第一乗降場,65.4,盛土式（乗降場）,0,65.4,0,3.4,2.1,55.3,55.3,0,0,対象
823,日南線,00,無し,油津,45990.0,45990.0,第一乗降場,89.9,盛土式（乗降場）,0,89.9,0,5,4.8,180,180.4,0,0,対象
823,日南線,00,無し,大堂津,50280.0,50280.0,第一乗降場,69,盛土式（乗降場）,0,69,0,3,2.4,50.4,50.4,0,0,対象
823,日南線,00,無し,大堂津,50280.0,50280.0,第二乗降場,69,盛土式（乗降場）,0,69,0,2,1.8,50.2,50.2,0,0,対象
823,日南線,00,無し,南郷,52990.0,52990.0,第一乗降場,80,盛土式（乗降場）,0,80,0,3,2.2,80.2,80.2,0,0,対象
823,日南線,00,無し,谷之口,56110.0,56110.0,第一乗降場,77,盛土式（乗降場）,0,77,0,2.3,1.5,80,80,0,0,対象
823,日南線,00,無し,榎原,60460.0,60460.0,第一乗降場,51.7,盛土式（乗降場）,0,51.7,0,5.3,1.5,57.4,57.4,0,0,対象
823,日南線,00,無し,榎原,60460.0,60460.0,第二乗降場,78.3,盛土式（乗降場）,0,78.3,0,3,2.2,80.8,80.8,0,0,対象
823,日南線,00,無し,日向大束,68610.0,68610.0,第一乗降場,80.5,盛土式（乗降場）,0,80.5,0,4.4,1.3,80.4,80.4,0,0,対象
823,日南線,00,無し,日向大束,68610.0,68610.0,第二乗降場,71.2,盛土式（乗降場）,0,71.2,0,3,1.35,0,0,0,0,対象
823,日南線,00,無し,日向北方,71830.0,71830.0,第一乗降場,68.5,盛土式（乗降場）,0,68.5,0,4.3,0.9,0,0,0,0,対象
823,日南線,00,無し,串間,74430.0,74430.0,第一乗降場,94,盛土式（乗降場）,0,94,0,7.8,3.8,0,80,0,0,対象
823,日南線,00,無し,福島今町,77190.0,77190.0,第一乗降場,85,盛土式（乗降場）,0,85,0,4.8,1.5,0,0,0,0,対象
823,日南線,00,無し,福島今町,77190.0,77190.0,第二乗降場,78.1,盛土式（乗降場）,0,78.2,0,3.5,1.5,0,0,0,0,対象
823,日南線,00,無し,福島高松,79630.0,79630.0,第一乗降場,79.7,盛土式（乗降場）,0,79.7,0,2.35,2,79.8,79.8,0,0,対象
823,日南線,00,無し,大隅夏井,84470.0,84470.0,第一乗降場,73.3,盛土式（乗降場）,0,73.3,0,5.2,1.9,0,0,0,0,対象
823,日南線,00,無し,志布志,88890.0,88890.0,第一乗降場,103,けた盛式（乗降場）,0,12.1,90.9,4.5,2,0,17.9,105,103,対象
824,宮崎空港線,00,無し,宮崎空港,3370.0,3370.0,宮崎空港駅,174.5,けた式（乗降場）,0,0,174.5,4.15,3.15,354.8,0,0,709.2,対象
825,吉都線,00,無し,日向庄内,4070.0,4070.0,第一乗降場,150.3,盛土式（乗降場）,0,150.3,0,3.8,2,150.3,150.3,0,0,対象
825,吉都線,00,無し,谷頭,7080.0,7080.0,第一乗降場,122.2,盛土式（乗降場）,0,122.2,0,8.2,8.2,244.4,244.4,0,0,対象
825,吉都線,00,無し,万ヶ塚,10600.0,10600.0,第一乗降場,120,盛土式（乗降場）,0,120,0,4.9,4.9,120,121,0,0,対象
825,吉都線,00,無し,東高崎,13530.0,13520.0,第一乗降場,90,盛土式（乗降場）,0,90,0,2.6,2.6,90,90,0,0,対象
825,吉都線,00,無し,高崎新田,17740.0,17730.0,第一乗降場,122,盛土式（乗降場）,0,122,0,8.2,8.2,244,244,0,0,対象
825,吉都線,00,無し,日向前田,22200.0,22190.0,第一乗降場,60,盛土式（乗降場）,0,60,0,5,5,60,60,0,0,対象
825,吉都線,00,無し,高原,26770.0,26750.0,第一乗降場,140,盛土式（乗降場）,0,140,0,8.2,8.2,280,280,0,0,対象
825,吉都線,00,無し,広原,30740.0,30720.0,第一乗降場,70,盛土式（乗降場）,0,70,0,2.9,2.1,70,70,0,0,対象
825,吉都線,00,無し,小林,34750.0,34730.0,第一乗降場,171.2,盛土式（乗降場）,0,171.2,0,8.2,7.5,342.2,342.2,0,0,対象
825,吉都線,00,無し,西小林,40920.0,40900.0,第一乗降場,119.4,盛土式（乗降場）,0,119.4,0,3.5,1.5,119.4,119.4,0,0,対象
825,吉都線,00,無し,えびの飯野,46540.0,46520.0,第一乗降場,122,盛土式（乗降場）,0,122,0,8.3,8.1,244,244,0,0,対象
825,吉都線,00,無し,えびの上江,48560.0,48540.0,第一乗降場,60,盛土式（乗降場）,0,60,0,3,3,60,60,0,0,対象
825,吉都線,00,無し,えびの,51910.0,51890.0,第一乗降場,136.4,盛土式（乗降場）,0,136.4,0,8,8,257.8,257.8,29.8,0,対象
825,吉都線,00,無し,京町温泉,56580.0,56560.0,第一乗降場,171.9,盛土式（乗降場）,0,171.9,0,6.1,3.9,341.9,341.9,0,0,対象
825,吉都線,00,無し,鶴丸,58960.0,58940.0,第一乗降場,60,盛土式（乗降場）,0,60,0,5.5,2.2,60,60,0,0,対象
831,筑豊本線,00,無し,若松,0.0,0.0,若松駅,257.7,盛土式（乗降場）,0,257.7,0,9.6,8.7,553.4,553.4,0,119.1,対象
831,筑豊本線,00,無し,藤ノ木,2860.0,2840.0,第１乗降場,130.5,盛土式（乗降場）,0,130.5,0,5,1.5,130.2,130.2,0,80,対象
831,筑豊本線,00,無し,藤ノ木,2860.0,2840.0,第２乗降場,130.3,盛土式（乗降場）,0,130.7,0,4.5,2.1,130.4,130.4,0,90,対象
831,筑豊本線,00,無し,奥洞海,4550.0,4520.0,第１乗降場,152.7,けた盛式（乗降場）,0,147.4,4,9.9,2.1,147.4,147.4,0,0,対象
831,筑豊本線,00,無し,奥洞海,4550.0,4520.0,第２乗降場,152.2,けた盛式（乗降場）,0,147.4,4,4.8,1.5,147.4,147.4,0,0,対象
831,筑豊本線,00,無し,二島,6260.0,6230.0,第１乗降場,122.6,盛土式（乗降場）,0,122.6,0,3.2,2.2,121.4,121.4,117.8,126.5,対象
831,筑豊本線,00,無し,二島,6260.0,6230.0,第２乗降場,126.9,けた盛式（乗降場）,0,116.5,5.4,4.4,2.1,121.9,116.5,132.9,128.2,対象
831,筑豊本線,00,無し,本城,9260.0,9230.0,乗降場,91.4,盛土式（乗降場）,0,91.6,0,5.4,3.6,182.6,184.1,2.7,187.3,対象
831,筑豊本線,00,無し,折尾,10770.0,10740.0,第１乗降場,158.7,けた盛式（乗降場）,0,137.2,20,7.8,1.9,157.2,157.2,0,0,対象
831,筑豊本線,00,無し,折尾,10770.0,10740.0,第２乗降場,191.5,けた盛式（乗降場）,0,143.7,45.7,8.4,1.8,189.4,189.4,0,0,対象
831,筑豊本線,00,無し,東水巻,13430.0,13400.0,第１乗降場,170.7,けた盛式（乗降場）,0,72.5,86.5,18.6,2,159,159,90.7,157,対象
831,筑豊本線,00,無し,東水巻,13430.0,13400.0,第２乗降場,159.2,けた盛式（乗降場）,0,90,69,18.6,2,159,159,92.5,157,対象
831,筑豊本線,00,無し,中間,14880.0,14850.0,第１乗降場,165.6,盛土式（乗降場）,0,162.7,0,5.9,2.5,200.4,200.4,0,137,対象
831,筑豊本線,00,無し,筑前垣生,16350.0,16320.0,乗降場,163.5,けた盛式（乗降場）,228,100.8,25,4.1,2,201.6,201.6,2,0,対象
831,筑豊本線,00,無し,鞍手,18740.0,18710.0,第１乗降場,78.1,盛土式（乗降場）,0,90.5,0,6.3,2.4,90,90,0,95.3,対象
831,筑豊本線,00,無し,鞍手,18740.0,18710.0,第２乗降場,110.5,盛土式（乗降場）,0,90.4,0,7.7,2.4,90.4,90.4,0,97.5,対象
831,筑豊本線,00,無し,筑前植木,21230.0,21200.0,第１乗降場,170.1,けた盛式（乗降場）,0,167.3,3.7,5.1,1.8,167.3,167.3,0,12.7,対象
831,筑豊本線,00,無し,筑前植木,21230.0,21200.0,第２乗降場,178.9,盛土式（乗降場）,0,179,0,6.8,2,178.6,178.6,0,9.3,対象
831,筑豊本線,00,無し,新入,22840.0,22810.0,第１乗降場,155,けた式（乗降場）,0,0,154.8,3,2,0,0,145.9,0,対象
831,筑豊本線,00,無し,新入,22840.0,22810.0,第２乗降場,155.1,けた式（乗降場）,0,0,155.4,3.1,2,0,0,145.9,0,対象
831,筑豊本線,00,無し,直方,24770.0,24740.0,第１乗降場,222.7,盛土式（乗降場）,0,223,0,8.2,6.9,465.5,465.5,0,206.6,対象
831,筑豊本線,00,無し,直方,24770.0,24740.0,第２乗降場,199.1,盛土式（乗降場）,0,199,0,8.2,7.6,419.4,419.4,0,200.8,対象
831,筑豊本線,00,無し,勝野,27450.0,27420.0,乗降場,145.5,盛土式（乗降場）,0,145.6,0,4,3.4,290,290,2.4,313.5,対象
831,筑豊本線,00,無し,小竹,31290.0,31260.0,乗降場,145.6,盛土式（乗降場）,0,145.9,0,8,8,290,306.6,7,312.7,対象
831,筑豊本線,00,無し,鯰田,34720.0,34690.0,第１乗降場,200,盛土式（乗降場）,0,170.6,0,6.7,1.5,170.3,170.3,0,148.7,対象
831,筑豊本線,00,無し,鯰田,34720.0,34690.0,第２乗降場,172.5,盛土式（乗降場）,0,170.7,0,6.3,1.9,172.6,172.6,0,159.8,対象
831,筑豊本線,00,無し,浦田,36220.0,36190.0,第１乗降場,155,けた式（乗降場）,0,0,155,3,2,0,0,144.5,66.2,対象
831,筑豊本線,00,無し,浦田,36220.0,36190.0,第２乗降場,154.7,けた式（乗降場）,0,0,154.7,3,2,0,0,145.7,62.9,対象
831,筑豊本線,00,無し,新飯塚,37640.0,37610.0,第１乗降場,223.4,盛土式（乗降場）,0,221.6,0,5.2,2,221,221,0,101.5,対象
831,筑豊本線,00,無し,新飯塚,37640.0,37610.0,第２乗降場,146.7,盛土式（乗降場）,0,221.2,0,7.3,1.5,339.4,339.4,0,104.6,対象
831,筑豊本線,00,無し,飯塚,39440.0,39410.0,第１乗降場,186,盛土式（乗降場）,0,133,112,5.8,2.3,133,133,3.2,143.9,対象
831,筑豊本線,00,無し,飯塚,39440.0,39410.0,第２乗降場,245.9,けた盛式（乗降場）,0,184.4,0,6.4,4.7,358.9,358.9,7.5,228.5,対象
831,筑豊本線,00,無し,天道,42290.0,42260.0,第１乗降場,145,盛土式（乗降場）,0,140.2,0,6.7,2,140,140,12.8,150,対象
831,筑豊本線,00,無し,天道,42290.0,,第２乗降場,155,盛土式（乗降場）,0,154.5,0,4.7,2.1,155,155,0,158.6,対象
831,筑豊本線,00,無し,桂川,45270.0,45240.0,第１乗降場,133.2,盛土式（乗降場）,0,133.2,0,6.1,2,139.7,139.7,106,107.8,対象
831,筑豊本線,00,無し,桂川,45270.0,45240.0,第２乗降場,155.5,盛土式（乗降場）,0,155.6,0,5.6,4.4,282.2,282.2,0,201.1,対象
831,筑豊本線,00,無し,上穂波,48080.0,48050.0,第１乗降場,99.8,盛土式（乗降場）,0,99.8,0,4.8,3.9,100.1,100.1,0,0,対象
831,筑豊本線,00,無し,筑前内野,51210.0,51180.0,第１乗降場,100.3,盛土式（乗降場）,0,100.3,0,4.6,3,100.3,100.3,0,0,対象
831,筑豊本線,00,無し,筑前山家,61370.0,61340.0,第１乗降場,99.7,盛土式（乗降場）,0,99.7,0,4.3,4.3,100.1,100.1,0,0,対象
831,筑豊本線,42,準本２番,中間,14880.0,14850.0,第２乗降場,133,けた盛式（乗降場）,0,116.4,15,6.3,4.3,316.8,316.8,0,524,対象
851,後藤寺線,00,無し,上三緒,3070.0,3070.0,第一乗降場,77.2,盛土式（乗降場）,0,77.2,0,2.8,2.5,0,0,0,0,対象
851,後藤寺線,00,無し,下鴨生,5000.0,5000.0,第一乗降場,77.1,盛土式（乗降場）,0,77.1,0,5,4.9,154.2,154.2,0,0,対象
851,後藤寺線,00,無し,筑前庄内,6190.0,6190.0,第一乗降場,63,盛土式（乗降場）,0,63,0,4.2,1.2,63,63,0,0,対象
851,後藤寺線,00,無し,船尾,9840.0,9840.0,第一乗降場,70,盛土式（乗降場）,0,70,0,2.4,2,70,70,0,0,対象
