CODE,NAME,SORT_ORDER,KIROTEI_Z_MIN,KIROTEI_Z_MAX
103,九州新幹線,2,1069000,1326000
291,山陽本線,1,530300,535000
711,鹿児島本線,3,0,400000
712,鹿児島貨物,4,5400,30940
717,鹿児島アプローチ線,28,229800,230920
723,香椎線,8,0,25100
725,篠栗線,9,0,25100
731,筑肥線,10,11900,86000
737,三角線,11,0,25700
741,肥薩線,12,0,123200
747,指宿枕崎線,13,0,87820
753,長崎本線,14,0,131940
754,長崎旧線,15,107400,130340
761,唐津線,16,0,42500
767,佐世保線,17,20,49360
781,大村線,18,20,47580
783,久大本線,19,780,140700
786,豊肥本線,20,100,147900
791,日豊本線,21,0,462040
795,日田彦山線,22,0,68640
823,日南線,23,0,88900
824,宮崎空港線,24,2500,3400
825,吉都線,25,0,61580
831,筑豊本線,26,0,66080
851,後藤寺線,27,0,13200
